S_CTUID,1698,1699,1700,1705,1708,1711,1851,1854,1857
5350006,,,,,,,,,
5350205,,,,,,,,,
5350412.21,,,,,,,,,
5350612.01,,,,,,,,,
5350612.1,,,,,,,,,
5350011,14175,200,1150,1380,7125,2765,14170,10305,2515
5350576.71,12720,1200,2545,2330,3795,1340,12720,4400,4575
5350576.7,10625,920,2305,2170,2970,1205,10625,3720,3685
5350620.12,9710,385,1665,2365,3165,1025,9715,4725,2940
5350300,9455,160,1015,1235,3965,1820,9450,4965,3305
5350012.01,8600,170,1040,1210,3840,1405,8600,5535,1850
5350210.02,8250,305,1160,1825,2940,875,8250,5130,1660
5350008.02,7875,200,825,1530,3355,1160,7875,5455,1390
5350016,7680,200,810,1105,3290,1330,7680,5550,1125
5350424.14,7500,320,1045,1460,2830,835,7500,3610,2525
5350065.02,7250,825,1620,1245,1730,735,7250,2025,2785
5350576.42,7040,785,1600,1605,1720,555,7040,2570,2075
5350586.01,6960,710,1790,1765,1420,575,6965,3300,1155
5350403.15,6935,460,1195,1165,2705,680,6935,3795,1485
5350413.02,6900,735,1410,1505,1785,520,6900,3440,1315
5350403.07,6815,675,1305,1240,2215,720,6810,2815,2015
5350012.03,6795,60,560,810,3310,1310,6790,4770,1405
5350008.01,6655,60,605,1155,3180,1020,6655,5015,970
5350308.04,6560,200,990,800,2650,1105,6565,3065,2305
5350620.11,6485,290,1105,1485,2150,635,6490,3165,1920
5350620.1,6460,255,1025,1415,2190,780,6465,3135,2040
5350527.01,6325,325,1035,1180,2155,885,6330,2600,2380
5350576.1,6295,885,1745,1115,1350,565,6300,1830,1835
5350044,6280,415,995,1035,2400,810,6275,4120,750
5350411.18,6210,375,935,1070,1950,805,6210,2765,2130
5350305.04,6175,140,780,1030,2520,900,6175,3180,2070
5350225.02,6165,445,1125,1215,1825,715,6160,2755,1835
5350480.02,6165,970,1720,1405,1135,200,6165,2810,660
5350035,5970,140,510,465,2205,1165,5975,3550,1780
5350442.06,5945,270,1120,1280,1970,590,5945,3065,1495
5350576.61,5930,1005,1495,980,1380,410,5930,1630,1800
5350403.11,5920,675,1300,1125,1715,590,5915,2460,1490
5350288,5875,255,1170,1155,2000,485,5880,2590,1855
5350010.02,5795,255,645,955,2425,870,5795,4045,845
5350013.02,5785,40,520,620,2450,1330,5790,3670,1555
5350520.1,5710,220,910,1005,2065,745,5705,2250,2330
5350128.02,5675,120,540,810,2350,1125,5675,3705,1315
5350370.01,5600,770,1330,1075,1345,465,5600,1765,1730
5350424.15,5560,295,960,1115,1825,680,5560,2440,1865
5350403.14,5515,515,1255,955,1710,550,5515,2345,1405
5350400.19,5450,335,1050,1070,2000,455,5455,2920,1150
5350017,5445,235,820,1040,1895,745,5440,3580,800
5350377.01,5440,670,1335,955,1485,450,5440,2030,1400
5350050.01,5405,125,625,890,2100,925,5400,3530,1120
5350190.01,5315,475,965,790,1285,1190,5310,1270,2595
5350576.24,5300,600,1490,975,1240,390,5300,1940,1265
5350576.32,5255,600,1520,1275,930,275,5255,2080,1050
5350403.12,5200,530,990,835,1830,425,5200,2515,1170
5350413.01,5180,385,1250,1085,1380,355,5175,2880,660
5350400.22,5160,525,1125,1050,1520,425,5160,2245,1270
5350620.01,5160,335,1100,1230,1470,440,5160,2390,1330
5350576.72,5155,375,1015,985,1530,600,5150,2010,1755
5350527.03,5130,350,985,900,1590,570,5130,1950,1845
5350516.49,5050,245,690,935,1825,680,5050,1840,2270
5350318,4995,235,970,760,1695,510,5000,1955,1840
5350412.19,4985,435,1365,1185,1150,250,4985,2645,535
5350528.1,4985,390,1125,980,1265,485,4985,1875,1595
5350610.02,4980,90,755,995,1760,710,4980,2895,1250
5350424.16,4820,170,635,765,1920,695,4820,2130,1885
5350247.01,4790,575,1235,1010,985,440,4790,1810,1165
5350481.01,4750,640,1225,1350,830,160,4750,2360,525
5350062.02,4715,100,420,350,1995,1005,4710,2940,1250
5350013.01,4700,55,430,480,2195,975,4700,3345,880
5350401.22,4700,715,1215,775,1245,350,4700,1795,975
5350092,4695,120,475,580,1780,1035,4695,3210,885
5350528.37,4695,415,815,940,1350,650,4695,1810,1660
5350066,4680,175,860,890,1490,625,4685,2825,825
5350412.22,4680,465,1075,1210,1045,280,4680,2450,680
5350576.64,4670,835,1270,865,885,285,4670,1405,1155
5350411.19,4665,105,590,725,1685,785,4665,2335,1630
5350424.05,4660,265,780,885,1585,495,4660,2050,1565
5350516.42,4655,255,725,810,1630,600,4660,1580,2095
5350400.23,4650,625,1225,900,1090,320,4650,1550,1250
5350424.07,4640,145,690,800,1680,605,4640,1880,1930
5350412.24,4635,685,1000,1025,1070,270,4635,2085,860
5350412.02,4605,435,1155,1145,970,180,4610,2540,480
5350401.09,4595,305,830,710,1555,630,4595,2010,1460
5350169.02,4585,370,890,795,1415,420,4585,1860,1465
5350098,4565,665,895,745,1235,475,4570,2510,500
5350576.58,4565,610,1355,830,945,400,4565,1160,1445
5350593,4520,385,1190,1390,755,175,4520,2650,290
5350363.06,4510,315,970,1105,1260,400,4505,1845,1380
5350420.05,4495,305,835,645,1630,495,4490,2000,1355
5350136.01,4470,200,660,865,1645,520,4470,2560,1050
5350576.6,4465,690,1100,635,1215,415,4465,1255,1420
5350485.01,4455,490,1520,1160,690,115,4455,2210,235
5350520.09,4425,205,670,750,1590,640,4430,1720,1840
5350620.08,4420,250,715,1130,1325,500,4415,2070,1375
5350424.11,4405,225,920,995,1245,405,4405,2175,1080
5350099,4400,175,650,700,1590,635,4400,2515,1060
5350307.04,4395,80,440,500,1875,855,4395,1970,1905
5350455,4395,290,1160,1290,940,155,4395,2540,405
5350472,4395,570,1405,1200,555,115,4395,2170,250
5350175.02,4370,850,1270,1015,515,150,4370,1475,780
5350004,4360,695,1045,905,930,275,4365,2090,535
5350528.48,4360,550,880,695,1285,530,4365,1245,1690
5350576.41,4350,420,1020,1070,960,335,4355,1645,1270
5350528.36,4345,785,1245,595,945,405,4345,800,1515
5350420.14,4325,200,695,830,1490,500,4325,1925,1505
5350450.03,4320,325,1070,1225,1010,240,4320,2475,450
5350185.01,4310,445,865,880,1130,465,4310,2140,865
5350528.25,4300,330,865,875,1330,355,4300,1515,1595
5350378.25,4285,770,1200,860,780,205,4285,1395,920
5350423.02,4280,215,715,850,1385,470,4280,2300,1050
5350576.4,4275,645,1060,720,1010,390,4275,1170,1410
5350401.14,4270,265,910,715,1450,500,4270,2090,1005
5350029,4250,645,770,740,1265,450,4250,2335,500
5350342,4225,540,1000,905,955,340,4225,1500,1190
5350430.07,4220,310,990,1025,1165,255,4220,2290,630
5350450.06,4220,225,645,890,1365,510,4220,2345,1005
5350133,4215,150,735,665,1280,500,4210,1970,1355
5350378.03,4210,480,1225,1095,850,200,4210,1540,960
5350005,4200,455,815,900,1260,330,4205,2420,515
5350528.41,4200,430,1040,730,1115,380,4200,1290,1435
5350137,4195,65,465,600,1805,705,4200,2815,850
5350461.02,4175,275,1155,1060,920,220,4175,2495,255
5350026,4170,435,765,815,1295,470,4170,2520,440
5350403.01,4170,275,870,720,1420,410,4165,1930,1090
5350161,4165,965,1070,820,645,140,4160,1390,740
5350528.02,4145,455,950,675,1160,375,4140,1370,1375
5350576.56,4145,610,1275,705,790,280,4145,1305,960
5350411.17,4135,160,485,755,1565,615,4130,1960,1530
5350576.06,4135,455,1205,1050,785,235,4130,1720,750
5350424.08,4125,205,650,675,1400,600,4125,1915,1350
5350550.02,4125,380,835,845,1095,385,4130,2005,905
5350213.02,4120,115,580,825,1630,470,4120,2365,1060
5350010.01,4115,135,525,685,1800,505,4110,2910,545
5350411.3,4115,195,540,625,1460,650,4120,1925,1455
5350612.24,4115,130,480,615,1530,740,4115,2235,1275
5350576.67,4110,570,1230,895,785,270,4110,1130,1175
5350335,4105,405,1130,965,875,350,4105,1670,905
5350371,4105,435,1190,910,790,200,4105,1700,785
5350079,4095,160,660,810,1445,530,4095,2840,435
5350442.05,4090,225,730,960,1200,310,4085,2190,945
5350297.01,4080,180,785,770,1225,415,4080,1720,1395
5350361.02,4080,210,770,975,1340,330,4075,2190,905
5350024,4075,145,635,720,1540,530,4080,2760,540
5350482,4065,375,1145,1245,600,100,4070,2265,270
5350516.46,4065,190,505,580,1695,495,4065,1405,1965
5350301.03,4060,185,515,550,1475,785,4065,1390,1970
5350473.02,4045,625,1465,940,385,55,4045,1760,195
5350028.02,4040,310,655,615,1580,510,4040,2640,435
5350369,4040,740,1190,815,600,265,4040,1265,845
5350441.03,4035,200,820,945,1230,300,4035,2410,605
5350250.05,4020,1340,1110,620,490,145,4020,810,760
5350576.22,4020,715,1165,705,770,270,4020,1135,1005
5350280,4015,765,1175,840,625,105,4015,1295,780
5350053,4010,610,770,645,1160,405,4005,2205,420
5350456.02,4010,335,965,1200,835,205,4005,2280,430
5350180,4005,455,990,845,875,360,4005,1640,925
5350575.05,3970,445,1140,1025,640,190,3970,1500,880
5350215,3960,280,750,875,1170,370,3960,2290,640
5350359,3960,660,1145,985,535,170,3965,1400,755
5350368.01,3960,260,825,840,1330,355,3955,1910,970
5350585.05,3960,380,930,1235,775,175,3960,2385,275
5350422.03,3955,175,680,700,1495,495,3950,1870,1230
5350516.22,3950,270,790,865,1145,365,3950,1815,1075
5350520.02,3950,420,745,895,1175,295,3945,1495,1285
5350401.18,3945,305,925,705,1245,400,3945,2010,705
5350174,3940,835,1115,910,485,150,3940,1275,715
5350401.11,3935,725,1010,825,810,205,3935,1520,685
5350340,3930,450,945,800,850,450,3930,1370,1155
5350528.18,3930,375,910,735,1045,355,3925,1515,1130
5350528.46,3925,260,780,620,1280,480,3925,1140,1750
5350422.05,3920,230,595,515,1410,605,3920,1545,1550
5350401.19,3910,1215,1160,515,725,130,3915,1000,535
5350317.02,3905,255,810,840,1010,295,3905,940,1900
5350430.05,3895,320,810,920,1150,280,3890,2215,550
5350516.09,3895,225,920,1015,825,290,3895,1860,890
5350612.22,3890,115,500,725,1430,620,3890,2025,1245
5350332,3875,650,1055,800,660,210,3880,1385,785
5350528.39,3875,185,780,840,1185,455,3875,1650,1260
5350247.02,3865,485,1055,820,735,240,3865,1420,910
5350412.18,3865,275,990,830,1010,250,3870,2285,320
5350245,3860,565,1165,865,665,140,3865,1425,705
5350378.28,3855,520,1250,885,660,125,3860,1535,555
5350054,3850,415,635,705,1160,470,3855,2195,610
5350576.05,3845,605,1095,865,680,180,3845,1405,735
5350336,3835,455,1175,835,625,245,3835,1585,620
5350402.12,3825,240,785,625,1420,365,3825,1810,990
5350411.24,3815,540,990,820,770,280,3815,1355,925
5350376.05,3810,1145,1085,460,730,155,3815,1080,505
5350620.06,3810,185,745,955,1185,265,3810,1875,1005
5350410.13,3805,80,600,625,1390,445,3800,2200,920
5350485.02,3805,690,1410,915,355,45,3805,1595,110
5350585.07,3805,310,915,1000,945,195,3810,2280,300
5350063.06,3800,185,545,615,1370,580,3800,2130,945
5350135,3795,75,405,520,1485,830,3800,2480,835
5350292,3795,895,1160,725,475,85,3795,1185,560
5350430.06,3795,345,900,995,1005,185,3795,1915,635
5350375.05,3790,355,760,885,1045,260,3790,1680,995
5350400.12,3790,390,980,795,945,280,3795,1735,690
5350410.03,3785,100,525,590,1440,495,3785,2040,1120
5350451.03,3770,325,895,1015,820,170,3770,1970,585
5350600.02,3770,155,625,835,1180,475,3770,2145,845
5350167.02,3760,220,585,785,1130,510,3760,2120,840
5350576.62,3760,850,1120,635,630,240,3760,910,880
5350612.12,3760,135,685,840,1235,395,3755,2245,690
5350012.04,3755,55,320,535,1650,755,3760,2420,965
5350378.07,3755,545,1050,700,810,245,3760,1215,950
5350612.15,3755,85,385,640,1480,570,3755,2030,1245
5350097.04,3750,700,730,695,940,325,3750,1940,375
5350576.17,3735,520,1025,805,730,290,3735,1235,945
5350440,3730,185,780,785,1175,265,3730,2095,670
5350063.03,3725,85,425,455,1480,665,3725,2210,1005
5350420.03,3725,355,845,635,995,360,3725,1360,1165
5350460.01,3725,185,800,855,1115,285,3730,2255,490
5350516.26,3720,315,945,810,980,245,3720,1635,820
5350311.05,3715,505,910,715,775,340,3715,1230,1065
5350031,3710,815,850,545,805,325,3710,1305,745
5350301.04,3705,220,610,615,1265,560,3705,1500,1380
5350339,3700,190,680,830,1160,425,3700,2435,395
5350562.12,3700,445,1040,830,720,310,3700,1045,1170
5350222.01,3695,205,810,810,1105,390,3695,1795,890
5350411.09,3695,320,665,750,1125,325,3700,1395,1320
5350501.02,3695,105,635,705,1195,515,3695,2175,775
5350164,3690,420,700,690,1000,405,3695,1940,635
5350520.08,3685,310,855,725,1035,265,3685,1295,1225
5350421.01,3680,160,690,690,1175,420,3680,1770,1060
5350516.2,3675,230,815,900,1045,295,3675,1770,855
5350575.03,3675,620,1165,850,455,175,3675,1295,595
5350284,3670,575,1070,655,790,105,3670,1200,820
5350572.01,3665,515,990,980,600,210,3660,1740,415
5350637,3665,310,945,940,765,195,3670,2160,255
5350511.01,3660,465,1030,680,730,325,3660,985,1180
5350576.2,3655,610,1105,660,605,320,3655,980,965
5350576.5,3655,450,985,830,730,265,3655,1275,945
5350078,3650,295,620,740,1180,380,3650,2350,385
5350401.13,3645,1135,1065,535,520,85,3645,1000,440
5350576.16,3645,450,1005,805,830,250,3640,1245,945
5350592.01,3645,505,1125,975,575,85,3645,1860,150
5350206.02,3640,360,835,875,905,290,3645,1860,590
5350516.38,3640,260,655,685,1155,455,3640,1445,1280
5350615,3640,125,490,590,1345,570,3640,1785,1245
5350108,3630,915,980,660,615,190,3630,1325,410
5350281.01,3625,860,990,710,465,70,3630,1225,550
5350516.4,3625,230,700,875,1100,325,3625,1580,1110
5350211,3620,450,970,875,710,185,3620,1805,395
5350236.01,3615,440,905,685,750,270,3610,1420,845
5350194.04,3610,380,665,690,1115,385,3615,1280,1285
5350263.04,3610,200,670,680,1150,420,3615,1745,1000
5350317.04,3605,250,755,710,995,305,3605,910,1690
5350612.21,3605,100,475,625,1345,560,3600,1885,1145
5350513.01,3590,220,670,890,965,315,3590,1895,810
5350307.07,3585,120,575,475,1325,555,3585,1630,1260
5350451.06,3585,220,955,885,930,210,3580,1815,595
5350309,3580,260,705,800,1060,160,3585,960,1660
5350400.13,3575,720,1040,615,735,220,3580,1050,770
5350473.01,3570,395,1165,1100,480,75,3570,1870,145
5350528.34,3570,350,680,810,1045,270,3570,1455,1090
5350516.04,3565,255,865,820,815,365,3565,1320,1125
5350217,3555,390,845,830,660,315,3560,1195,1135
5350521.04,3555,365,825,920,760,245,3555,1495,875
5350036,3550,180,495,465,1340,515,3550,2225,650
5350528.33,3550,235,650,785,1075,345,3550,1705,965
5350561,3550,430,1015,890,620,235,3555,1375,730
5350109,3545,605,815,650,860,285,3545,1795,335
5350311.06,3535,165,735,570,1125,400,3535,1740,890
5350592.02,3535,195,1040,1205,630,110,3540,2135,170
5350122,3530,55,410,430,1390,770,3530,2290,775
5350260.01,3530,450,800,760,835,295,3535,1120,1165
5350278,3530,185,665,545,1130,420,3530,1790,890
5350576.43,3530,445,970,825,590,275,3530,1230,880
5350338,3525,350,840,860,820,255,3525,1925,410
5350574,3525,270,885,1045,695,240,3525,1885,485
5350576.55,3525,595,1010,600,715,240,3530,950,975
5350311.04,3520,685,950,715,570,65,3520,1150,735
5350573.03,3515,465,1085,950,490,100,3510,1415,545
5350575.04,3515,645,1270,815,405,50,3515,1175,425
5350230.02,3510,310,905,730,765,305,3510,1470,825
5350562.02,3510,320,1040,795,755,235,3510,1535,610
5350378.08,3505,800,985,715,570,120,3510,1090,630
5350431.02,3505,255,970,730,850,225,3505,1830,455
5350276.02,3490,115,415,340,1310,665,3485,2205,755
5350362.03,3490,355,825,840,790,215,3485,1600,710
5350231,3485,115,635,535,1250,475,3485,2270,465
5350297.02,3485,130,665,705,1020,400,3485,1865,830
5350576.59,3475,535,935,650,755,255,3475,875,1125
5350576.66,3475,685,1020,605,690,220,3475,880,895
5350293,3470,575,840,765,650,125,3470,1520,530
5350400.11,3470,620,970,595,770,180,3470,1160,725
5350475,3470,485,1040,1040,335,80,3470,1770,170
5350531.02,3470,635,890,885,525,235,3470,1105,840
5350051,3460,145,525,540,1350,510,3460,2385,410
5350154,3460,605,865,755,580,185,3460,1500,495
5350516.05,3460,270,990,830,755,155,3460,1535,670
5350136.02,3450,125,530,500,1350,575,3450,1900,895
5350299.01,3450,105,545,505,1270,550,3450,1960,840
5350513.02,3450,485,955,655,725,205,3450,1070,935
5350563.01,3450,465,930,765,610,305,3450,845,1200
5350175.01,3440,780,895,840,400,75,3440,1285,480
5350200.01,3440,405,745,680,825,310,3445,1445,855
5350320.02,3440,195,780,615,975,290,3440,1005,1465
5350410.14,3440,140,535,730,1075,355,3440,1615,1150
5350365,3430,550,970,585,715,230,3430,980,925
5350516.48,3430,200,395,380,1495,505,3430,955,1880
5350034.02,3425,155,490,575,1235,490,3420,2165,615
5350412.26,3425,580,715,655,855,190,3425,1475,650
5350560,3415,630,1060,785,405,140,3410,1235,490
5350262.02,3405,445,780,750,765,235,3405,1305,875
5350400.14,3405,740,1110,555,605,125,3405,990,560
5350299.02,3400,60,325,405,1425,690,3400,1790,1220
5350262.01,3395,345,820,935,705,260,3395,1465,765
5350129,3385,60,275,415,1390,675,3380,2360,690
5350424.1,3380,165,625,835,915,275,3380,1785,800
5350528.4,3380,270,660,685,1095,335,3380,1505,940
5350410.05,3370,65,465,550,1280,435,3375,2020,825
5350378.16,3365,525,1020,710,605,120,3370,1130,695
5350484.02,3360,390,1115,995,400,70,3360,1750,105
5350307.06,3355,75,285,390,1470,580,3355,1485,1510
5350212,3350,345,855,860,705,205,3350,1790,360
5350250.04,3350,670,1035,695,385,135,3350,900,745
5350402.02,3350,170,535,535,1150,465,3345,1245,1400
5350201,3345,220,575,740,1005,360,3345,1810,745
5350272.01,3340,410,855,710,710,165,3345,1005,1070
5350341.04,3340,510,830,605,610,425,3335,985,1010
5350540.02,3335,200,705,755,930,320,3330,1865,560
5350576.34,3335,405,980,850,525,190,3340,1205,745
5350612.03,3335,115,490,670,1185,445,3335,1950,775
5350302.01,3330,155,640,600,1170,315,3330,1500,1030
5350324.02,3330,175,495,625,1100,510,3330,1395,1265
5350573.07,3330,490,1045,875,480,120,3335,1395,410
5350103,3325,60,310,495,1310,735,3325,2450,510
5350237.01,3325,315,1010,705,675,210,3320,1070,925
5350420.13,3325,80,460,595,1365,345,3325,1625,1165
5350585.02,3315,340,1040,850,530,70,3315,1720,215
5350239,3310,400,865,820,650,140,3315,1500,545
5350528.22,3310,530,925,575,695,310,3310,700,1150
5350366,3305,445,960,730,580,175,3305,995,900
5350622,3305,250,910,910,620,150,3305,1905,240
5350572.05,3300,355,685,665,870,315,3300,1080,1180
5350214,3295,145,600,670,1090,335,3295,2035,510
5350411.16,3295,205,790,795,775,235,3295,1740,565
5350378.27,3290,490,875,665,740,200,3295,1110,815
5350526.01,3290,515,860,660,570,245,3290,930,980
5350402.06,3285,235,660,600,1000,285,3285,1200,1190
5350450.05,3285,255,645,840,950,205,3285,1840,540
5350576.63,3285,565,895,475,785,260,3290,850,980
5350112,3280,765,685,505,595,280,3280,1445,385
5350357.01,3280,735,1055,575,525,100,3280,750,745
5350360,3280,370,760,825,655,220,3275,1480,670
5350377.04,3270,905,955,440,555,135,3270,830,580
5350420.11,3265,70,535,475,1175,460,3265,1610,1055
5350516.37,3265,190,665,775,995,265,3265,1330,1085
5350316.03,3260,1220,905,455,270,20,3265,760,380
5350362.01,3260,285,895,865,665,175,3255,1435,650
5350516.03,3260,260,870,870,730,195,3255,1395,735
5350573.09,3260,410,1020,655,630,200,3260,1040,790
5350575.08,3260,520,1030,685,505,170,3260,1070,645
5350093,3255,115,450,350,1130,725,3255,2230,455
5350349,3255,415,885,680,605,190,3255,1035,910
5350400.02,3255,125,620,770,1075,305,3255,2015,500
5350410.12,3255,125,595,680,985,315,3255,1375,1160
5350516.3,3245,90,425,435,1220,495,3245,1410,1325
5350302.02,3240,295,685,610,785,345,3240,1115,1140
5350801.02,3240,215,745,755,910,205,3235,1920,350
5350287.02,3235,220,720,545,965,220,3235,885,1410
5350304.06,3235,125,415,615,1120,450,3230,1260,1430
5350527.04,3235,170,725,710,870,345,3235,1615,725
5350104,3230,50,355,445,1285,690,3230,2390,440
5350182,3225,220,540,695,910,410,3225,2090,375
5350502.01,3220,360,855,790,575,200,3220,1385,620
5350516.41,3220,165,420,525,1155,510,3215,1195,1440
5350576.52,3220,335,915,675,685,265,3220,1070,900
5350378.06,3215,680,860,700,485,95,3215,970,700
5350587.01,3215,160,960,885,655,145,3220,1890,210
5350064,3205,145,430,585,1145,510,3205,1975,655
5350376.08,3205,580,765,685,630,220,3205,890,970
5350528.12,3205,225,580,765,935,295,3210,1445,955
5350021,3200,160,545,615,1025,405,3200,2020,475
5350523,3200,380,830,725,575,215,3200,1245,740
5350312.03,3195,770,1050,670,295,40,3195,1065,315
5350576.49,3195,455,825,720,605,180,3195,1030,890
5350062.01,3190,35,230,215,1160,955,3190,1825,1105
5350516.23,3190,170,645,735,980,255,3195,1625,750
5350576.69,3190,405,800,550,770,255,3190,955,1030
5350612.11,3190,70,460,670,1250,355,3190,1995,665
5350441.04,3185,115,665,805,940,195,3185,1930,475
5350378.11,3175,495,870,630,685,160,3175,920,880
5350501.01,3170,195,760,720,805,320,3170,1700,515
5350267,3165,70,255,330,1255,615,3165,1820,1015
5350521.01,3165,265,595,615,890,400,3165,1040,1270
5350638,3165,390,995,945,375,85,3165,1670,105
5350276.01,3160,160,380,540,1145,415,3160,1970,645
5350522,3160,440,735,695,710,200,3160,1260,730
5350528.45,3155,315,650,660,825,270,3155,1150,1040
5350346.02,3125,395,825,590,605,295,3125,810,1090
5350236.02,3120,165,650,630,925,285,3120,1475,840
5350362.02,3120,285,780,680,745,215,3125,1490,565
5350528.26,3120,430,715,570,840,285,3120,1075,895
5350626,3120,115,745,820,735,270,3120,1930,330
5350279.02,3115,770,905,550,350,90,3115,1060,380
5350430.08,3115,245,715,755,760,215,3115,1705,450
5350528.01,3115,235,580,605,1025,265,3115,1365,940
5350403.13,3110,255,585,675,980,255,3105,1390,885
5350474,3110,425,980,860,365,65,3115,1550,155
5350575.01,3110,460,1080,740,370,120,3110,1120,450
5350378.04,3105,475,795,580,685,220,3105,980,845
5350402.08,3105,80,510,430,1190,485,3105,1295,1220
5350056,3100,225,565,475,1125,375,3100,1930,370
5350516.01,3100,160,735,850,750,285,3095,1590,610
5350635,3100,230,820,875,620,160,3105,1820,230
5350461.01,3095,285,710,790,735,165,3095,1885,215
5350573.05,3090,500,1020,710,465,160,3090,1165,400
5350411.12,3085,300,805,775,615,145,3085,1490,495
5350412.01,3085,310,785,650,735,185,3085,1680,320
5350331.03,3080,645,865,575,370,265,3085,670,900
5350403.1,3080,235,615,635,1015,320,3075,1285,940
5350516.08,3080,320,785,715,655,200,3080,1210,765
5350802.02,3080,155,565,750,1015,245,3075,1815,540
5350007.02,3075,445,725,605,710,220,3075,1240,670
5350063.05,3070,60,340,380,1240,590,3070,1930,730
5350127,3070,60,385,410,1100,700,3065,2090,530
5350249.03,3065,505,890,600,530,180,3065,875,785
5350268,3065,105,565,560,1015,420,3065,1665,725
5350528.19,3065,370,635,600,825,320,3070,1120,945
5350091.01,3060,60,290,300,1145,725,3060,2010,700
5350244.01,3060,395,1080,675,430,75,3060,1245,345
5350128.06,3055,60,380,520,1150,550,3050,1465,1145
5350311.02,3055,660,855,610,475,75,3055,925,625
5350528.2,3055,355,810,670,710,210,3060,1110,780
5350128.04,3050,65,380,475,1170,575,3050,1960,650
5350142,3050,30,265,320,1255,660,3050,2235,525
5350348,3050,230,800,775,680,235,3045,1290,730
5350375.01,3050,405,785,620,675,205,3050,1080,785
5350411.04,3045,320,850,845,505,155,3045,1585,290
5350216,3040,100,405,530,1170,410,3040,2205,330
5350364.01,3040,370,800,815,590,150,3040,1165,700
5350412.2,3040,270,780,755,640,160,3040,1665,325
5350521.06,3040,245,645,575,790,370,3035,950,1195
5350540.01,3030,260,695,900,590,200,3030,1675,400
5350107,3025,850,785,545,380,135,3025,1100,285
5350412.1,3025,520,905,650,455,125,3030,1255,345
5350422.02,3025,340,730,735,555,205,3025,1100,855
5350102.02,3020,170,430,440,1035,500,3020,1605,805
5350094,3015,285,570,515,910,395,3010,1850,310
5350124,3010,80,385,425,1070,615,3010,1840,700
5350562.05,3010,390,970,705,540,110,3005,1020,620
5350168,3005,400,625,600,725,235,3005,1275,705
5350221.02,3005,340,615,690,735,235,3000,1340,710
5350303,3005,280,560,625,865,275,3005,820,1340
5350358.03,3005,570,740,695,555,115,3005,1075,625
5350512,3005,330,750,735,570,160,3010,1045,880
5350624,3005,270,870,920,440,115,3000,1630,235
5350351.01,3000,430,805,735,540,180,2995,1060,705
5350370.02,3000,455,750,585,635,200,3005,1000,800
5350520.01,3000,305,865,630,660,180,3000,930,905
5350587.02,3000,240,800,735,625,175,3000,1815,145
5350600.01,3000,50,325,415,1255,545,3000,2045,575
5350378.24,2995,590,875,440,645,140,2995,880,650
5350585.09,2995,230,865,890,580,50,2990,1770,130
5350612.05,2995,130,435,650,1065,375,2995,1925,505
5350411.22,2990,310,750,785,620,180,2985,1455,470
5350528.42,2990,375,555,440,1015,265,2990,790,1265
5350221.01,2985,105,505,705,1020,270,2980,1840,540
5350243.01,2985,710,905,470,415,155,2985,785,580
5350452.07,2980,205,705,890,680,150,2980,1790,285
5350378.19,2975,670,960,485,530,90,2975,770,575
5350431.01,2975,140,835,820,620,150,2980,1680,320
5350344.01,2970,450,830,630,560,180,2965,1005,690
5350376.02,2970,695,850,500,550,100,2970,730,700
5350527.05,2970,250,705,695,665,275,2975,1390,630
5350131,2965,70,395,330,1060,610,2960,1845,650
5350528.11,2965,185,545,535,1065,275,2970,1200,1045
5350240.02,2960,200,735,645,635,235,2965,1335,690
5350352,2960,440,840,625,580,140,2960,975,710
5350069,2950,195,490,365,1050,485,2950,1910,355
5350375.04,2950,470,720,640,735,150,2950,1080,685
5350576.46,2950,500,875,550,505,185,2955,770,805
5350196.02,2945,55,315,365,1305,590,2945,2210,365
5350315.03,2945,595,930,565,400,150,2945,855,560
5350411.26,2945,325,655,725,610,225,2950,1425,545
5350528.16,2945,205,610,595,965,255,2945,990,1140
5350042,2935,250,535,495,920,410,2935,1790,360
5350528.24,2935,265,685,560,745,275,2935,1150,840
5350411.01,2930,285,710,580,790,190,2930,1140,800
5350510,2930,290,810,655,740,100,2930,1565,270
5350189,2925,380,640,635,625,295,2925,1400,505
5350233,2925,145,535,505,990,285,2925,1680,560
5350452.03,2925,230,735,845,615,125,2930,1695,270
5350612.08,2925,200,480,705,910,350,2930,1510,745
5350194.02,2920,540,675,415,560,395,2920,705,1000
5350249.05,2920,760,665,305,645,275,2920,385,1120
5350307.03,2920,55,430,360,1080,565,2920,1060,1370
5350322.01,2920,115,310,415,1175,495,2920,1365,1135
5350412.25,2920,445,675,520,755,170,2920,1320,480
5350509.01,2920,220,690,695,715,210,2915,1525,485
5350350,2910,405,760,675,540,145,2905,1165,575
5350528.47,2910,250,650,555,845,265,2915,1035,980
5350156.01,2905,870,895,495,210,50,2905,760,385
5350442.03,2905,50,515,605,970,340,2910,2015,325
5350040,2900,530,700,360,685,320,2900,1400,270
5350235.02,2900,230,775,715,640,205,2900,1245,650
5350400.16,2900,235,720,495,860,195,2900,1305,635
5350572.08,2900,395,755,625,610,215,2905,895,855
5350603,2900,195,710,640,760,215,2900,1375,625
5350184.01,2895,320,595,560,760,320,2895,1625,360
5350514.02,2895,260,605,555,780,340,2900,1070,965
5350032,2890,370,655,460,755,315,2890,1375,495
5350132,2890,100,380,335,1015,490,2890,1670,745
5350238.02,2890,325,775,575,605,250,2890,1180,605
5350269.01,2885,235,710,635,670,230,2890,1025,920
5350361.01,2885,120,615,635,890,320,2885,1795,355
5350500.02,2880,450,820,640,490,170,2880,1255,360
5350505.02,2880,100,430,380,1080,465,2880,1780,575
5350516.32,2880,70,535,630,985,270,2875,1335,945
5350114,2870,140,490,535,850,445,2870,1855,380
5350313,2870,550,840,690,370,70,2875,1045,445
5350585.03,2870,320,920,760,385,65,2870,1470,160
5350620.09,2870,140,605,675,995,230,2875,1405,725
5350270.01,2865,185,590,620,745,255,2865,1280,805
5350591.01,2865,225,920,935,445,60,2865,1575,140
5350528.31,2860,480,740,535,540,240,2860,790,850
5350033,2855,455,760,520,605,225,2860,1180,465
5350237.03,2850,430,775,620,530,150,2855,1150,500
5350411.28,2850,45,415,485,1030,415,2850,1385,1005
5350030,2845,265,555,455,960,340,2845,1640,385
5350050.04,2845,100,370,530,955,485,2845,1990,390
5350516.39,2845,160,595,615,835,295,2845,1040,1050
5350631.04,2845,135,530,955,695,160,2845,1915,265
5350295,2840,605,715,570,460,90,2840,880,640
5350310.02,2840,230,705,565,710,200,2840,1120,785
5350411.29,2835,45,440,475,960,430,2830,1350,1000
5350612.25,2835,55,420,475,1080,445,2835,1560,800
5350181.01,2830,210,620,615,780,345,2835,1700,300
5350452.02,2830,480,875,725,325,120,2830,1270,205
5350503,2830,305,755,585,565,155,2830,1250,520
5350451.07,2825,165,570,785,740,195,2820,1510,575
5350520.07,2825,240,560,435,845,460,2830,735,1295
5350430.03,2820,175,795,635,715,205,2815,1575,265
5350621,2815,165,820,815,580,160,2815,1660,170
5350612.27,2810,75,490,530,1070,345,2810,1635,605
5350420.06,2805,140,550,320,1020,415,2800,1355,755
5350620.07,2805,125,495,660,890,285,2810,1495,695
5350275,2800,65,375,305,1195,515,2805,1820,535
5350375.03,2800,445,745,520,605,215,2800,885,730
5350312.04,2795,1230,705,405,180,70,2800,640,225
5350353.02,2795,570,735,610,485,100,2790,940,550
5350412.15,2795,215,615,635,755,155,2795,1745,215
5350354,2790,310,770,635,585,145,2790,940,770
5350530.01,2785,470,825,595,435,190,2785,810,680
5350403.09,2780,260,545,510,915,245,2785,1125,845
5350077,2775,210,445,525,900,325,2775,1795,330
5350516.47,2775,150,375,405,1055,355,2775,990,1260
5350305.03,2765,70,330,425,1065,465,2770,1335,1035
5350483.01,2765,365,865,865,280,50,2765,1435,100
5350185.02,2760,280,545,515,770,325,2760,1455,480
5350355.02,2760,370,705,670,500,125,2755,1005,685
5350516.02,2760,170,740,730,670,140,2760,1320,530
5350374.01,2755,265,600,515,820,210,2750,1025,870
5350027,2750,495,455,505,695,325,2755,1510,295
5350376.12,2750,375,620,560,680,225,2750,915,840
5350528.43,2750,145,540,380,970,370,2755,950,1125
5350080.02,2745,355,620,560,580,295,2750,1010,765
5350250.01,2745,530,630,515,535,190,2740,800,785
5350076,2735,280,410,520,900,345,2735,1720,320
5350355.04,2735,375,690,670,520,125,2735,885,790
5350591.02,2730,255,935,895,325,45,2725,1470,65
5350516.28,2725,100,475,520,975,385,2725,1150,1000
5350159.02,2720,920,740,435,320,65,2720,735,325
5350410.09,2720,75,385,575,915,340,2720,1290,970
5350422.06,2720,165,735,610,595,205,2720,1075,740
5350451.02,2720,275,735,700,580,95,2720,1500,210
5350575.02,2720,550,800,555,360,85,2720,910,460
5350194.01,2715,515,665,255,610,390,2715,365,1175
5350562.03,2715,375,845,765,370,105,2715,1110,385
5350631.02,2715,125,595,815,660,145,2715,1730,265
5350204,2710,190,550,610,800,245,2710,1620,350
5350263.03,2710,210,480,540,835,300,2710,1260,760
5350402.04,2710,50,415,415,1030,435,2710,1285,965
5350521.03,2705,260,695,520,665,160,2705,855,900
5350105,2690,125,515,485,870,410,2690,1810,240
5350190.02,2690,365,780,605,505,95,2685,1000,545
5350376.01,2690,625,685,485,535,140,2690,850,535
5350320.01,2685,120,650,515,685,185,2685,620,1305
5350331.01,2685,195,610,565,720,245,2680,1445,445
5350378.26,2685,470,710,610,530,80,2685,995,500
5350516.44,2685,90,325,435,1040,415,2685,1055,1220
5350573.11,2685,345,735,590,490,225,2685,835,780
5350162,2680,555,675,445,540,135,2685,1025,430
5350225.01,2680,180,485,470,865,330,2680,1310,700
5350163,2675,360,635,465,605,310,2680,1330,350
5350377.07,2675,765,740,405,530,80,2680,780,395
5350590,2675,405,1035,635,285,75,2670,1130,105
5350373,2670,325,670,560,620,185,2670,985,690
5350576.07,2670,315,830,665,460,85,2665,1045,475
5350606,2670,370,570,610,565,210,2670,1335,395
5350034.01,2665,70,310,300,1030,510,2670,1610,680
5350222.02,2665,290,625,455,725,185,2670,1170,585
5350274.01,2665,110,440,440,785,415,2665,1350,755
5350400.17,2665,590,870,400,410,160,2670,645,565
5350314.01,2660,665,705,570,330,140,2660,645,650
5350528.49,2655,145,470,520,870,320,2660,1230,810
5350116,2650,175,385,350,910,450,2650,1725,370
5350304.01,2650,225,530,520,720,255,2650,825,1075
5350274.02,2645,70,400,400,885,395,2645,1385,800
5350058,2640,110,440,335,890,550,2640,1770,315
5350261,2640,315,640,610,635,125,2645,1005,680
5350363.07,2640,510,620,365,595,295,2640,480,1025
5350527.07,2640,315,695,575,565,135,2640,975,660
5350550.01,2640,200,685,685,545,165,2635,1235,520
5350564.02,2640,425,750,580,490,130,2640,840,625
5350015,2635,50,310,315,1125,475,2640,1820,460
5350283.01,2635,505,855,635,230,40,2635,970,310
5350452.06,2635,225,590,675,680,145,2635,1160,660
5350153,2630,515,730,550,455,80,2635,1100,280
5350191,2630,240,650,620,630,180,2630,1355,385
5350306.02,2630,50,390,240,1020,445,2630,1325,860
5350576.68,2630,275,790,455,680,165,2630,925,645
5350052,2625,130,400,435,910,445,2620,1740,345
5350298,2625,90,385,425,860,415,2620,1460,685
5350401.1,2625,145,420,425,1010,345,2630,1330,730
5350402.13,2625,75,265,320,1135,430,2625,1465,820
5350250.02,2620,400,750,620,405,90,2620,1075,395
5350085,2615,100,390,455,905,475,2615,1825,305
5350376.04,2615,285,560,530,775,185,2615,935,830
5350314.02,2610,485,845,400,435,115,2615,740,545
5350362.04,2605,235,825,805,410,80,2605,1160,385
5350511.02,2605,385,730,565,420,120,2600,1160,330
5350152,2590,105,440,500,885,375,2590,1710,335
5350572.09,2590,405,685,575,510,200,2595,815,690
5350097.01,2585,330,635,335,665,290,2580,1260,365
5350573.06,2580,320,805,565,440,160,2575,975,480
5350401.06,2575,140,415,445,850,380,2575,1325,695
5350072.01,2570,335,435,445,780,290,2570,1510,290
5350165,2570,100,405,305,915,415,2570,1650,415
5350248.02,2570,575,785,530,355,65,2565,760,445
5350346.01,2570,340,660,525,455,210,2575,785,785
5350412.11,2570,310,730,605,495,100,2570,1310,215
5350206.01,2565,260,610,575,540,200,2565,1215,480
5350272.02,2565,130,460,505,845,270,2565,1135,845
5350357.02,2565,475,750,590,385,105,2560,825,510
5350452.05,2565,175,495,645,700,210,2565,1250,655
5350611,2565,125,670,610,625,240,2565,1440,340
5350521.05,2560,400,650,625,475,120,2565,805,705
5350087,2555,15,230,245,1000,640,2555,1760,550
5350524.01,2550,305,775,555,505,150,2555,835,630
5350528.15,2550,225,555,445,750,275,2550,975,795
5350639,2550,240,870,790,330,80,2555,1305,135
5350282,2545,430,770,575,375,65,2545,1155,195
5350291.02,2545,575,760,525,340,70,2545,850,355
5350376.09,2545,445,655,440,585,160,2545,825,615
5350631.03,2545,65,515,785,705,160,2550,1720,240
5350378.12,2540,365,780,665,330,70,2540,880,520
5350102.03,2535,75,340,470,960,400,2530,1315,800
5350304.02,2535,65,355,340,880,475,2535,1365,750
5350043,2530,230,505,405,800,300,2530,1555,240
5350516.29,2530,125,440,565,785,350,2535,1075,895
5350527.02,2530,190,585,580,580,230,2530,1170,590
5350420.09,2525,205,550,530,635,220,2520,895,880
5350576.04,2525,230,705,630,525,145,2525,1320,270
5350333,2515,190,740,565,580,125,2515,1255,345
5350525.02,2515,275,720,545,470,225,2515,850,675
5350612.23,2505,105,375,540,870,330,2505,1365,660
5350451.05,2500,180,510,660,690,210,2505,1580,240
5350119,2495,35,310,335,1010,475,2495,1635,520
5350074,2490,360,585,390,665,250,2490,1275,275
5350358.02,2490,360,730,660,340,95,2490,925,475
5350401.2,2490,695,735,360,485,65,2490,695,360
5350572.07,2490,295,600,550,555,160,2490,945,645
5350306.01,2485,150,385,370,875,375,2480,1245,705
5350620.05,2475,120,480,600,840,220,2470,1330,545
5350400.2,2470,185,570,455,825,185,2465,1220,495
5350516.11,2470,85,400,490,795,300,2475,1485,505
5350356,2465,280,715,645,495,125,2465,1000,475
5350367.01,2465,305,530,440,675,255,2465,570,1060
5350481.02,2465,430,765,700,230,50,2465,1150,120
5350289,2460,385,615,515,520,75,2460,975,485
5350372,2460,240,695,510,510,175,2460,930,595
5350800.02,2460,305,800,745,310,30,2460,1210,145
5350532.02,2450,415,715,380,400,200,2450,525,800
5350307.05,2445,55,260,340,1115,340,2445,1285,845
5350403.04,2435,170,410,360,1000,265,2435,1240,615
5350248.04,2430,310,660,590,460,115,2430,875,580
5350400.15,2430,105,475,540,795,265,2430,1420,425
5350411.15,2425,220,755,535,430,160,2425,1110,340
5350634.01,2425,165,440,660,760,140,2420,1665,155
5350150,2415,30,235,260,935,570,2410,1715,435
5350516.43,2415,55,415,470,815,360,2415,965,985
5350271.02,2410,225,540,515,600,210,2410,1055,585
5350195.01,2405,90,325,345,885,425,2405,1615,375
5350183.02,2400,195,405,395,890,300,2405,1595,205
5350410.02,2400,170,505,540,680,180,2405,960,770
5350516.06,2400,185,555,610,600,150,2400,1140,525
5350115,2395,330,495,460,525,240,2390,1320,250
5350208,2395,260,610,595,520,120,2395,990,540
5350612.26,2395,55,370,510,800,320,2395,1300,670
5350341.02,2390,265,675,455,535,215,2390,890,555
5350363.05,2390,400,590,580,395,125,2390,825,575
5350612.18,2390,75,390,525,770,315,2385,1220,705
5350126,2380,45,250,330,990,465,2380,1675,410
5350039,2375,685,610,320,380,185,2375,865,215
5350090,2375,30,285,245,1025,480,2380,1545,515
5350139.01,2375,30,210,280,935,525,2375,1570,560
5350176,2375,275,610,520,475,125,2375,1210,280
5350091.02,2370,100,320,365,880,370,2365,1575,365
5350308.02,2370,75,330,425,880,340,2370,1295,675
5350515.01,2370,210,545,585,600,130,2370,1310,310
5350562.07,2370,315,725,550,330,150,2370,820,505
5350612.2,2370,105,350,435,880,285,2370,1295,620
5350219,2365,70,380,465,910,240,2360,1550,360
5350287.04,2365,80,425,435,710,245,2360,1115,740
5350403.16,2365,235,480,480,740,150,2365,1215,435
5350411.23,2360,245,540,520,555,150,2355,1150,425
5350294.02,2355,565,775,495,255,40,2355,700,315
5350319,2355,150,520,365,665,270,2355,970,715
5350528.32,2355,255,530,390,705,210,2355,925,645
5350220,2350,130,500,515,700,190,2345,1155,560
5350294.01,2350,580,705,445,230,45,2350,845,220
5350075,2345,155,355,485,780,305,2345,1550,285
5350141.01,2345,60,200,255,1035,470,2350,1665,420
5350374.03,2340,385,630,410,550,120,2345,665,660
5350377.02,2340,360,595,420,585,130,2335,830,555
5350562.04,2340,265,680,665,380,70,2340,1035,360
5350343,2330,375,675,540,305,170,2325,780,490
5350411.07,2330,175,590,580,560,115,2330,1375,190
5350421.07,2325,75,460,540,740,220,2330,1145,645
5350480.01,2320,530,730,590,220,30,2320,900,160
5350527.08,2320,295,490,490,550,145,2315,1005,520
5350166,2315,75,245,320,840,430,2315,1415,585
5350265,2315,10,180,115,1005,565,2320,1555,565
5350420.08,2315,180,440,410,745,215,2315,950,745
5350505.01,2315,20,260,425,915,365,2315,1685,350
5350576.53,2315,240,655,485,535,140,2315,695,730
5350602,2310,20,290,355,920,395,2310,1565,430
5350110,2305,390,520,325,590,185,2305,1075,320
5350249.01,2305,405,815,465,300,140,2300,675,405
5350037,2300,140,315,355,815,315,2300,1375,475
5350585.1,2300,315,695,655,340,45,2300,1120,170
5350422.04,2295,130,415,270,955,250,2300,1015,735
5350047.02,2290,425,575,345,500,240,2295,950,350
5350353.04,2290,380,655,415,445,140,2285,620,640
5350576.54,2290,300,605,465,535,205,2290,660,720
5350106,2285,365,600,440,505,105,2285,875,440
5350141.02,2285,30,200,245,1100,455,2285,1745,315
5350412.04,2285,250,605,505,510,95,2285,1210,220
5350441.02,2285,180,550,550,630,115,2285,1290,260
5350007.01,2280,285,430,580,580,175,2280,1175,395
5350041,2280,270,390,265,705,340,2285,1360,260
5350321.02,2280,120,360,315,910,195,2275,1025,770
5350456.03,2280,285,690,670,280,40,2275,1220,85
5350048,2275,140,375,345,830,295,2275,1470,290
5350184.02,2275,225,555,495,520,190,2275,1135,360
5350612.14,2270,105,435,450,675,255,2270,1235,490
5350370.03,2265,275,645,545,425,100,2265,745,605
5350516.24,2265,90,395,645,710,180,2265,1325,455
5350045,2260,330,420,310,705,315,2255,1315,190
5350305.01,2260,60,265,330,805,435,2260,1120,815
5350456.01,2260,210,615,585,435,170,2260,1290,145
5350571.02,2260,350,660,525,375,100,2265,1010,245
5350083,2255,205,360,375,695,390,2260,1435,265
5350529.02,2255,390,560,375,425,280,2260,615,690
5350403.05,2250,65,325,275,965,320,2255,1325,530
5350377.06,2240,645,690,260,415,65,2240,525,375
5350402.1,2240,130,420,360,830,265,2240,1025,670
5350286,2235,280,605,490,455,125,2235,960,390
5350125,2230,25,160,190,1015,495,2230,1635,410
5350304.04,2230,85,405,400,630,320,2230,740,1005
5350234,2225,165,435,465,695,230,2230,1225,400
5350412.13,2225,310,645,470,455,65,2220,1150,120
5350022,2220,55,305,365,870,410,2225,1575,295
5350321.01,2215,95,410,345,765,275,2220,950,765
5350531.01,2215,410,695,395,360,120,2215,570,545
5350323.01,2210,115,355,360,715,285,2215,960,785
5350412.12,2210,240,475,500,560,130,2205,1005,485
5350518,2210,275,550,485,470,165,2210,735,645
5350612.19,2210,145,315,445,760,335,2215,1200,550
5350063.04,2205,105,365,410,700,285,2205,1360,375
5350270.02,2205,130,565,470,530,200,2205,1070,440
5350279.01,2205,200,605,485,435,170,2210,985,420
5350330,2205,110,480,530,610,170,2205,1370,245
5350378.21,2205,520,710,300,490,25,2205,560,420
5350411.27,2205,265,605,530,465,85,2205,1115,215
5350562.08,2200,325,655,645,265,75,2195,875,335
5350025,2195,135,400,450,735,240,2195,1445,215
5350101,2190,110,295,365,845,335,2195,1485,300
5350516.16,2190,130,345,510,620,230,2195,1240,480
5350528.21,2190,200,600,405,490,205,2185,585,800
5350532.01,2185,370,715,355,345,150,2185,470,625
5350571.01,2185,490,595,535,210,85,2185,820,275
5350248.05,2180,485,565,405,360,85,2180,670,465
5350610.03,2180,125,450,525,565,255,2180,1285,325
5350575.07,2175,225,530,390,580,195,2175,640,780
5350632,2175,205,685,565,390,110,2175,1145,140
5350260.04,2170,300,560,395,440,265,2170,540,770
5350613.01,2170,140,535,495,565,170,2170,1105,390
5350576.29,2165,220,645,520,400,140,2165,765,540
5350089,2160,25,240,165,895,595,2160,1225,670
5350323.02,2150,45,255,315,800,380,2150,975,875
5350345,2145,295,595,470,335,135,2145,780,475
5350614.02,2145,65,435,570,640,175,2145,1305,335
5350529.01,2140,285,600,340,405,245,2135,585,670
5350562.09,2140,380,660,455,280,90,2140,770,335
5350080.01,2135,185,365,455,620,280,2135,1300,290
5350516.25,2130,150,460,570,505,215,2130,1045,480
5350520.05,2130,290,490,400,545,160,2130,740,615
5350576.47,2120,185,515,375,620,140,2120,820,600
5350096.02,2115,270,475,330,630,230,2120,1110,265
5350290.01,2115,400,600,580,255,25,2115,595,515
5350378.05,2115,240,675,575,325,90,2110,820,370
5350576.31,2115,225,565,525,440,110,2120,985,345
5350038,2110,325,610,255,460,235,2115,1000,170
5350118,2110,40,260,245,785,495,2110,1410,405
5350169.01,2110,225,580,495,445,70,2110,700,600
5350070,2105,50,300,320,790,390,2110,1475,285
5350181.02,2105,215,505,405,530,140,2105,1165,225
5350519,2100,205,495,555,395,170,2100,775,625
5350613.04,2100,100,430,565,580,165,2095,1125,440
5350273.02,2090,45,280,255,725,390,2090,925,835
5350500.01,2085,295,675,460,335,70,2080,705,415
5350572.1,2085,300,455,445,505,175,2085,690,635
5350283.02,2080,450,665,455,230,35,2085,800,165
5350378.14,2080,390,540,370,415,125,2075,530,620
5350442.02,2080,130,535,550,475,120,2080,1120,295
5350527.06,2080,165,465,460,485,135,2080,890,560
5350613.03,2080,180,465,480,525,185,2080,1065,370
5350095,2075,220,460,315,635,260,2075,1160,235
5350281.02,2075,575,590,480,125,35,2075,735,175
5350378.23,2075,400,495,360,535,100,2075,775,405
5350173,2070,465,600,390,210,60,2070,685,315
5350562.15,2065,265,580,450,435,120,2065,800,425
5350046,2055,400,535,340,470,150,2055,960,165
5350316.05,2055,660,565,405,170,25,2055,615,210
5350473.03,2055,310,740,515,160,30,2060,945,65
5350363.04,2045,245,520,505,370,70,2050,875,405
5350376.14,2045,400,500,315,530,125,2045,605,540
5350410.04,2045,60,380,410,710,245,2050,1135,470
5350802.01,2045,85,450,570,595,175,2045,1045,460
5350171,2035,475,615,385,230,45,2035,640,300
5350019,2030,275,425,440,530,200,2030,1110,215
5350084,2030,50,265,310,745,380,2025,1485,240
5350562.14,2030,215,535,550,435,125,2030,970,310
5350187,2025,200,350,420,580,180,2030,1235,240
5350442.04,2025,90,435,590,570,120,2025,1295,210
5350317.03,2015,85,320,315,615,310,2015,835,775
5350516.18,2015,110,480,500,560,135,2010,1065,355
5350601,2015,30,190,320,805,345,2015,1355,440
5350612.13,2015,25,325,365,790,295,2015,1320,340
5350260.07,2005,185,475,390,560,150,2005,800,540
5350401.17,2005,395,655,310,410,75,2005,620,340
5350421.05,2005,20,375,355,640,230,2005,1030,580
5350576.09,2000,175,560,565,370,115,2000,1070,200
5350585.08,2000,125,515,530,485,95,2005,1175,185
5350527.09,1995,175,540,450,500,170,2000,810,475
5350634.02,1995,225,640,520,315,80,1995,1025,105
5350410.07,1990,50,305,350,690,280,1990,980,660
5350507,1990,85,390,340,655,235,1990,1200,325
5350801.01,1985,120,635,540,385,70,1985,1115,110
5350312.05,1975,675,565,390,85,20,1980,515,230
5350159.01,1970,735,495,295,220,40,1970,515,225
5350401.07,1970,70,375,285,775,240,1970,1115,410
5350424.09,1970,185,410,475,565,120,1975,1000,380
5350460.02,1970,160,510,445,465,130,1975,1115,190
5350260.06,1965,195,405,335,590,115,1960,615,745
5350316.04,1960,680,595,300,175,20,1955,460,225
5350049,1955,60,270,285,775,295,1960,1395,235
5350072.02,1945,150,345,295,600,260,1940,1260,190
5350376.13,1945,320,485,220,545,160,1945,605,530
5350151,1940,230,405,435,440,145,1940,920,385
5350203,1940,205,460,430,460,155,1945,1040,240
5350402.09,1940,75,355,355,700,195,1940,935,570
5350412.06,1940,265,525,485,295,85,1940,965,185
5350243.02,1935,285,630,405,320,45,1940,705,320
5350071,1930,70,235,330,720,305,1925,1380,240
5350273.01,1930,85,300,225,615,350,1930,975,570
5350324.01,1930,150,300,320,590,250,1925,800,685
5350421.04,1925,110,470,405,455,200,1920,735,610
5350376.16,1920,165,410,375,570,215,1920,525,815
5350411.25,1920,320,490,430,390,140,1920,730,385
5350316.01,1915,530,585,395,195,25,1915,590,210
5350420.1,1915,90,325,215,785,225,1915,935,560
5350513.04,1915,275,450,410,385,115,1915,880,310
5350170,1910,500,500,400,235,35,1910,590,320
5350277,1910,75,375,240,635,250,1910,1000,465
5350100,1905,85,240,365,650,305,1905,1315,265
5350324.06,1905,95,310,255,670,280,1905,600,895
5350378.22,1905,580,550,215,355,70,1905,465,310
5350246,1895,285,515,460,295,65,1895,780,325
5350633,1895,200,615,505,295,55,1895,980,95
5350302.03,1890,180,345,365,580,155,1890,705,655
5350341.03,1890,330,475,265,280,280,1890,350,735
5350524.02,1890,265,465,385,415,140,1885,620,545
5350344.02,1885,285,595,435,280,75,1885,640,360
5350570.01,1885,350,580,405,210,70,1890,610,350
5350526.02,1880,210,430,370,445,180,1880,595,640
5350059,1870,90,235,210,680,325,1875,1210,330
5350260.05,1870,580,570,250,185,125,1870,335,385
5350368.02,1870,195,490,330,540,125,1870,655,520
5350244.02,1865,380,590,400,235,85,1865,600,290
5350249.04,1860,455,465,290,325,140,1860,470,470
5350573.1,1860,205,595,450,295,105,1860,670,385
5350367.02,1855,270,440,435,370,135,1850,730,410
5350421.06,1855,115,375,355,535,215,1855,785,580
5350334,1850,120,415,415,500,180,1850,1080,240
5350047.04,1845,130,300,325,615,260,1845,1175,240
5350088,1845,70,250,205,635,375,1845,1040,485
5350423.01,1845,55,295,415,490,255,1840,1155,340
5350516.17,1845,135,320,520,480,130,1845,940,450
5350358.01,1840,235,555,395,350,100,1835,720,325
5350521.02,1840,135,450,505,330,135,1840,770,490
5350316.06,1835,500,505,365,205,30,1835,520,305
5350515.02,1835,130,425,420,495,125,1835,910,365
5350800.01,1825,175,495,570,315,80,1825,990,170
5350401.04,1820,305,490,395,375,95,1815,710,315
5350232,1805,45,225,265,645,350,1800,1285,245
5350471,1805,240,580,480,150,20,1805,910,75
5350572.04,1800,200,450,470,340,105,1800,690,455
5350576.57,1800,235,480,390,400,110,1805,735,360
5350055,1795,95,275,295,645,285,1795,1190,240
5350238.01,1795,75,330,290,625,220,1795,1135,250
5350130,1790,20,215,170,730,365,1790,1160,400
5350310.01,1790,70,340,290,550,265,1790,1050,325
5350410.1,1790,50,260,345,575,280,1785,805,670
5350452.01,1790,195,515,530,275,90,1785,945,135
5350376.11,1785,255,470,340,390,145,1785,470,585
5350504,1780,130,340,400,480,240,1785,1065,245
5350528.35,1780,205,395,310,425,190,1780,665,515
5350065.01,1775,90,335,320,635,180,1775,725,625
5350263.02,1775,25,295,310,640,215,1775,970,485
5350376.15,1775,160,390,300,565,215,1775,680,545
5350412.14,1775,90,380,385,500,115,1775,1150,155
5350508,1770,145,435,425,415,120,1770,970,220
5350570.02,1770,100,440,505,425,100,1770,1075,155
5350160,1760,675,405,335,120,20,1765,535,150
5350410.11,1755,60,310,365,470,195,1755,730,655
5350614.01,1750,100,350,325,555,205,1755,1040,265
5350018,1745,80,260,315,665,260,1745,1220,185
5350353.03,1745,210,510,320,330,125,1745,550,465
5350513.03,1735,195,345,310,420,230,1735,585,625
5350023,1725,35,255,210,705,300,1730,1190,250
5350155,1725,490,455,305,160,45,1725,615,170
5350312.02,1725,520,520,330,155,40,1725,425,250
5350378.17,1720,230,600,305,345,50,1715,515,375
5350636,1720,145,495,465,370,50,1720,955,125
5350123,1715,55,220,320,610,320,1715,1050,395
5350401.08,1715,60,245,285,625,280,1710,860,555
5350525.01,1715,290,485,330,310,105,1720,505,440
5350285,1710,305,445,375,340,40,1710,800,155
5350312.06,1710,520,515,315,170,25,1710,470,210
5350562.11,1710,200,430,420,365,55,1710,755,320
5350630,1710,230,500,405,315,55,1710,875,110
5350331.04,1705,85,410,385,405,140,1710,830,385
5350528.13,1695,125,300,310,595,170,1690,775,490
5350060,1690,50,195,170,655,395,1690,1175,270
5350623,1690,195,525,470,275,110,1695,790,180
5350470,1685,225,515,485,160,30,1680,885,55
5350193,1680,155,300,350,500,160,1675,950,280
5350210.01,1680,155,325,375,420,205,1680,935,260
5350315.02,1675,500,490,250,170,115,1675,380,305
5350401.21,1675,405,580,240,285,55,1675,465,230
5350363.02,1665,145,470,430,350,80,1665,690,355
5350483.02,1665,165,485,470,255,55,1665,900,120
5350301.01,1660,55,265,300,555,240,1655,815,520
5350400.07,1660,85,310,420,515,155,1665,1070,200
5350207,1655,260,315,415,385,60,1655,775,310
5350081,1645,135,285,270,550,205,1645,1020,195
5350113,1645,130,300,325,500,190,1650,1025,190
5350082,1635,135,325,235,580,195,1635,985,190
5350134,1630,15,120,145,725,410,1625,1220,270
5350304.03,1630,115,325,335,505,185,1630,700,490
5350400.03,1630,135,350,285,525,135,1630,835,320
5350400.06,1630,60,410,435,450,125,1630,870,285
5350266,1625,30,185,145,615,350,1625,1015,400
5350378.02,1625,285,430,265,390,95,1625,445,465
5350562.06,1625,120,420,355,375,120,1625,740,340
5350563.02,1625,230,540,400,245,35,1625,600,255
5350156.02,1620,445,465,300,205,0,1625,555,160
5350287.03,1620,280,415,365,285,70,1620,615,310
5350516.21,1620,95,270,375,495,205,1620,910,345
5350576.44,1590,105,435,385,360,90,1595,620,425
5350157,1585,310,445,330,175,85,1580,570,260
5350509.02,1585,110,325,425,430,100,1585,905,240
5350530.02,1585,300,505,290,205,155,1585,385,400
5350240.01,1580,60,315,355,535,145,1580,990,210
5350315.01,1580,300,450,360,210,45,1580,620,215
5350073,1575,280,360,210,435,125,1570,845,85
5350355.05,1570,295,455,365,170,75,1570,435,380
5350374.02,1570,175,470,320,315,90,1570,555,375
5350324.03,1560,65,250,225,590,205,1555,690,550
5350364.02,1560,175,475,305,280,135,1560,525,390
5350237.02,1555,200,395,295,360,110,1555,700,265
5350226,1550,30,170,260,615,290,1550,1125,225
5350158,1545,430,450,275,185,10,1545,455,210
5350401.05,1545,110,345,290,470,205,1550,665,430
5350324.05,1540,50,210,240,585,245,1540,540,735
5350576.45,1540,225,470,300,255,100,1540,470,375
5350057,1535,45,275,190,560,245,1535,1000,215
5350351.02,1535,220,390,335,270,85,1535,505,420
5350172,1530,315,400,350,125,15,1525,565,250
5350377.03,1530,250,390,225,370,115,1530,480,405
5350322.02,1525,50,190,200,550,220,1525,670,610
5350411.21,1525,215,430,295,300,95,1525,485,395
5350450.02,1525,145,360,470,295,55,1525,885,135
5350347,1520,125,330,285,495,120,1520,620,445
5350607,1520,100,325,330,390,170,1520,850,240
5350068,1515,60,225,210,495,240,1520,980,250
5350586.02,1515,180,410,380,270,60,1510,820,105
5350138,1510,35,115,145,655,315,1515,1110,255
5350213.01,1510,100,340,280,405,165,1510,840,235
5350235.01,1510,125,350,355,375,125,1510,720,310
5350241,1510,105,305,430,325,115,1510,875,220
5350228,1485,10,160,195,625,320,1485,1080,230
5350209,1480,215,385,405,220,85,1480,650,225
5350576.33,1475,180,465,410,175,45,1480,750,70
5350183.01,1465,80,315,265,425,165,1465,895,175
5350121,1450,30,215,155,495,330,1450,945,255
5350111,1405,395,365,260,190,60,1400,535,105
5350194.03,1400,140,400,265,355,85,1400,295,565
5350020,1390,25,155,215,540,285,1390,950,255
5350424.13,1390,65,240,240,510,145,1390,710,380
5350516.31,1390,60,250,330,430,165,1390,670,415
5350424.04,1380,55,240,265,475,180,1380,640,435
5350269.02,1375,25,180,210,525,245,1380,860,315
5350402.03,1375,35,210,215,460,190,1375,705,420
5350411.08,1375,90,365,325,335,75,1375,595,320
5350506,1375,40,160,175,600,255,1375,955,225
5350608,1370,110,425,220,315,85,1370,580,255
5350139.02,1365,25,115,120,585,345,1370,1075,160
5350248.03,1365,190,400,295,230,75,1365,410,375
5350271.01,1365,80,300,275,435,135,1370,705,285
5350311.03,1365,255,425,305,190,55,1365,540,145
5350484.03,1360,130,405,435,175,30,1360,755,70
5350378.18,1355,275,420,270,190,70,1350,375,280
5350400.18,1355,370,400,240,200,30,1355,390,195
5350304.05,1350,45,225,145,505,215,1350,570,510
5350218,1340,15,110,215,480,305,1340,1060,160
5350609,1335,25,220,300,445,195,1335,795,295
5350420.15,1330,55,240,125,540,135,1335,595,445
5350117,1320,40,145,170,560,235,1320,955,175
5350312.07,1320,375,355,240,130,65,1320,415,180
5350400.08,1320,110,300,305,295,135,1320,655,250
5350502.02,1310,120,375,365,230,50,1315,535,280
5350230.01,1290,20,190,230,420,210,1295,860,225
5350528.44,1290,130,365,330,270,70,1290,565,235
5350576.65,1280,215,310,200,355,85,1285,345,410
5350402.01,1275,30,195,250,410,185,1280,660,395
5350401.15,1270,70,315,265,335,115,1270,540,345
5350620.13,1265,150,345,305,210,60,1265,620,145
5350086,1255,10,135,60,520,320,1255,890,220
5350564.01,1245,165,505,235,155,50,1245,385,185
5350195.02,1240,10,90,155,600,210,1245,965,180
5350317.05,1235,40,255,270,360,100,1235,360,580
5350476.02,1235,195,420,340,110,10,1235,585,30
5350610.04,1225,60,260,260,375,125,1225,755,145
5350186,1220,15,170,165,450,210,1220,810,225
5350291.03,1220,170,370,275,130,35,1215,480,195
5350514.01,1185,10,185,260,410,150,1190,640,350
5350400.21,1175,125,240,260,350,70,1170,510,300
5350140,1170,25,125,95,445,275,1175,820,205
5350412.08,1170,125,415,285,170,40,1170,545,85
5350605,1160,55,200,170,365,185,1160,700,205
5350223.02,1140,45,160,250,365,130,1135,765,165
5350378.2,1110,220,365,225,195,30,1115,310,220
5350451.01,1105,105,330,275,210,45,1105,595,75
5350410.15,1090,90,290,250,235,85,1090,445,260
5350188,1070,100,200,240,345,70,1070,665,95
5350290.02,1070,145,230,270,225,65,1075,470,230
5350167.01,1055,20,145,160,380,200,1050,715,170
5350402.07,1055,55,215,225,305,125,1060,515,275
5350337.02,1050,135,335,225,210,50,1050,500,85
5350096.01,1025,150,240,130,265,105,1025,535,100
5350401.23,1025,90,230,210,230,95,1020,470,230
5350375.02,1020,40,165,150,385,130,1020,535,270
5350202,1015,45,195,210,345,130,1010,670,100
5350028.01,1005,40,160,185,375,145,1005,655,155
5350067,995,20,110,140,300,245,995,710,160
5350196.01,965,35,90,150,360,175,965,705,125
5350227,965,10,60,125,435,195,970,795,100
5350604,965,45,160,170,355,120,965,615,145
5350400.04,950,50,195,175,335,75,950,485,215
5350517,935,60,195,185,215,100,935,485,190
5350224,915,50,95,105,370,165,915,650,115
5350402.05,905,25,140,80,390,90,905,505,240
5350291.04,895,210,225,175,160,30,895,275,185
5350014,880,10,105,55,450,150,885,575,195
5350242,810,140,240,175,115,25,805,315,110
5350355.06,810,195,245,160,110,35,810,225,140
5350097.03,790,170,195,165,135,45,790,315,100
5350223.01,785,40,110,135,260,100,785,495,145
5350050.03,730,10,75,130,285,110,730,525,120
5350200.02,720,50,220,165,150,65,720,350,100
5350120,705,0,55,70,290,180,700,530,115
5350562.13,670,100,210,145,80,30,670,235,125
5350229,615,0,65,55,305,110,615,465,85
5350264,600,15,120,50,190,75,600,270,190
5350047.03,585,35,115,90,185,105,585,375,65
5350308.03,570,15,75,80,215,75,570,315,165
5350484.04,505,50,170,145,65,0,500,240,35
5350192,495,60,155,95,105,25,495,175,105
5350102.05,490,10,50,95,200,70,490,360,75
5350001,455,10,85,90,170,55,455,315,40
5350128.05,435,10,55,45,175,95,435,265,105
5350337.01,425,80,165,55,50,10,425,140,40
5350061,400,15,55,55,85,65,400,195,140
5350102.04,390,15,50,70,130,85,390,275,50
5350003,345,15,25,95,135,40,340,225,75
5350002,340,0,80,60,100,50,335,230,30
5350625,195,20,95,35,25,0,195,70,0
5350009,190,15,50,55,40,10,185,110,15
5350476.01,140,25,40,35,0,0,140,75,0
5350376.06,75,0,40,0,10,0,70,15,0
5350296,45,0,10,10,10,0,45,30,0
