S_CTUID,YCanCit100,NCanCit100,VM_SASN100,VM_CHIN100,VM_BLCK100,VM_FILI100,VM_LAMR100,VM_ARAB100,VM_SEAS100,VM_WASN100,VM_KORN100,VM_JAPA100
5350301.03,53960,46114,27737,19453,5251,7618,2959,5473,148,7692,3254,296
5350307.03,61569,38431,7843,41863,392,1471,392,2059,980,13922,12059,2059
5350061,62162,37838,2703,15541,5405,8784,6757,1351,2027,0,2703,1351
5350322.01,62620,37274,7881,40575,2343,1917,639,1065,1810,8520,16933,426
5350307.05,62729,37131,4366,41972,986,1408,1268,2394,1268,8028,17465,845
5350301.04,63917,36083,21167,21500,5500,6667,1917,6917,1417,9750,2583,333
5350303,64801,35294,10057,20588,6262,17078,2372,3985,474,11290,3700,190
5350035,65262,34738,10259,32250,2692,1524,1625,8278,1371,2285,5739,1879
5350307.04,65805,34195,10991,27155,2011,1868,1365,2083,790,9339,12644,2586
5350307.06,66009,33991,3662,38592,1690,1221,376,3568,376,18216,13897,2441
5350401.05,66596,33404,9725,73996,423,846,0,846,1903,1057,1480,634
5350260.05,66667,33333,23916,2230,15242,3594,1487,1487,2107,15985,496,867
5350062.01,66969,33122,9882,20036,2992,907,2901,2811,1088,3083,4533,1179
5350062.02,66998,33002,8278,32892,3366,1600,1380,3201,1380,2152,5353,607
5350065.01,67762,32033,16016,3285,8008,16427,5749,1643,1232,1437,1848,1437
5350260.04,68263,31737,29701,3473,12934,6946,3114,2635,1198,16168,1916,0
5350299.02,68321,31679,11832,20802,2004,3149,2195,2385,859,10496,10401,859
5350402.02,68505,31589,4579,14019,1682,5981,280,1589,467,25607,13551,280
5350305.04,68613,31387,7636,27962,3369,2976,2471,2021,842,14879,9882,1067
5350309,68745,31255,3517,1279,6395,34293,2238,1279,400,3038,5196,480
5350300,68777,31259,7870,23133,2196,2196,3258,2599,988,13104,8675,769
5350250.05,68945,31121,22679,133,18302,2387,3448,21684,1061,9549,133,0
5350249.05,68969,31031,47422,829,11142,1197,1197,15009,1565,5709,184,184
5350194.01,69143,30857,65328,175,2707,3144,1834,1397,175,13799,262,0
5350376.16,69231,30769,33638,21512,9778,5606,1434,4433,0,1304,261,0
5350527.01,69234,30766,25392,14646,5516,6182,1854,9558,2520,903,1474,571
5350528.36,69629,30310,82654,426,4930,852,1035,0,1217,791,0,0
5350311.05,69644,30356,28593,3253,21936,5976,7110,1210,2345,2194,1362,151
5350520.09,69663,30337,25088,10401,5200,6254,3022,15671,1897,1405,1897,351
5350190.01,69956,30044,55811,5154,7127,4167,1371,877,1151,1700,713,384
5350368.01,70205,29868,16911,48023,5124,6369,1464,1245,1245,1171,1537,586
5350520.1,70274,29777,29829,10668,4505,4195,3055,16468,1657,1864,2227,311
5350304.01,70595,29514,10486,12649,9081,8324,3568,3243,216,14919,2378,649
5350308.04,70763,29237,5191,27551,1464,1242,1020,1597,932,12644,14596,1020
5350376.02,71157,28843,23245,49146,7211,7306,474,949,569,949,285,190
5350318,71345,28655,5497,18129,2281,16257,994,175,643,9357,11988,117
5350520.07,71512,28488,45268,4585,5171,4780,2439,9561,1659,3512,585,195
5350314.01,71683,28416,27327,2772,29505,4653,11188,1683,5842,1782,1089,0
5350317.02,71892,28041,1351,1959,1284,21486,1149,473,203,4257,1892,135
5350128.06,72123,27877,16014,3796,4508,4626,4864,1305,949,4982,2847,593
5350320.02,72157,27843,5769,8528,1839,26421,2174,418,1254,5769,9281,334
5350304.04,72170,27830,15559,12633,3989,13830,2793,6516,1064,8910,1596,266
5350287.02,72262,27738,1735,631,7334,36987,1893,0,1183,631,710,0
5350363.07,72338,27662,62452,3137,10741,1236,856,1996,760,2757,380,0
5350528.22,72533,27467,68502,917,8410,1758,994,841,1223,459,0,153
5350320.01,72601,27399,1683,1584,2277,22574,1584,198,792,4851,1881,198
5350532.02,73134,26866,53412,320,15778,2772,3092,533,320,640,213,0
5350521.06,73250,26661,21903,5027,7002,4758,6553,10592,1077,2513,808,449
5350367.01,73333,26667,62688,1505,11290,2581,430,753,0,5161,215,215
5350316.03,73456,26544,7846,2755,30718,3255,7846,9015,6845,7346,0,0
5350065.02,73762,26196,25307,4359,14812,19382,3005,2370,1481,2158,1608,85
5350572.08,73786,26214,60770,917,14115,4400,1375,1100,642,733,275,0
5350194.03,73797,26203,25847,3209,15865,24242,1604,3743,535,1070,357,357
5350307.07,73889,26190,4124,33307,1745,2220,872,4124,159,11340,12450,793
5350063.05,73957,26043,7554,19166,1917,2029,2142,2029,789,2142,3833,1466
5350311.06,74012,25988,15055,11606,23717,4878,4794,1009,4037,2944,3953,168
5350250.04,74024,26056,31978,1834,44099,1356,3030,1037,1994,1834,0,0
5350377.06,74105,25895,2893,90083,275,1240,275,1102,964,0,0,275
5350194.02,74219,25868,55903,694,4948,1476,608,6424,174,7986,608,174
5350346.02,74466,25441,25255,5385,17456,21170,1671,1207,1486,1207,371,0
5350302.02,74492,25508,7474,37287,6336,6011,650,2518,812,3899,1137,244
5350376.11,74561,25439,11696,29094,19298,11988,1608,2778,585,2047,1316,585
5350302.03,74853,25147,13382,45294,3676,1912,588,2059,0,2353,882,441
5350529.01,74906,25218,57179,999,11361,2247,3995,0,874,0,0,0
5350521.01,74912,25088,27729,4225,5194,4313,5634,12588,1232,1849,792,264
5350194.04,74981,24943,32952,4500,3509,8543,1831,1983,915,7857,1068,0
5350290.01,75100,24634,8788,1065,19041,18375,10519,266,4128,399,266,0
5350331.03,75245,24755,45833,408,21895,4493,1389,1552,163,6373,0,0
5350341.03,75672,24187,43140,707,28713,707,566,1839,1273,8487,566,0
5350528.31,75862,24220,55090,821,12233,3859,2627,411,1970,0,164,0
5350355.05,75993,24172,18843,992,28099,10909,1983,1818,496,4298,0,0
5350269.01,76248,23653,13373,5489,18663,4591,6687,4491,399,11477,1198,898
5350530.01,76249,23657,39680,0,27050,1602,471,1225,943,1320,0,189
5350562.12,76320,23609,29550,357,26909,3212,2570,3355,1213,2498,0,286
5350260.06,76328,23520,27618,6677,15933,18816,1973,1973,1366,6829,1366,0
5350572.05,76331,23669,36464,1777,15905,4653,1607,1438,1861,677,0,0
5350527.03,76443,23499,23834,5536,4779,6760,3788,9266,2098,1807,1224,524
5350401.13,76599,23323,18501,64247,2888,4684,468,156,703,390,390,156
5350378.14,76650,23350,29531,43853,5323,5323,760,507,380,2281,253,253
5350513.03,76651,23188,25604,805,4509,12077,1932,7085,3060,2093,1288,0
5350012.01,76698,23302,8040,17842,8598,2279,2709,2923,1376,3052,1677,860
5350080.02,76714,23286,24292,7190,12200,7516,1089,1416,1089,1961,1089,218
5350063.03,76784,23216,9457,12072,2314,3823,2817,2716,1006,3018,1811,1006
5350576.2,76952,23123,66467,1575,14029,1425,1200,150,2176,225,0,0
5350377.07,76989,23011,7957,75054,5591,2688,215,860,1183,0,0,215
5350511.01,77011,23071,18522,1381,10804,6011,1787,10398,3006,3493,894,162
5350363.06,77013,23056,25877,33379,7364,7571,1514,826,757,3372,1032,413
5350317.04,77128,22796,2053,2053,4943,19087,2205,684,304,3954,4867,152
5350401.18,77217,22783,7567,62815,4068,814,1058,1709,1139,1139,1871,163
5350376.05,77299,22774,3504,84672,365,1460,0,146,949,657,511,511
5350305.03,77497,22503,4435,20867,2218,3125,1915,2218,907,10685,10484,1512
5350249.04,77730,22270,47270,287,12931,1437,5316,2443,1293,2443,0,0
5350037,77882,22118,6824,34000,2941,2235,1882,1765,3412,1176,1765,941
5350304.06,77998,22088,11724,35862,4397,4052,1466,2931,1552,6207,3707,345
5350321.01,78368,21762,1813,26295,907,6477,1425,777,259,21244,7642,648
5350291.04,78395,21605,3086,2160,9259,22840,9568,926,617,1235,0,0
5350563.01,78480,21595,48947,677,19850,3985,2556,2256,602,2030,0,150
5350034.01,78545,21455,12848,22424,4242,1333,2061,3152,1455,2182,2303,364
5350512,78559,21441,14146,1690,6317,11032,3648,5605,2758,2313,534,356
5350159.02,78678,21322,7249,1493,7143,6823,5970,213,1173,213,0,213
5350376.08,78695,21222,23388,42314,3223,7273,744,1736,826,579,579,0
5350529.02,78714,21286,59933,1221,12098,999,1443,333,0,0,0,0
5350528.21,78716,21403,49822,1546,11534,9394,2854,713,1427,476,0,0
5350402.12,78763,21237,4933,63796,1505,2258,585,836,1254,8863,3261,334
5350012.03,78788,21269,15371,16857,2971,2229,2743,3257,743,1943,2343,629
5350363.05,78795,21094,35978,7598,27598,5363,2011,1788,1006,2346,335,0
5350169.01,78805,21053,5128,2422,9402,32336,3846,0,1709,285,855,855
5350312.05,78837,21163,7302,2104,47030,3342,11015,1238,7426,371,0,0
5350377.01,78950,21105,12258,52844,4970,4914,773,1325,939,2761,939,166
5350243.01,78995,21005,29756,1750,38432,1750,1294,1294,1979,1522,533,0
5350532.01,79045,20955,61234,582,15832,0,2561,0,0,698,0,0
5350378.02,79077,21077,32769,35538,6308,1846,1846,1077,308,2000,308,308
5350281.02,79087,20913,2028,507,47655,2788,9379,0,5703,634,0,253
5350401.19,79161,20767,7531,72194,4272,4272,0,1303,1738,0,145,217
5350175.02,79306,20694,4453,1703,45252,3274,7859,1048,1703,1244,393,327
5350377.04,79310,20690,9840,71320,5467,2944,589,1009,252,168,421,0
5350530.02,79350,20813,54797,0,16423,650,1626,0,488,1138,0,0
5350400.18,79394,20404,34141,41010,6869,2020,1616,0,404,0,7071,0
5350378.22,79438,20562,8136,77959,2367,3994,0,296,592,0,0,0
5350576.46,79506,20403,63004,1740,10623,3205,2381,0,1740,0,0,0
5350374.03,79564,20551,15499,31458,6659,12285,918,1837,1033,230,918,230
5350376.09,79581,20419,7435,73822,2304,2513,314,524,419,209,314,314
5350516.41,79686,20314,38361,8980,5405,6364,785,11770,1831,1656,1046,0
5350324.05,79756,20091,6393,58447,2283,1522,761,1218,609,3501,3653,304
5350355.04,79799,20201,23216,2211,20704,17286,2714,0,1307,2714,302,704
5350378.21,79851,20149,9950,71891,4975,2985,0,622,373,249,0,0
5350324.06,79883,19971,14140,46210,3061,2041,1749,2187,437,2478,4519,583
5350375.03,79885,20115,25958,20211,11877,9770,1916,1341,670,2395,1437,287
5350319,79975,20025,3094,12624,1609,6064,1609,1361,371,12005,13243,1485
5350162,79979,20021,3818,4334,13209,7843,6398,0,2786,619,619,516
5350272.01,80000,20000,13333,4388,17890,15865,4135,4810,1097,4473,1688,338
5350376.14,80159,19841,3841,76026,3046,3046,0,795,530,1192,397,265
5350284,80182,19894,13238,681,5976,14902,7413,530,2269,151,151,303
5350322.02,80265,19569,5482,30897,498,831,1661,1661,498,11130,14950,332
5350225.02,80297,19756,12553,3867,14831,3814,3761,1854,583,1377,5932,477
5350291.03,80346,19654,1940,2802,8621,14009,7112,2371,2802,2155,0,0
5350526.02,80460,19397,21264,7328,5316,5172,3017,2443,2443,718,0,431
5350376.13,80541,19459,7345,74485,2577,2062,0,902,1289,0,258,0
5350531.02,80558,19367,46833,452,19231,2489,3922,1207,679,754,0,0
5350295,80594,19505,6330,3165,8210,18299,7319,593,9100,1583,198,396
5350169.02,80643,19289,1778,1710,7798,17989,8140,479,1026,410,1026,274
5350377.02,80671,19444,8102,58565,3588,4167,694,579,347,1157,231,347
5350316.05,80673,19327,14819,1993,33624,3362,11208,1619,11083,1494,249,249
5350400.17,80679,19321,50000,31316,8174,3079,0,0,637,425,0,0
5350063.06,80736,19264,9487,9293,2517,2130,2904,290,1162,678,2227,774
5350576.67,80779,19159,67367,742,18727,989,2287,371,494,124,0,0
5350576.4,80779,19221,70101,1068,11369,2638,1570,314,1256,691,0,0
5350280,80782,19218,9197,686,16472,8030,14894,686,1922,824,0,0
5350570.01,80835,19320,17774,1855,27048,3246,2009,1855,927,1082,0,309
5350248.04,80912,19088,43690,3818,25451,3712,1379,424,2015,318,318,212
5350531.01,80935,18945,41727,240,24700,3118,1679,0,1559,0,0,0
5350349,80990,19010,12250,2085,14075,21199,4431,1738,1651,1825,348,261
5350516.04,81010,18990,20753,2083,10337,5208,3606,5128,1122,1683,881,0
5350161,81038,18890,2814,3102,8369,10534,7720,0,1659,144,433,144
5350346.01,81058,18942,29343,4555,12500,16737,1483,0,636,1483,424,742
5350306.02,81070,18824,6531,45289,1285,1071,2355,2570,964,9636,5032,1071
5350576.59,81083,18841,70229,1069,12214,2595,2366,458,1069,1069,229,0
5350060,81125,18693,8545,13455,2364,1273,1455,0,1455,545,4727,545
5350357.01,81140,18860,56944,1901,8626,5263,1974,365,658,2412,146,439
5350410.09,81174,18927,4555,19939,2126,5061,1316,709,0,4858,9919,0
5350297.01,81202,18868,4330,3352,3701,15363,4050,1606,908,2025,3282,349
5350159.01,81268,18879,13549,1767,8689,5302,7806,442,3682,1620,295,0
5350351.02,81298,18702,16985,4962,7061,23664,1718,3435,382,763,0,382
5350514.02,81385,18615,29437,4156,12294,2424,1126,5887,952,4675,693,606
5350376.04,81444,18656,10732,53561,4915,3611,301,8325,301,201,903,0
5350324.01,81452,18548,7268,44549,9421,673,2288,1346,2961,2557,3096,808
5350288,81461,18539,2266,3122,4431,26133,1913,604,1259,755,906,252
5350136.02,81470,18530,3525,7754,3525,4330,4129,1712,201,4532,4028,806
5350088,81517,18483,4905,14557,3639,1108,2215,1266,791,2215,3797,1424
5350172,81518,18677,3113,1751,33852,7588,7977,584,2724,0,0,0
5350341.04,81575,18425,36181,5193,19849,5863,1424,419,1005,4188,168,419
5350064,81608,18392,9501,7186,4141,2680,2923,1827,1583,2192,2192,974
5350576.58,81627,18315,63700,761,15632,4625,703,468,703,176,0,117
5350250.01,81667,18333,35686,1765,11471,2745,5392,5196,490,3725,196,0
5350123,81678,18102,6843,3974,6623,3091,2428,1325,0,4415,2649,883
5350317.05,81718,18282,5727,4626,3304,33260,1322,1101,1322,1762,1101,441
5350375.04,81733,18267,17691,40410,7821,7356,1117,2328,652,931,186,186
5350374.01,81742,18258,10901,25786,5031,10063,1258,3459,943,2516,1048,943
5350009,81818,21818,5357,3571,16071,0,8929,3571,0,0,0,0
5350311.04,81832,18244,6718,4809,17786,16718,6565,1069,8244,2824,229,0
5350133,81868,18200,1158,2180,4019,14714,3678,545,272,817,1022,341
5350248.05,81885,17993,42228,2081,12729,9792,2570,367,2693,245,0,245
5350516.44,81890,18209,28445,21358,5020,3346,1083,4724,1083,1476,2756,1181
5350097.03,81893,18519,9426,6967,15574,2869,2049,0,4918,1230,1230,1639
5350323.01,81944,17940,4514,20255,2431,2894,1505,1620,579,15046,7407,231
5350306.01,81964,17823,4696,43436,8111,747,747,1281,534,8858,4162,320
5350603,82014,17986,4790,2835,4301,9873,1466,2248,587,391,880,293
5350516.48,82026,17974,43064,11280,3354,5716,305,17759,1372,686,991,534
5350378.11,82036,17879,49572,4709,17723,10445,1712,171,514,685,171,0
5350525.02,82054,17946,17405,2595,4541,4649,1946,1730,1297,973,1622,216
5350528.11,82070,17930,29575,8410,7763,3882,2033,11091,1386,3512,1201,185
5350402.06,82093,17907,2453,10139,2208,5805,3516,818,899,10957,7441,1554
5350262.02,82143,17857,8279,5114,9253,6899,2029,13799,0,4383,649,162
5350403.1,82159,17930,13916,66905,2855,2409,178,1249,803,892,446,0
5350528.42,82222,17778,46759,8981,3611,8889,2778,6204,4815,1759,185,0
5350315.02,82235,17765,39742,1291,15208,1148,2726,3730,4017,3587,0,0
5350039,82268,17612,3981,38963,12183,2774,3136,965,5308,1206,362,724
5350304.05,82302,17526,12715,42955,2405,2405,0,1718,0,4639,2577,344
5350576.55,82318,17682,69300,1204,9857,2784,2032,226,1430,1430,150,0
5350516.49,82350,17595,31054,9377,7832,6288,2758,15444,2041,1213,1710,110
5350572.07,82372,17628,49674,1630,13370,3804,1957,543,761,978,0,0
5350572.1,82392,17742,49933,1208,14497,3356,1477,2550,3490,0,0,0
5350136.01,82396,17685,4727,4890,4401,4890,4156,1467,570,3993,815,652
5350420.05,82403,17597,5130,57013,3442,1104,260,1429,519,9156,3182,260
5350013.02,82411,17589,14543,17278,3294,1181,1554,2548,684,2486,2175,932
5350289,82419,17581,1904,1904,6719,14894,4591,448,2464,1008,0,224
5350237.01,82465,17535,17608,2861,32649,5062,4769,1027,660,1247,1027,147
5350321.02,82472,17402,3531,24716,1135,2522,757,504,0,19294,9584,378
5350292,82476,17524,3729,3803,22893,12826,14019,298,9620,1268,1268,149
5350516.43,82534,17466,23402,18721,3653,3311,2169,7991,1484,799,2854,1826
5350007.02,82571,17320,11002,4139,10566,8497,3486,436,4139,980,327,327
5350221.02,82595,17405,10412,3918,5670,7010,2784,619,1649,2887,3711,619
5350311.02,82612,17388,11419,2768,15744,12370,7699,952,5450,1384,433,173
5350273.02,82676,17204,6093,28554,2031,1075,358,956,358,6810,6571,717
5350420.14,82703,17297,7779,31395,1822,2523,2453,2803,1612,13174,6447,350
5350518,82733,17019,19030,10448,7960,7836,3358,2488,871,498,1368,249
5350012.04,82741,17259,14619,12589,3858,1117,2234,2234,609,1117,508,1117
5350401.21,82776,17224,17559,68729,1171,3344,1003,0,1003,0,502,0
5350217,82777,17223,3076,791,5009,1933,3515,351,615,2109,703,0
5350378.19,82781,17124,19868,57332,4825,8515,284,473,1514,568,0,284
5350403.07,82792,17250,9045,74156,1125,1709,125,1125,1000,1125,250,292
5350422.02,82820,17180,4949,13632,3641,4482,1494,2054,934,13632,1587,560
5350175.01,82822,17178,4485,1993,37209,4319,8056,415,4983,332,581,249
5350410.12,82822,17101,1994,5905,1227,2147,1764,537,307,6672,4294,0
5350400.14,82829,17171,37449,43336,8340,2289,164,654,164,1554,164,164
5350576.16,82831,17092,55960,2632,10991,3328,2786,310,1161,1161,0,232
5350370.01,82854,17146,32803,12064,10010,12885,1283,6366,667,3901,103,462
5350378.2,82864,16901,15493,70892,1878,3052,0,704,1174,469,0,0
5350170,82866,17282,2954,1477,7976,17282,5613,295,1034,0,739,591
5350376.01,82934,17066,12375,47106,12176,4291,399,599,599,2395,0,200
5350401.22,82939,17122,9957,72313,1396,2064,486,425,789,850,1396,121
5350324.02,82944,16975,7080,48592,5712,2333,1529,483,644,4505,4827,241
5350102.02,82947,17053,3132,2668,7077,1044,4408,1508,348,1508,1276,464
5350401.08,82949,17051,5991,49002,0,461,0,307,307,922,768,0
5350576.22,82973,16959,58649,1824,10135,3649,3649,270,1081,1554,0,0
5350248.03,83077,16923,32692,385,28077,7885,8269,0,2115,769,0,0
5350315.03,83084,16916,30308,705,19119,4229,8458,529,3524,881,617,0
5350247.01,83140,16918,56199,753,18134,2955,3244,985,695,1217,232,0
5350378.08,83150,16772,26320,44050,5516,7644,788,1261,867,236,158,473
5350612.26,83163,16964,7535,7535,4725,2810,3193,4215,639,1405,4087,255
5350528.26,83178,16822,26394,14498,10502,5019,3996,5948,2230,372,651,186
5350420.13,83179,16728,5638,38540,1386,2033,739,2311,832,12939,6100,832
5350373,83191,16702,14347,8994,7602,10278,3854,4283,321,2998,857,0
5350513.02,83254,16667,19762,4841,4762,5873,3175,3413,1270,952,238,0
5350316.06,83265,16735,8779,3292,37723,9602,3841,274,14540,823,0,274
5350314.02,83283,16819,32016,2026,19250,5572,5066,507,8511,709,203,203
5350004,83307,16693,8668,2206,9771,5989,1261,867,2994,1024,473,236
5350576.17,83309,16691,57724,1330,14191,1848,2365,591,591,591,0,0
5350378.23,83333,16791,11304,66087,2360,4472,248,745,1863,248,0,248
5350516.37,83333,16750,23096,16318,5690,3849,1423,7448,2594,251,2259,167
5350576.66,83333,16591,68764,1592,12282,455,379,1440,1744,2654,0,0
5350160,83361,16639,1176,672,9412,5378,9748,0,1513,0,0,0
5350576.6,83363,16697,74043,718,10048,1495,1017,1495,778,2691,120,0
5350375.01,83401,16517,10831,27199,10993,4072,733,1710,407,3583,814,0
5350411.24,83468,16599,49022,4450,4585,2090,2630,809,5799,3237,405,0
5350249.03,83480,16608,40913,615,25373,5092,4829,790,1756,351,263,0
5350310.02,83499,16501,3682,4378,4478,14527,3881,498,1493,1891,995,0
5350003,83516,16484,7692,2198,6593,0,0,4396,3297,0,0,0
5350420.11,83522,16478,12197,51292,565,1292,242,1696,323,9612,2262,485
5350341.02,83557,16322,27162,9013,7308,7308,974,853,487,1218,0,0
5350516.42,83585,16415,36406,9159,6203,7014,1855,12522,2551,1043,812,0
5350378.18,83591,16409,21236,58494,8687,2896,0,386,386,3089,0,0
5350128.02,83603,16397,5925,5745,3770,2992,2154,1855,359,3710,2873,1077
5350576.65,83617,16596,57749,2123,14225,1699,849,2335,2548,3609,0,0
5350340,83617,16383,27502,4522,12602,9563,1334,593,1112,1112,593,1112
5350375.05,83634,16366,14275,28479,6849,2740,1442,5191,0,2740,577,937
5350157,83647,16165,1504,1128,22932,7895,15038,0,3008,564,940,940
5350168,83661,16250,1966,3396,15460,17784,6613,894,2055,179,626,447
5350262.01,83661,16339,13088,3849,15997,7271,4021,1882,1112,2908,1625,770
5350156.01,83681,16406,7118,1997,25608,3559,16840,694,7552,694,0,347
5350378.24,83681,16319,21267,58507,3906,5035,781,521,1563,0,0,174
5350376.12,83695,16305,18379,34779,3959,3959,1225,2262,1697,1037,0,566
5350007.01,83703,16139,9968,2373,10601,8544,1108,949,1741,316,316,633
5350420.08,83729,16271,4157,11520,2257,3563,1781,1069,238,15796,3800,475
5350355.06,83750,16563,28972,5607,34891,6231,1246,623,0,3738,0,0
5350422.05,83780,16291,10578,63399,635,705,212,1834,1481,5430,2539,353
5350190.02,83847,16153,10096,2125,14665,13496,2444,213,531,1063,319,319
5350520.01,83854,16059,27170,12674,8333,7726,3038,1736,3993,1302,174,0
5350403.14,83940,16010,19102,57556,3441,2643,599,848,1247,748,499,0
5350401.09,83969,16031,7633,74478,1073,1312,358,1133,119,179,596,239
5350294.01,84018,15982,1663,998,23392,998,18293,1109,3548,3437,0,0
5350308.03,84018,15982,6849,15525,1370,4110,0,0,5023,3196,6849,0
5350089,84038,16098,3820,10505,1091,1364,1364,2865,273,3411,2729,546
5350576.63,84043,15957,69636,310,8908,1007,1627,1936,2246,2556,0,0
5350520.02,84062,15867,20663,15374,4866,10085,1693,7475,3808,2609,846,282
5350526.01,84066,15851,20681,4817,8140,5150,2741,2326,8306,249,664,249
5350112,84102,15992,2070,3481,4610,1693,6867,376,564,1505,941,282
5350283.01,84154,15945,5807,1181,35630,6201,10728,689,2067,295,0,0
5350102.03,84189,15811,1757,3108,2027,1081,5405,1892,270,2432,946,405
5350032,84217,15783,7774,6832,14488,2709,2356,2356,1885,1178,471,824
5350528.25,84246,15688,30441,9880,6475,8945,2737,5207,4940,1202,1135,0
5350317.03,84254,15608,3729,8564,4282,6768,1381,2348,829,1243,3177,1243
5350422.06,84297,15607,4913,13391,2216,6069,1830,867,289,13776,771,0
5350401.17,84322,15678,22458,53672,2401,1977,0,1554,0,424,565,0
5350353.03,84323,15677,38386,14333,7249,9390,1812,1812,1812,1153,329,659
5350378.04,84333,15667,46583,10167,13583,10917,833,2417,250,1750,500,167
5350014,84388,16034,9705,14768,3376,2954,1266,4219,1688,2110,3376,2532
5350351.01,84389,15611,34344,3211,10348,11418,1606,1427,803,1606,268,0
5350424.07,84395,15605,5599,28350,2263,298,119,2740,179,10899,3931,357
5350525.01,84418,15582,17372,5136,9819,6495,2417,1813,5438,604,453,453
5350099,84427,15573,7863,4809,2901,3588,3359,1221,1756,840,2137,1298
5350377.03,84464,15714,7665,59358,4813,2852,0,1961,357,0,891,0
5350528.46,84465,15465,44717,8747,5668,8048,2939,7628,3289,630,840,0
5350359,84470,15530,20729,3376,22620,7292,2228,810,1080,3646,743,0
5350304.03,84471,15358,7338,28498,10751,10922,2901,341,1706,4266,2730,0
5350528.48,84475,15462,61069,3396,6918,6541,1509,4088,3648,1132,0,0
5350353.04,84485,15515,40430,2265,12911,13024,1586,906,227,1699,0,227
5350290.02,84548,15743,3499,2332,11079,20117,9329,583,2915,583,875,583
5350576.1,84562,15438,55772,2309,10531,2066,1904,2471,1701,932,0,81
5350378.03,84568,15500,31726,16304,17188,9035,2582,543,815,340,272,136
5350521.05,84571,15545,16357,1508,5452,10789,3596,1740,4524,696,1856,0
5350424.15,84596,15353,10389,33879,1894,2047,768,1842,921,11310,2252,102
5350158,84602,15398,3885,1014,19088,8784,12331,0,5236,338,338,1014
5350365,84621,15456,45904,2396,8037,9119,1855,773,1314,1236,0,0
5350500.01,84650,15201,5067,3279,6408,3279,2832,2534,894,596,1043,298
5350013.01,84664,15415,11453,12006,4897,3160,1659,2686,1580,1422,1264,1659
5350097.04,84664,15245,6358,6540,4723,1635,5995,545,2816,545,545,1181
5350047.02,84750,15385,12129,4043,11590,3100,3908,943,3908,0,674,270
5350576.44,84767,15233,35842,358,20430,4480,2867,1613,1254,0,0,0
5350312.04,84785,15215,9499,4398,28144,1143,8795,616,22691,1319,0,0
5350370.02,84787,15121,30612,15121,6772,13544,742,2226,1948,2597,278,371
5350403.11,84793,15160,17938,62853,2401,2778,141,1412,1083,942,330,0
5350576.61,84828,15217,63089,996,11821,408,2355,4076,498,3397,0,0
5350200.01,84829,15171,3770,2244,6732,2783,2424,1077,1167,987,1346,359
5350193,84830,15170,13158,2322,2786,2941,774,1084,310,8050,464,619
5350357.02,84837,15163,32438,1248,28215,2687,672,1536,288,4031,288,192
5350576.7,84901,15099,55046,1660,15336,4532,1370,1001,1238,922,105,53
5350401.04,84914,15086,11820,59565,5443,3266,0,1400,0,467,0,311
5350369,84944,15119,36740,5266,7210,6583,2445,1003,313,5266,188,376
5350378.07,84953,15047,24324,38568,10738,8692,1023,1753,657,146,511,0
5350424.16,84966,15034,10251,31378,2278,1481,285,3872,1082,10877,3872,114
5350312.06,84979,15165,2289,3004,18598,4578,15880,5722,12589,2432,0,286
5350312.02,84985,15170,12693,8824,21053,7585,5418,0,17957,1858,310,0
5350420.03,84988,15012,6467,22479,5466,4234,1001,1617,385,14011,3387,385
5350519,85027,15107,17781,9626,4412,7487,2807,4412,3075,535,267,0
5350274.01,85062,14938,6023,14849,5504,5607,3842,1142,623,7477,4984,727
5350286,85078,14922,6859,4693,16486,6739,5776,361,2527,1203,722,722
5350422.04,85080,15043,9864,62145,986,863,0,740,1356,5425,4069,370
5350613.04,85124,14758,5903,8028,3188,1653,3896,2597,826,1535,1535,472
5350260.01,85152,14924,47348,4545,3712,14773,606,1364,758,7197,530,0
5350576.62,85185,14815,66263,142,10961,996,2633,2562,2847,2776,0,0
5350097.01,85194,14806,14286,10276,4511,1128,2506,501,5514,251,1880,752
5350524.02,85196,14804,11872,1816,4190,5587,2095,4190,2793,279,279,279
5350316.04,85199,14801,9255,5889,34856,1803,9014,962,12620,1563,721,240
5350036,85209,14882,4174,31125,2450,3176,726,2904,2269,1270,3902,1724
5350185.01,85245,14828,4526,3358,4380,5109,2336,1095,584,1241,876,730
5350225.01,85256,14744,6627,4016,2510,4920,2912,1506,904,0,5522,301
5350040,85259,14631,1760,35864,2090,660,550,220,1100,220,440,440
5350576.52,85269,14815,43013,1347,24579,5135,1684,1094,2441,337,0,0
5350528.18,85286,14714,29136,9810,7540,6881,1611,4100,4612,878,952,366
5350520.05,85290,14575,20676,3514,12027,10000,3378,6892,1892,1081,1081,270
5350576.42,85341,14620,44097,1228,19453,6141,1743,1387,1545,1070,79,0
5350576.05,85348,14652,34531,3299,13710,4472,3079,587,1246,1100,0,0
5350274.02,85358,14642,4673,21080,2388,831,1869,1246,312,5296,5400,727
5350038,85373,14627,2113,36620,3239,1690,1831,704,2676,704,704,1549
5350243.02,85386,14614,13396,3518,18268,4330,6360,2300,2165,541,812,271
5350403.05,85427,14573,6643,57414,356,1542,237,1305,0,0,356,1186
5350576.53,85436,14564,41972,1606,21560,8945,2179,229,344,688,0,0
5350163,85457,14656,2593,5862,9470,3833,7441,676,789,1917,789,676
5350612.24,85464,14599,16667,15977,940,1942,1566,5388,815,501,3571,313
5350564.02,85475,14525,25392,1045,18809,7628,6270,1463,2403,418,0,209
5350571.01,85478,14522,13503,1401,27771,1274,1783,637,1783,255,255,0
5350180,85546,14454,13904,3221,13904,4556,1414,550,1100,1650,1493,314
5350378.06,85549,14368,45868,5207,17107,15041,1570,0,496,1983,248,0
5350612.15,85633,14367,11151,6719,3860,1501,5289,7648,500,1358,1716,500
5350401.2,85633,14253,22717,61301,2169,3082,457,0,2055,913,0,342
5350107,85728,14272,3248,2461,7283,3839,7087,689,4823,197,197,394
5350528.1,85730,14213,33897,10829,7219,4907,2764,4174,4061,1466,395,169
5350528.45,85740,14171,22014,11586,16756,7130,1248,4545,4545,446,891,267
5350576.45,85740,14260,54234,0,20180,3063,1802,2162,721,541,0,0
5350376.15,85772,14228,8266,70325,1762,1491,271,2033,271,949,407,407
5350270.01,85799,14201,6852,7746,9235,7150,2185,4270,298,4667,2085,596
5350562.05,85802,14109,17901,2910,12257,7143,4586,1323,1764,2116,0,441
5350011,85850,14122,8211,12690,3216,1780,1837,1349,1206,2182,1780,603
5350528.41,85852,14148,51511,4695,8167,6817,1222,2122,3537,450,129,193
5350298,85895,14000,737,2211,2947,12421,1158,211,421,2105,1053,0
5350167.02,85913,14000,3481,2176,6266,12794,5222,1044,261,696,1480,1218
5350516.3,85930,14154,27638,23786,1005,1256,1926,9548,1591,503,1340,419
5350421.04,85942,14191,3984,6640,1461,4250,2125,0,398,12882,1461,398
5350247.02,85973,14027,29379,1326,11165,4047,5024,1047,977,1814,140,558
5350572.09,86039,14069,39568,1189,14595,7784,1730,757,1514,0,0,216
5350424.05,86094,13963,14802,34463,2599,1695,734,2994,339,8644,3220,339
5350572.04,86129,13710,29194,5968,11129,1935,645,968,1935,1129,0,0
5350173,86129,13871,3699,2114,33289,9908,8058,1057,6869,396,264,264
5350008.02,86134,13917,9712,9155,7081,2681,4552,2377,1467,1922,1062,506
5350523,86143,13776,7461,3731,7867,2514,3812,1217,3487,1135,1298,730
5350041,86152,13703,2190,24234,584,730,1314,438,1606,292,438,1022
5350420.09,86162,13946,4649,12973,5081,6054,1946,2811,324,11676,2919,1514
5350054,86166,13834,6149,7942,5465,1879,3245,1025,1964,598,1793,427
5350516.46,86220,13780,37927,10564,3215,6037,919,16535,1509,919,328,0
5350401.11,86224,13776,37856,41940,5981,2115,146,1240,1678,292,0,0
5350516.47,86244,13756,30732,12195,6341,7220,293,11902,1268,0,1366,0
5350091.01,86254,13650,4550,10745,1839,678,1065,581,1065,774,1646,678
5350573.11,86255,13745,45219,1394,21813,1494,3884,199,1494,299,0,199
5350245,86267,13806,14025,877,17239,4018,7743,1096,1972,2922,0,511
5350164,86278,13722,3533,3615,13065,5998,5177,493,1643,329,329,740
5350210.02,86278,13722,7102,7584,5568,1710,4077,1754,1315,1622,1973,745
5350576.43,86279,13798,42448,1472,18513,2091,2246,1162,1704,310,387,0
5350576.71,86329,13671,64821,3854,8944,3173,1129,1640,1363,1405,106,0
5350612.22,86329,13739,15721,5673,4306,3418,3554,6494,1094,1094,3144,205
5350370.03,86347,13653,17076,9091,11794,17322,369,1229,614,2580,0,0
5350030,86374,13626,17230,11599,15315,1689,2703,3266,1351,2027,1464,225
5350213.02,86391,13609,11552,6121,4483,4224,5259,2759,1983,1293,8276,690
5350174,86427,13646,4842,2935,36537,4035,9905,514,4622,954,1761,147
5350421.01,86427,13573,5356,16875,734,1614,147,807,734,13646,1908,147
5350135,86431,13569,4359,8141,2303,2961,2878,1151,658,2714,1974,987
5350301.01,86441,13559,7445,16074,4230,9645,1692,677,677,5076,2369,338
5350528.16,86442,13558,41538,13173,7500,6923,865,6250,2596,0,1058,192
5350575.03,86503,13497,25280,597,18792,4101,3207,746,1193,969,0,149
5350323.02,86580,13528,4437,39610,1623,541,0,216,0,5844,5952,649
5350366,86596,13404,32169,2437,12266,13485,894,1625,325,1950,569,0
5350364.02,86610,13559,23350,5245,9814,16920,1692,4061,338,1184,508,338
5350302.01,86640,13280,6320,28720,3680,2800,1360,2880,1200,2560,2400,1280
5350615,86641,13359,23707,16602,2162,1853,1853,8494,927,1544,3398,154
5350575.07,86659,13219,57650,5018,12118,4039,2326,367,1469,857,0,0
5350528.43,86667,13333,36529,15540,3532,7467,1211,5146,3330,1110,1715,0
5350374.02,86677,13323,11717,31140,4976,10273,1926,321,963,1605,803,2087
5350034.02,86680,13422,6051,9846,10051,3282,2667,3487,718,923,2256,615
5350575.02,86695,13411,15206,317,15312,4329,3801,528,2112,739,0,422
5350324.03,86717,13283,9787,42660,2133,1004,1004,878,376,4266,1882,376
5350111,86735,13265,1633,2041,3061,1633,9796,0,1020,0,0,0
5350238.02,86755,13245,13150,1892,12867,3217,5487,946,568,5298,1325,473
5350291.02,86757,13139,3441,1147,18457,6465,8133,938,8551,1043,209,0
5350521.03,86769,13231,27385,4410,7590,14154,5333,2974,2872,2154,205,308
5350576.64,86810,13248,66647,2208,8542,1859,2208,1162,1859,1336,0,0
5350249.01,86822,13068,49502,332,14618,5205,2215,0,1550,221,554,0
5350403.09,86826,13174,9281,81337,699,1198,898,0,0,200,0,0
5350516.29,86834,13271,25078,18704,8673,1881,836,3344,731,1672,418,418
5350207,86837,13163,6863,4510,6471,5490,4510,392,1373,392,0,980
5350171,86842,13026,6579,1711,31579,5263,3421,1447,3816,263,395,0
5350576.54,86851,13149,64790,0,18212,2870,1987,221,773,883,0,221
5350401.23,86863,13137,23861,46113,4290,2681,0,1340,1340,1072,536,0
5350281.01,86873,13127,6795,5869,26100,8571,6564,0,11274,695,772,0
5350516.28,86912,13190,20531,23800,2349,1941,1226,8478,409,613,1634,409
5350287.04,86943,13161,2484,3520,5797,16460,2070,207,725,0,932,0
5350576.41,86943,13057,45394,732,20195,6772,915,732,2379,1403,488,0
5350155,86964,13036,2310,2145,24752,660,7261,1485,6931,660,0,0
5350139.01,86982,12899,2844,7820,2014,2844,1066,237,355,1777,829,711
5350305.01,86997,12888,5639,34522,690,575,230,1266,690,10587,4028,230
5350342,87051,12949,26915,13220,12746,10847,1356,1085,1220,610,203,271
5350267,87062,12938,10288,34606,468,1559,312,1559,468,3040,3196,468
5350520.08,87063,13016,21253,7851,6503,11023,2220,4044,3093,2062,1190,0
5350378.12,87066,12934,28255,6557,24108,11090,3761,2025,0,482,0,0
5350573.09,87118,12799,37077,1156,22296,2477,1734,743,1899,0,0,578
5350201,87121,12879,6354,5157,4972,4880,3223,368,737,1105,1565,921
5350576.69,87175,12909,70327,1006,11987,2179,754,503,1676,1760,0,168
5350279.02,87177,12823,8684,8083,10146,7911,4815,430,6191,0,172,0
5350527.08,87208,12669,14760,14514,8118,7134,1353,3075,3813,861,1230,0
5350277,87219,12781,1302,2959,828,9112,1065,0,237,592,237,0
5350312.03,87249,12831,7612,2404,22196,4167,15465,481,9295,2564,0,0
5350420.1,87293,12569,10359,72928,0,1105,0,1657,0,6492,691,276
5350422.03,87323,12677,11261,48300,1629,2054,779,3258,1133,8003,3824,779
5350402.09,87335,12665,3166,9367,923,2902,923,0,528,11873,4090,792
5350132,87336,12758,1595,1970,3846,9662,2814,469,0,1970,750,563
5350128.04,87350,12650,5453,3708,4471,2072,2290,545,0,2508,2181,981
5350299.01,87418,12500,5761,8971,2634,4774,1152,823,412,5350,4609,412
5350561,87420,12500,23496,561,15958,5774,2887,0,962,802,0,160
5350200.02,87440,12560,4348,2899,6280,4831,3382,0,0,0,966,0
5350110,87449,12415,2869,3962,4645,4098,9290,410,683,0,410,683
5350222.02,87475,12627,9776,2342,14053,4786,2444,1426,611,2240,815,0
5350313,87477,12613,5676,2432,18018,6667,18288,811,6667,360,0,450
5350063.04,87500,12500,5511,5348,6483,3241,2107,1297,1945,810,1297,0
5350353.02,87512,12488,32703,2647,6805,11437,1040,2647,1607,2552,945,851
5350096.02,87519,12481,6088,6393,2435,2283,5175,304,2283,1065,2131,304
5350576.5,87537,12463,48665,964,21736,2745,3487,593,1632,445,0,0
5350401.06,87550,12450,4418,64458,1807,803,0,402,201,201,1205,201
5350573.1,87558,12442,37327,1229,18740,6298,768,614,1843,307,461,0
5350400.13,87566,12509,63623,21257,4192,1796,225,674,599,1347,0,0
5350108,87604,12313,4080,2664,14738,1998,6994,749,4163,333,0,167
5350576.49,87635,12365,42656,1494,24232,4315,2905,830,747,249,0,0
5350046,87663,12337,2612,13353,6096,726,2903,435,3048,726,290,1016
5350279.01,87685,12315,1847,4557,4557,9113,4680,246,1724,0,369,246
5350166,87694,12306,1195,2270,2867,9200,2270,478,1195,0,956,597
5350053,87703,12297,5209,6490,4697,1025,5124,512,2050,171,256,598
5350263.03,87709,12291,10850,12752,4922,11521,1342,1790,447,1566,1566,559
5350575.05,87726,12274,23160,1732,19913,3319,4185,1804,1227,144,0,144
5350294.02,87753,12360,5618,4831,13708,9213,17865,449,11348,0,0,0
5350576.68,87757,12243,64264,1030,9166,1339,1236,1030,1957,206,206,0
5350033,87764,12347,8333,5556,27000,1889,2556,1222,3222,1667,889,0
5350400.11,87780,12220,48482,33946,4712,2636,240,559,240,1118,0,0
5350424.13,87783,12217,11086,39140,2262,1357,1357,905,1131,7919,1584,452
5350612.19,87790,12088,10379,8303,4274,2320,3297,3053,0,1587,1221,244
5350516.16,87805,12293,12098,11024,5073,1073,1561,2341,585,683,878,1073
5350273.01,87824,12176,7902,23834,5052,1036,389,777,259,5699,1166,1166
5350522,87833,12167,5333,9917,5583,3333,1167,2167,3000,333,1333,333
5350271.02,87834,12273,13966,5330,7356,6930,2665,4904,0,5650,959,0
5350528.2,87845,12155,52718,2847,7938,3279,431,1294,1898,345,259,345
5350244.02,87850,12283,4806,1068,39119,4272,6676,668,4940,4539,401,0
5350263.04,87853,12147,17712,6505,7680,2821,2351,2273,549,4624,1724,392
5350528.19,87862,12232,30812,12792,5882,6816,2241,5415,4855,1494,1587,187
5350368.02,87863,12137,26913,12005,5277,11609,528,528,1451,923,396,264
5350285,87865,12135,3379,2919,12135,6605,4762,0,3687,0,1075,0
5350208,87879,12121,6061,2545,22182,3515,2303,1697,1697,242,848,485
5350576.34,87901,12099,32510,1893,27078,3128,2551,741,576,165,0,0
5350400.04,87918,11825,2314,26478,1542,6427,1542,0,0,514,514,514
5350372,87919,12081,18345,11298,5705,9172,671,4698,559,447,2013,559
5350527.09,87943,11915,12500,19176,6676,11222,2273,4545,852,1136,852,0
5350403.04,87986,12014,11098,72426,801,572,229,1945,1373,1487,686,0
5350248.02,88025,11975,16533,1609,45219,3575,5094,894,3307,3128,447,0
5350612.14,88038,11962,8732,7057,1675,1316,2033,1675,239,598,1196,239
5350411.29,88047,11953,7019,16135,1641,1550,0,365,547,5105,3282,0
5350109,88089,11911,3509,6556,5355,3324,6464,185,2678,277,739,369
5350332,88089,11981,29432,2493,22438,6510,1939,623,693,1939,139,277
5350620.11,88096,11859,30317,1650,5038,5172,3165,4637,1115,892,1115,223
5350575.08,88108,11892,34685,2523,14324,2973,3243,1261,2793,721,0,0
5350230.02,88116,11806,1721,1487,10329,1408,8138,782,313,626,1565,469
5350352,88139,11765,32915,7432,7432,14286,1737,386,1351,3282,0,0
5350316.01,88149,11718,9055,4128,7989,4394,9188,1332,18242,666,0,0
5350517,88166,12130,6805,10059,3254,4734,1183,5325,0,2071,0,592
5350355.02,88196,11708,25912,2495,17274,15739,1152,1536,960,2303,288,0
5350354,88207,11889,28188,2013,8150,16874,3068,192,1151,2780,384,575
5350239,88258,11820,7543,1011,22706,3733,5754,855,467,2100,1166,0
5350620.08,88284,11716,27511,3455,6910,4415,1919,5886,2111,2047,512,192
5350297.02,88299,11624,2696,2928,1849,11094,1002,1464,1310,1387,1310,385
5350403.16,88308,11567,16065,38730,4483,5355,0,747,747,0,1370,249
5350045,88318,11682,2181,9190,1558,779,4050,0,3427,0,935,1246
5350403.15,88354,11646,6369,72796,633,1139,253,2024,675,2235,1645,253
5350363.04,88360,11772,34082,3963,18362,17437,1585,0,1717,661,925,793
5350189,88361,11732,10801,3538,12942,3073,1769,931,838,1490,559,838
5350528.33,88363,11559,33282,7836,5974,4189,1319,5043,3026,1164,543,155
5350402.1,88388,11612,4093,25512,4911,6958,1774,546,1091,3820,6139,273
5350345,88396,11604,20991,6258,8344,18123,1173,1565,2216,391,0,391
5350562.13,88412,11588,20513,2137,14957,13675,5128,0,5128,0,0,0
5350563.02,88498,11502,17440,1440,11680,3360,5120,1280,2080,1280,0,0
5350156.02,88516,11484,2120,1590,10247,7244,8481,530,5300,0,353,353
5350192,88525,11475,3825,5464,9836,8743,3279,2186,0,2186,0,2186
5350423.02,88557,11378,5202,9688,1625,2666,520,975,260,10663,1235,260
5350612.21,88574,11426,14787,5078,4257,1494,3585,6647,299,597,2689,149
5350576.07,88590,11518,27987,3337,14316,1722,3122,215,1615,215,0,0
5350031,88613,11387,32157,13392,12590,3689,2646,1684,5293,1363,160,321
5350620.12,88667,11304,30789,3418,6437,3446,3304,6465,1510,1082,399,342
5350424.11,88717,11283,6696,20769,3100,1116,558,806,744,7750,930,124
5350400.23,88720,11338,60666,16774,2805,4150,468,117,351,1520,0,117
5350096.01,88757,11538,3245,10029,4425,590,3540,0,3540,590,590,590
5350576.56,88761,11303,65539,255,15124,1213,2042,1149,1978,1851,0,0
5350311.03,88827,11173,10987,4469,10056,5587,5028,559,4655,745,931,0
5350612.25,88827,11173,13758,13389,1570,739,1108,5355,369,185,2678,831
5350092,88841,11087,4724,6872,2720,1646,1503,716,644,358,1933,2004
5350278,88851,11149,1088,1700,2515,8158,2243,204,680,952,476,204
5350250.02,88856,11144,14627,398,21095,3284,7662,2289,1891,1194,597,299
5350005,88862,11057,6962,4341,10401,7617,3931,655,3767,410,737,164
5350344.01,88868,11224,26784,4819,10102,15292,1854,1297,1761,463,0,185
5350575.04,88871,11129,8592,1473,12930,8183,5401,409,2128,0,0,0
5350421.06,88873,11274,5702,13889,1316,1316,585,2047,1170,15497,4532,439
5350304.02,88914,10974,5381,33296,1345,1345,1570,1345,561,7511,4036,1233
5350008.01,88933,11067,7073,7466,3602,2620,2750,1703,1310,1048,2030,524
5350124,88942,11153,2860,3337,2097,1049,2097,858,191,1525,1621,858
5350236.01,88964,11036,9977,2192,7785,4460,4686,2116,1134,2268,1738,0
5350167.01,88978,11022,3495,3226,4839,538,1613,538,806,1075,538,538
5350378.05,88988,10883,24744,3205,28077,16026,513,641,641,1026,0,0
5350057,88989,11011,3596,4045,1348,449,1798,0,899,674,2921,1573
5350059,88994,11321,4396,10989,2355,1256,942,942,785,785,471,2512
5350122,89014,10986,4010,5533,802,1203,1123,1043,642,962,802,882
5350612.23,89059,10832,11050,8972,2735,1751,2298,3829,985,2188,3173,0
5350516.03,89064,10936,12697,2277,4116,3678,4991,3327,701,788,263,175
5350576.29,89072,11055,36468,254,20839,6353,3177,1017,1271,508,0,254
5350308.02,89082,10918,4646,8827,929,1858,1742,232,232,6272,4878,697
5350528.34,89103,10897,26488,9137,4275,10059,2515,2766,6203,1676,587,168
5350401.14,89117,10883,6082,58131,1601,960,0,1472,768,832,256,128
5350244.01,89123,10789,11579,1140,25702,5351,9035,263,3246,2018,1579,263
5350410.1,89128,10872,3793,10619,759,759,1138,1264,253,5310,4551,253
5350503,89133,10867,9372,2991,6181,3789,3589,3789,897,698,0,199
5350378.16,89156,10762,54553,5546,12583,8030,1325,662,662,1656,0,0
5350528.02,89173,10827,31714,14708,7223,4071,1641,10506,3940,460,985,0
5350411.18,89213,10831,13028,17161,3684,4313,2381,1662,1932,3774,3998,135
5350347,89251,10557,23654,10192,8462,20577,1346,577,769,0,769,577
5350528.01,89270,10730,18909,17678,7652,5453,1231,6860,1935,528,176,440
5350424.14,89280,10682,10947,21250,2348,1591,1364,2500,795,11326,2765,114
5350573.03,89283,10717,17633,322,15378,5556,4187,1932,1852,161,0,0
5350335,89288,10777,25653,5614,7311,6527,1371,522,457,1305,457,326
5350576.06,89288,10781,26418,1383,16044,3458,1521,553,1037,207,0,484
5350576.24,89320,10632,58936,575,6181,815,1390,527,1437,1342,0,0
5350066,89345,10655,5256,6911,6263,6407,3096,1440,1512,720,936,504
5350521.04,89349,10651,9648,4135,6126,8499,2833,4671,2603,1072,842,459
5350562.03,89368,10532,17954,702,14644,2608,5216,1003,1003,201,0,0
5350528.37,89397,10603,55627,2403,7151,4572,645,1817,2462,234,117,176
5350378.25,89420,10580,70427,3569,5864,12173,1083,382,637,191,0,0
5350576.72,89428,10626,52022,3181,6092,3235,1078,2318,2426,1563,108,216
5350516.09,89429,10643,9143,6143,8071,4714,5929,3643,714,357,714,571
5350562.07,89432,10568,26507,910,7509,3982,6143,341,910,0,0,0
5350137,89440,10560,3470,4887,4249,4037,1983,567,212,2408,1700,496
5350403.12,89451,10601,30416,39114,2741,4744,211,1950,1002,896,474,158
5350528.12,89469,10444,38381,12097,4961,5570,957,5918,2263,2350,174,609
5350378.27,89474,10526,55220,1984,15444,14754,777,949,1035,0,0,0
5350527.07,89511,10591,9267,1324,9674,9267,6212,1833,916,1018,0,407
5350210.01,89513,10487,8427,5618,3184,2996,2060,0,2622,375,2247,749
5350608,89515,10485,5049,2330,1748,10097,971,0,0,1359,777,0
5350165,89523,10477,1630,1746,5355,7334,3143,815,349,349,582,582
5350401.15,89580,10603,4753,33821,3108,3839,548,1463,2194,0,0,731
5350620.1,89609,10391,31663,4360,4645,4971,1059,3993,367,1263,652,407
5350402.05,89620,10127,5823,23038,506,506,0,0,0,12152,2785,0
5350106,89627,10512,6906,9116,7044,13260,6906,0,5801,276,414,414
5350240.02,89643,10270,2003,697,7317,1132,6098,697,0,697,1655,0
5350402.08,89661,10339,7183,27845,323,1453,969,969,404,13317,5327,161
5350275,89661,10339,1441,3390,932,7712,1949,0,169,1864,1186,254
5350420.06,89695,10401,6011,61546,859,1336,0,3053,0,5439,1622,0
5350237.03,89695,10305,10385,716,10833,2865,5103,358,358,448,3312,179
5350516.08,89698,10302,11307,2178,12060,9883,1926,4020,503,1089,754,251
5350528.15,89725,10275,22646,23386,6243,5503,741,7196,2646,1905,635,0
5350516.32,89725,10275,22279,3662,7223,6409,3866,6409,610,2442,916,305
5350029,89734,10192,6130,26145,5022,2290,665,812,4357,886,739,1625
5350364.01,89755,10245,30736,3940,12872,9982,2715,788,1313,1751,0,350
5350016,89763,10185,6279,9213,7823,2316,1853,1081,1184,1595,1184,721
5350222.01,89776,10149,4552,5896,6418,4403,3209,2015,1045,2388,1866,672
5350411.17,89778,10222,7666,22865,1681,1748,740,2421,1210,5649,2623,0
5350528.39,89786,10143,27214,5786,6214,6286,4071,4286,1786,2357,1000,214
5350044,89821,10179,3393,8095,4524,1667,2679,476,1310,714,1667,536
5350410.02,89840,10160,6621,13356,5023,20434,1256,0,1598,1484,2740,457
5350312.07,89902,10098,3257,2606,17427,7818,7980,326,9446,977,0,0
5350114,89922,10174,1452,4840,5808,3098,3485,1065,387,387,581,290
5350113,89925,10075,2617,2430,6168,3364,7103,374,561,0,0,748
5350348,89944,10056,13128,5400,3724,14432,1955,186,1210,838,652,931
5350091.02,89971,10029,2718,5579,10587,1288,2003,1431,429,2003,715,429
5350421.07,89976,10024,3341,9189,835,1074,1074,597,239,13962,3580,0
5350411.09,89976,10103,14613,7978,3555,5292,1738,1896,1343,2133,711,237
5350403.13,89984,10096,23478,28205,4167,4888,481,1282,1122,641,881,240
5350420.15,90000,10000,8909,43430,0,668,0,4009,2450,14477,6236,891
5350612.18,90012,9988,9535,5233,4070,3372,2558,4767,1163,1395,1163,0
5350358.02,90042,9958,17191,1468,28616,8595,3249,524,0,2516,210,0
5350612.08,90046,9954,17972,10415,2028,645,1198,3871,1290,2028,1382,276
5350401.07,90050,10076,3023,34761,504,1134,0,378,0,1134,1511,1511
5350153,90068,9817,4571,3200,9829,4114,9143,800,8000,0,457,686
5350411.01,90105,9895,15794,6470,5519,15699,1808,1237,2379,1998,1808,285
5350516.31,90128,9872,15722,19561,3656,2194,1097,5850,914,2925,2011,548
5350272.02,90138,9756,14210,14740,6469,4560,1485,6575,636,2227,1379,212
5350074,90191,9809,8153,17325,8280,2038,1656,764,1911,637,255,1529
5350371,90197,9735,14159,8781,3880,11504,885,6603,477,1906,408,272
5350452.06,90226,9882,8378,15575,4834,3115,2256,859,5156,2363,644,0
5350516.39,90258,9647,35244,3629,12989,8309,2101,7259,2865,287,191,0
5350184.01,90258,9742,7853,6362,4573,4175,1690,596,795,696,1193,1392
5350343,90261,9739,23306,6778,10939,9156,1070,357,0,476,0,476
5350620.01,90266,9734,25068,1958,7993,5873,4024,2066,1088,1686,218,163
5350015,90274,9726,6027,9178,7397,1370,822,1233,548,1644,1233,959
5350562.09,90274,9726,15586,998,11721,6983,8603,499,1247,0,249,249
5350154,90297,9783,4006,1603,7292,2804,5929,160,2244,401,401,481
5350129,90306,9694,3144,8472,2707,1921,786,611,611,873,2271,961
5350513.04,90318,9682,10345,5703,1724,2255,2785,1459,1857,2653,663,398
5350176,90323,9677,3846,2109,8685,1985,7568,372,2978,744,248,620
5350516.38,90323,9677,36943,8218,8372,6605,2304,9908,2611,1152,154,461
5350560,90330,9670,18936,1048,13296,3707,4432,242,2498,403,0,161
5350528.49,90337,9663,37134,4235,4886,6515,1954,1846,1954,217,1194,0
5350098,90339,9732,6202,5497,10853,987,3665,1128,2396,282,1621,282
5350502.01,90355,9645,6642,3640,8007,8371,3094,2093,455,0,1092,910
5350400.21,90355,9391,29262,41730,3053,6616,1018,0,763,0,509,0
5350620.06,90427,9573,22901,2356,5228,6406,4418,4566,1031,957,957,515
5350424.04,90437,9356,13098,45738,3326,2287,0,1247,624,8940,3326,0
5350452.05,90441,9664,10294,7353,3571,5567,2416,1366,6092,6618,1471,210
5350356,90445,9555,27609,2717,8152,11957,1957,217,978,1413,326,0
5350042,90449,9663,1796,8193,2132,673,1347,337,337,337,224,337
5350516.25,90494,9632,21673,5070,7224,4816,2028,1267,887,3549,507,253
5350411.21,90504,9496,22868,5426,6783,4457,9884,2907,5426,6008,0,0
5350411.3,90522,9478,6658,15649,892,4942,412,686,1647,3500,6795,206
5350424.08,90528,9472,5345,20365,1286,812,880,1150,677,9472,2842,406
5350058,90552,9571,2206,10907,1838,980,1103,490,490,368,1593,858
5350358.03,90582,9511,17267,1847,27147,11265,1385,554,923,923,0,369
5350412.1,90593,9407,18575,1018,3308,2036,1866,2375,2290,933,0,0
5350612.03,90640,9360,9920,9680,3600,720,2160,2400,560,1120,1280,880
5350450.06,90680,9320,6537,26149,2654,2071,971,1100,583,1877,453,0
5350410.11,90686,9191,858,4289,1103,1716,490,0,245,1348,1961,0
5350400.12,90704,9296,7044,44735,4938,1816,581,1235,1017,436,654,654
5350270.02,90714,9167,4052,6436,12634,3218,2741,2265,238,1907,1549,596
5350410.03,90725,9344,2092,9275,488,3696,349,907,837,4114,4603,139
5350605,90737,9474,3571,3782,0,420,630,420,0,2101,0,0
5350442.06,90758,9242,7251,27962,3744,1848,1327,1801,853,4313,1754,379
5350094,90787,9213,1865,11295,3109,1451,2798,311,1140,1036,1347,622
5350540.02,90800,9108,5704,1932,2300,2392,1748,1196,1196,460,552,184
5350362.03,90803,9197,34891,8686,13504,8102,1314,438,949,292,657,292
5350264,90805,8812,6130,26054,766,1149,0,0,0,4981,0,0
5350131,90858,9142,1584,3821,1584,3821,1864,186,652,839,652,466
5350528.47,90875,9125,31464,8270,6559,7129,2567,7129,4658,1521,475,190
5350402.01,90890,9110,5602,29253,4357,1245,1867,1452,0,4772,2697,1245
5350401.1,90919,9188,8004,64568,1921,640,320,1281,854,640,961,213
5350528.24,90926,9074,36581,11175,5062,5062,1146,5826,1910,287,1433,860
5350367.02,90972,9167,26944,7639,5833,10694,2361,694,0,417,417,278
5350576.47,90977,9023,69549,1880,10777,1629,2005,251,501,0,0,0
5350055,90996,9004,4789,4598,4215,383,2299,958,958,383,383,1341
5350612.13,91003,8997,3985,7841,1671,514,1157,386,514,514,1414,0
5350540.01,91012,9091,2580,1445,3509,1754,2167,2683,619,413,516,0
5350411.19,91026,9032,4338,13716,645,1641,996,1172,586,6038,2931,0
5350573.05,91039,9050,20430,1523,11738,1434,2061,179,896,269,358,0
5350402.07,91045,9204,4963,17618,1241,0,744,0,496,14640,5955,496
5350400.19,91046,8954,19990,27382,3800,5518,1249,573,989,781,312,416
5350573.07,91050,8950,11962,602,21687,2496,3184,1033,1033,516,0,0
5350206.01,91063,8937,3739,1809,5066,5911,1327,724,1327,241,0,0
5350315.01,91063,8937,14946,1541,6780,2003,9861,1387,3082,2465,308,0
5350524.01,91104,9003,7181,7610,6860,9218,3215,3323,6109,0,750,322
5350130,91111,8889,2815,5778,889,3556,296,593,741,741,0,0
5350606,91124,8974,5523,2367,4734,2959,1775,1282,690,2860,197,0
5350056,91125,8978,2064,9907,2374,722,1961,206,413,722,1238,413
5350119,91128,8872,3289,3509,2632,1316,2851,877,548,1096,548,1096
5350378.17,91163,8837,27729,2212,30678,8997,1180,0,0,5752,0,295
5350575.01,91179,8736,18591,170,20713,2632,4160,1019,2292,424,0,0
5350209,91188,8621,4023,1533,4981,4023,2682,958,2299,0,1149,575
5350266,91190,8810,3400,16692,2164,464,464,618,618,4482,2318,927
5350073,91221,8969,3053,32824,5344,763,954,954,1718,0,573,0
5350048,91223,8921,3741,2302,3453,1727,1007,432,0,288,576,719
5350358.01,91272,8728,19675,2811,12722,8432,1775,0,0,740,0,444
5350403.01,91293,8773,12335,57718,3232,528,726,1385,264,1121,330,1187
5350411.23,91309,8801,8901,1648,4176,2637,3956,1758,2857,4286,1429,0
5350562.15,91345,8655,37766,2527,12500,3590,931,931,1330,3191,0,399
5350010.02,91346,8722,5541,7230,4257,2838,2500,676,1216,676,1689,541
5350516.4,91379,8621,26254,7367,9639,6113,2038,3918,940,1254,235,313
5350019,91382,8780,1789,16585,12358,2276,1138,0,3577,488,813,0
5350185.02,91406,8594,7143,5357,5915,3348,2009,1116,1004,1228,223,446
5350601,91429,8571,6548,9048,238,1071,1071,0,476,1667,476,833
5350527.02,91431,8669,12298,6855,2218,2419,1613,806,1008,907,907,504
5350028.02,91448,8552,3641,18713,3387,2371,1693,677,677,0,762,339
5350276.01,91454,8466,2474,3432,2713,7023,1596,798,399,1197,559,479
5350576.32,91466,8534,31832,1361,18168,4293,2775,681,1466,0,0,0
5350600.02,91471,8458,11016,13646,5899,2985,711,3483,640,3056,1493,284
5350287.03,91505,8495,1639,1639,40984,6259,4918,1937,1639,2086,1490,298
5350613.03,91511,8489,8365,4869,4370,499,1623,1623,250,375,1124,0
5350350,91517,8483,18096,4147,6598,8483,1320,3582,848,2451,189,189
5350080.01,91518,8631,3423,7143,4613,2679,2083,0,595,298,893,1042
5350047.04,91522,8651,1903,5190,2595,2768,2422,346,3633,0,0,0
5350233,91525,8475,4817,5085,2498,1249,1249,178,357,1070,3479,535
5350550.02,91532,8401,9617,6927,4304,3026,2085,3430,1345,605,538,202
5350411.22,91551,8357,13370,4364,3528,2600,2878,371,5200,3528,464,0
5350411.28,91553,8350,5053,14480,583,1944,389,292,389,2527,3401,0
5350516.26,91562,8438,20133,10141,11695,4219,1850,4293,1776,1184,888,370
5350515.02,91581,8419,10635,5465,2511,3102,1034,591,591,1182,1329,0
5350276.02,91599,8401,2379,7286,818,7584,1264,595,446,1413,1190,297
5350261,91602,8301,33012,3668,11004,7529,1351,2124,579,5405,483,386
5350082,91606,8394,5292,9124,4015,365,912,365,547,730,365,547
5350527.06,91622,8378,13830,8511,5984,3590,798,665,1463,1729,798,0
5350562.04,91638,8362,20848,802,13975,3666,6071,687,573,458,0,458
5350206.02,91646,8270,2954,2110,4388,2785,3376,422,1181,1603,253,338
5350203,91652,8348,3066,3066,3748,7666,1363,852,0,852,341,341
5350528.32,91697,8183,33213,10229,6619,6980,481,4212,6378,1564,963,241
5350528.35,91708,8292,31343,8789,1824,2819,498,4312,3151,3648,829,0
5350412.12,91719,8407,7528,7026,4391,3639,6274,2509,3137,1506,878,0
5350600.01,91746,8254,4921,9524,714,317,556,873,0,238,1429,238
5350400.2,91753,8247,24170,45475,5842,6529,916,687,802,1718,344,0
5350282,91771,8343,4566,1484,8790,2740,3767,685,3995,0,342,0
5350402.04,91781,8219,7045,30431,1370,1859,1663,881,1076,6556,4305,489
5350268,91806,8274,5807,15274,2546,4137,1432,2148,239,2387,1989,1114
5350410.07,91814,8186,12688,13915,2456,4366,0,273,1228,409,5048,546
5350116,91817,8183,1928,3133,5422,3494,1928,361,602,602,1325,1084
5350265,91819,8288,3983,11410,753,431,1076,431,538,2476,2368,538
5350085,91824,8176,3774,6289,2767,1509,2138,1006,1006,252,252,1384
5350184.02,91859,8141,4478,6649,4206,8548,950,0,2849,678,543,950
5350151,91867,8000,3733,1733,20267,3467,2667,800,267,267,667,267
5350610.02,91883,8117,6933,6426,3495,1127,2142,4115,451,958,733,395
5350550.01,91886,8008,5591,5169,2848,4114,4008,2426,1899,422,422,422
5350620.09,91922,7985,18663,2228,5850,4921,3157,4643,743,1021,650,929
5350528.13,91935,7903,22419,11290,2258,3226,968,9677,968,2097,484,645
5350378.26,91942,7955,65496,6715,5682,9814,723,2169,1550,207,0,0
5350293,91949,8129,8675,2603,12855,5757,10331,394,8360,710,237,315
5350362.04,91955,7943,27189,3055,24134,7128,713,1833,407,1426,305,407
5350095,91969,8189,2987,9434,3616,1101,2516,472,1887,786,472,1258
5350181.02,91972,7887,4937,8604,6629,3385,2539,705,846,423,987,846
5350090,91985,7888,3567,4968,1656,892,764,1019,382,2038,2038,637
5350050.01,92018,7925,4333,3820,2794,1653,2509,798,1140,570,1197,741
5350191,92047,7953,5023,5140,7009,3388,1752,935,467,584,935,1051
5350516.06,92053,8057,10044,2097,9051,6623,3091,2097,0,883,221,221
5350607,92061,7939,6250,1858,2196,1520,338,676,676,0,507,676
5350344.02,92063,7937,16825,10159,21429,8889,1111,1111,952,2063,952,476
5350331.04,92071,7929,19094,5987,11974,6634,1780,0,324,1294,324,0
5350521.02,92113,7738,13244,2381,5804,7738,4315,298,1042,0,0,298
5350421.05,92143,7714,4864,5722,1001,2146,1431,0,286,11731,1001,286
5350451.06,92145,7779,4381,4381,3323,3021,1586,1888,5060,3399,755,151
5350027,92148,7737,4965,25289,3926,1848,924,462,2194,462,346,462
5350516.02,92155,7845,14958,2406,7113,3975,3870,1151,1464,732,209,314
5350021,92159,7744,1452,2227,2130,1742,1646,387,1355,387,774,194
5350378.28,92179,7751,49965,5101,21454,5590,1817,769,210,1048,140,0
5350564.01,92211,7789,17474,1474,6105,5474,3579,0,1895,1263,0,0
5350260.07,92257,7612,37008,6824,5381,6299,2493,1181,0,4462,1837,262
5350215,92302,7698,6642,4075,1962,3925,1434,151,981,453,453,453
5350400.08,92308,7692,6440,14669,2326,1610,1610,894,1252,1431,716,0
5350571.02,92308,7818,7692,1892,2774,2396,1513,883,2774,0,378,0
5350204,92308,7692,3575,2600,3684,2600,1733,325,0,217,325,433
5350100,92322,7678,1825,5292,4380,1825,2190,365,2190,547,365,1642
5350121,92323,7475,3434,3838,1010,2828,1010,808,0,808,1010,1616
5350514.01,92324,7889,19403,13859,426,853,426,2985,1706,3412,1066,426
5350442.05,92340,7660,3315,9530,2555,3177,2279,760,1036,3246,1312,138
5350562.11,92346,7654,9817,2829,7654,12313,4493,0,0,499,0,0
5350609,92349,7829,7117,2491,1957,712,356,1068,712,356,890,356
5350220,92353,7529,2824,1882,1412,824,2000,235,941,0,1882,235
5350412.02,92379,7621,6515,814,1920,1396,2618,931,1396,1105,698,233
5350576.57,92388,7612,54030,1642,9851,1343,1791,1493,1343,1642,0,0
5350612.2,92419,7581,11247,7795,3118,780,2227,4788,223,1782,2673,1225
5350237.02,92422,7578,11184,3618,2796,2632,7237,1151,493,987,658,822
5350410.14,92429,7654,5075,13727,1664,4825,1165,749,416,998,3161,250
5350402.13,92447,7553,11178,36153,1309,1007,201,1511,302,5942,2820,0
5350481.01,92494,7565,7738,2894,2481,1595,2894,945,2776,1359,118,0
5350043,92510,7490,1183,10512,2891,1445,1577,657,1183,394,526,263
5350362.02,92520,7480,37845,6411,11131,4452,2048,980,356,1425,1514,267
5350412.24,92533,7527,12366,5556,4421,5137,5018,2808,7587,5436,1912,119
5350612.27,92534,7564,9332,8153,3045,2161,884,3340,393,1081,1866,196
5350128.05,92537,6716,1504,3008,4511,0,0,0,0,3008,5263,0
5350402.03,92542,7458,1695,9153,4576,2034,1017,847,0,8136,3220,339
5350362.01,92551,7368,24534,5749,24372,9555,729,324,486,3320,162,243
5350612.05,92554,7359,3293,3640,4419,1213,1733,2600,347,2166,1560,607
5350516.2,92560,7520,20960,6640,4880,4000,2560,3840,1040,560,400,0
5350067,92604,7396,3561,3264,2077,890,593,0,593,0,593,0
5350086,92615,7385,2794,4990,1198,998,399,1198,0,599,0,399
5350410.05,92628,7372,2324,6891,641,2484,160,561,641,3766,1603,0
5350516.17,92662,7482,10776,6753,11782,3305,287,5747,862,287,575,431
5350410.04,92664,7336,2574,5534,1030,1544,2059,0,0,2960,2445,644
5350411.25,92669,7478,21408,7331,6452,5865,5279,1173,6891,4106,587,0
5350516.22,92678,7251,21121,4885,6034,5029,3089,6609,1940,1078,1149,431
5350562.02,92681,7319,24191,4160,9399,3236,3467,385,924,924,0,231
5350440,92686,7314,4055,10355,1086,1086,941,1593,434,3548,1014,724
5350338,92710,7290,2744,4545,5832,2659,600,429,943,429,257,343
5350516.11,92715,7395,9272,9603,2318,2208,883,4525,773,552,2428,993
5350411.16,92736,7345,8071,5165,4923,2179,3067,2583,2179,4036,726,0
5350411.26,92737,7263,12197,4562,5959,3538,4469,1210,3352,2235,745,0
5350010.01,92748,7252,5439,4580,5725,2004,2576,1240,573,859,1718,954
5350126,92750,7250,3563,4138,1149,1149,920,0,230,1149,1379,1494
5350562.06,92788,7372,25962,3686,10256,1603,5609,962,1282,1122,481,321
5350127,92804,7103,5234,8692,2243,1308,1963,374,467,467,1121,841
5350562.08,92812,7062,12358,883,13745,4792,4414,0,757,1387,0,378
5350412.26,92817,7263,18196,7422,6225,1995,3671,2634,7502,3033,958,160
5350528.4,92823,7177,30912,7587,4843,5811,2583,2663,2421,242,807,242
5350296,92857,14286,0,0,14286,0,0,0,0,0,0,0
5350400.15,92873,7235,7120,17044,2265,3020,647,1294,647,755,324,539
5350612.11,92943,7057,6282,5938,2582,1635,2410,2238,344,1205,2065,172
5350505.02,92969,6944,10938,7292,781,955,521,1563,955,434,1823,0
5350516.24,92991,6884,11890,6383,6133,2628,1252,3004,2628,375,1252,501
5350623,92993,7007,4088,730,2774,1752,584,1168,292,0,0,292
5350413.01,92995,7005,10214,2513,2513,1070,3529,2567,909,1283,428,0
5350423.01,93004,6996,3704,8368,1783,1097,960,274,0,5350,549,274
5350068,93008,6992,4237,7839,1695,1059,1483,424,424,0,847,0
5350242,93016,7302,5063,0,43038,2848,4747,0,0,633,0,0
5350573.06,93023,6977,17810,1991,20575,7190,4204,221,774,664,0,0
5350411.12,93023,6977,16175,3128,4915,2145,5183,357,2055,1430,268,179
5350400.22,93087,6913,56081,13254,6653,3846,156,1455,1403,2027,0,156
5350028.01,93091,6909,4727,13455,1818,727,1455,0,0,0,0,0
5350516.01,93113,6795,12856,5969,3857,3673,1194,2204,2296,735,0,367
5350480.02,93118,6882,8360,1339,1986,1940,4342,970,3603,2356,0,92
5350430.06,93119,6881,22962,18624,3366,4263,1496,598,524,224,449,449
5350083,93134,6866,12219,6858,2618,1247,1247,374,748,0,998,998
5350516.18,93137,6863,3501,6443,2941,5462,1821,3081,0,0,2521,420
5350017,93143,6857,5083,6226,13405,3304,2414,1207,699,635,826,762
5350375.02,93171,6829,8802,30318,5623,1467,1711,0,0,1711,1956,1222
5350516.05,93176,6905,10317,3006,7717,4712,3249,1787,731,1219,0,406
5350562.14,93188,6812,36632,2057,11440,3085,2057,514,900,0,386,0
5350574,93192,6729,6651,548,11346,4069,2269,548,313,469,391,156
5350527.05,93219,6691,9321,8235,4525,2443,1176,2896,452,543,1086,543
5350118,93220,6780,2785,3632,2421,363,1937,605,363,363,1211,484
5350310.01,93225,6775,1620,5744,1767,3535,2651,442,295,884,589,295
5350363.02,93239,6761,15723,5189,12579,12421,1258,314,786,1258,472,472
5350431.02,93281,6719,5786,14621,547,625,469,625,156,1251,391,156
5350246,93305,6695,13087,2987,8250,6828,9104,996,996,427,284,0
5350516.23,93310,6690,24821,5536,7321,4286,1161,4018,2054,625,1250,0
5350586.01,93328,6672,31955,2887,8155,1327,1600,429,741,780,0,117
5350102.05,93333,7273,1205,7229,6024,1205,1807,0,0,0,4217,0
5350509.01,93333,6667,4020,3725,1961,1667,1275,1471,784,0,2255,294
5350502.02,93348,6652,4721,3219,5365,4936,4721,429,1502,429,858,0
5350077,93348,6652,4171,6313,4059,2368,789,338,0,451,451,1127
5350410.15,93350,6650,10230,9463,12532,3836,1279,2302,1023,3836,0,0
5350430.05,93370,6630,18263,13133,2394,3283,889,1573,1300,752,274,616
5350572.01,93412,6514,14667,667,14148,370,2444,370,1185,0,296,148
5350400.16,93414,6494,35807,23655,3711,4638,464,1577,1020,186,557,0
5350093,93432,6568,3423,6198,3238,1295,1758,463,925,0,3330,370
5350450.05,93439,6561,4153,8056,4402,2409,1661,2575,3073,1744,415,166
5350513.01,93463,6609,9626,9914,4670,3017,2443,1868,3233,144,718,0
5350263.02,93469,6531,5370,13498,2032,2322,871,2612,290,1306,1451,1742
5350460.02,93469,6531,2758,2467,3048,1306,581,0,581,1161,1016,290
5350413.02,93469,6570,18726,6919,3909,1955,4144,3909,4496,2580,586,0
5350451.03,93477,6452,3587,5811,2941,1793,1578,287,2152,2654,502,359
5350331.01,93478,6522,11051,1902,8243,6884,1993,543,362,543,181,1449
5350511.02,93492,6405,7239,1448,8480,4137,1861,1138,1965,1344,931,414
5350451.07,93496,6504,4878,8130,2033,2947,3760,0,4776,3252,2846,813
5350424.1,93506,6417,5122,7798,1300,841,1453,765,2217,7187,1988,382
5350115,93520,6353,2541,10801,8640,3431,4701,635,3050,254,1271,0
5350337.02,93531,6469,2957,3763,6720,2151,1344,0,1344,1075,0,538
5350087,93533,6564,2413,4151,1544,1062,1351,386,193,676,1255,483
5350214,93536,6562,4701,3526,2155,3624,1763,392,1861,490,1077,588
5350480.01,93560,6440,2673,729,1823,608,2066,486,729,0,608,0
5350120,93585,6038,5283,3396,755,1132,755,755,755,755,0,0
5350604,93627,6373,2941,1471,490,1961,1225,490,0,0,0,490
5350620.07,93633,6367,26054,1781,5904,4405,2812,2437,375,937,469,469
5350236.02,93649,6351,8467,5334,3641,1609,1693,508,0,1101,2879,677
5350412.13,93659,6220,4512,1341,1098,244,488,0,0,610,244,0
5350412.04,93664,6336,9804,1153,1384,231,2191,346,1730,923,1730,231
5350101,93673,6173,3549,5247,2006,463,2778,309,1852,309,463,617
5350283.02,93690,6203,2674,1604,35187,856,4064,214,3316,321,0,0
5350076,93716,6501,6926,12662,8983,1732,866,325,649,216,649,866
5350072.01,93729,6271,3024,13550,17133,784,1120,784,1232,3024,336,224
5350084,93733,6267,2456,6958,2183,819,1091,0,546,409,819,2046
5350360,93740,6344,18447,2838,14942,8097,1669,0,1419,751,250,334
5350430.08,93760,6323,17471,15308,4409,3827,499,915,1331,1581,1248,166
5350527.04,93761,6154,6838,5214,4872,1197,855,1197,598,427,2051,256
5350336,93769,6231,15653,8131,2964,7067,1748,1064,1824,304,228,456
5350051,93773,6319,1740,2198,1832,1007,1099,366,1007,275,733,733
5350501.01,93777,6135,7011,2542,4119,3856,1227,964,701,876,613,263
5350400.02,93820,6266,7725,18541,3090,2489,515,687,515,429,429,1030
5350411.07,93836,6164,3425,3539,1142,342,1142,457,685,1142,0,0
5350500.02,93840,6160,4415,1951,4209,2669,2977,1129,1437,821,411,411
5350117,93850,6150,4328,5011,2733,456,683,0,683,0,1595,456
5350602,93873,6127,3829,3501,1094,1094,1094,1751,0,219,438,656
5350412.25,93920,5989,12625,6630,2543,2997,1998,2089,7720,5359,1181,182
5350424.09,93935,6065,7183,9155,845,1690,1690,2113,1127,7465,1127,282
5350195.01,93939,6061,3367,8979,1571,898,1122,0,898,1459,2245,224
5350150,93979,5903,3070,2597,1771,945,1181,236,590,1063,590,0
5350430.07,94016,5918,10113,16567,2063,2395,1397,1464,665,599,333,599
5350223.01,94020,5980,3642,5960,0,662,3311,0,3311,0,662,662
5350070,94021,6129,2537,4627,2090,896,896,0,597,299,746,1940
5350625,94030,5970,0,4478,2985,0,0,0,0,0,0,0
5350081,94035,5965,2460,10369,4394,1054,351,0,703,351,527,1230
5350412.22,94041,5902,12202,4370,3632,2043,3121,1986,4881,2554,681,170
5350613.01,94046,5954,5346,4253,3524,2309,1823,851,729,365,365,608
5350501.02,94057,5943,8584,7117,3448,2274,2421,1761,587,954,954,514
5350612.12,94083,5990,7670,6647,2776,2484,730,3068,219,438,1461,511
5350400.03,94098,5738,9031,30542,4598,1314,0,2463,328,1970,1478,328
5350072.02,94099,5901,9627,10714,5745,621,932,311,1087,311,0,776
5350196.01,94118,5615,804,9920,1340,536,1340,1072,804,536,0,804
5350411.08,94118,6100,11765,5229,4793,2614,3050,654,3922,3050,871,0
5350271.01,94118,5882,6667,10196,7255,5882,0,2941,392,588,3137,1373
5350410.13,94135,5865,4924,4562,652,2028,434,0,0,1448,2896,0
5350018,94142,6067,2929,9205,4812,2510,1464,418,2720,1464,628,1046
5350442.02,94155,5845,1398,3812,2160,1779,635,1906,0,3939,762,0
5350213.01,94173,5827,6391,4511,940,2444,1128,376,1128,376,2444,376
5350230.01,94218,5996,1496,4274,1709,427,1923,427,0,641,1282,1068
5350411.15,94238,5882,8764,4322,2161,5042,4682,1441,3721,3962,840,480
5350269.02,94242,5950,5364,18199,3257,3065,958,3065,1724,2299,2299,2299
5350624,94243,5757,2228,279,1764,3621,836,279,371,279,0,0
5350024,94260,5666,3311,3091,1913,809,809,589,515,294,589,809
5350102.04,94262,6557,4918,2459,7377,0,0,0,1639,0,3279,1639
5350138,94262,5738,656,5738,1475,3115,820,0,0,1639,492,0
5350802.01,94267,5867,24767,5326,8123,5992,932,0,666,1065,266,666
5350026,94281,5719,7728,12056,6105,2628,1777,541,1005,618,464,309
5350182,94294,5706,4490,10851,5145,1871,2526,374,1216,842,374,842
5350630,94299,5855,14638,1233,770,616,308,462,0,0,308,616
5350610.03,94304,5805,3505,1095,876,1643,1533,767,986,438,0,329
5350141.01,94309,5807,2904,9872,1045,3136,1278,232,1278,929,2904,1278
5350412.06,94310,5690,4125,1565,284,996,5121,1849,2418,996,284,0
5350441.03,94337,5663,1656,4210,1863,1311,897,138,0,3589,1587,552
5350412.01,94396,5604,8960,1760,1840,1440,3040,880,1200,800,1600,0
5350069,94399,5703,4073,18228,2749,1018,1222,0,1527,204,0,1324
5350187,94468,5532,2979,6809,2553,2695,1702,0,1844,1844,709,426
5350334,94469,5677,6686,4942,2180,291,872,291,436,436,291,872
5350211,94479,5521,5836,2366,2681,5678,789,789,473,158,394,0
5350507,94541,5593,7457,5060,1198,666,533,399,266,799,666,266
5350140,94577,5423,1952,5857,434,2386,0,434,434,0,0,0
5350224,94690,5015,9145,2950,1180,0,2655,0,590,0,885,885
5350152,94695,5418,1578,2142,2818,1804,1466,0,225,0,1127,2142
5350412.2,94705,5295,5295,1302,4601,1476,3299,1128,2257,2517,260,0
5350050.03,94737,5742,6667,3810,2857,2857,4286,952,1905,0,0,0
5350339,94760,5240,1346,4188,2693,1571,598,150,598,449,0,2019
5350186,94770,5230,3564,5241,2935,1468,1048,629,419,629,1258,629
5350620.05,94787,5106,19915,2236,3195,4366,2449,4047,958,958,958,745
5350452.03,94790,5119,1920,1371,1371,1005,1554,823,1188,2559,366,366
5350025,94815,5333,3107,4734,5325,1479,1923,296,1331,0,0,296
5350049,94822,5178,1777,2908,2908,969,646,0,323,323,808,0
5350234,94826,5174,3933,5169,11348,2809,1348,674,674,787,1685,787
5350001,94828,5172,9483,9483,1724,5172,1724,1724,0,0,0,0
5350515.01,94831,5169,4831,2921,2360,3596,1910,1573,674,787,0,225
5350412.11,94842,5158,7158,2737,2316,1368,3684,947,2211,3368,316,0
5350104,94854,5058,3106,4791,1597,1154,976,355,710,444,1154,710
5350576.31,94859,5141,18638,1028,8226,1928,1799,2442,643,643,0,0
5350219,94889,5111,3885,1554,1110,1776,1221,555,1776,333,1221,888
5350441.02,94890,4994,1045,1278,3949,2787,813,1045,1045,3252,697,232
5350183.01,94906,5094,4528,10943,2264,1698,2075,1321,377,943,377,1321
5350125,94912,4978,2323,3872,1327,885,221,442,0,774,664,221
5350456.02,94968,5032,3402,4394,1347,780,1063,496,425,1134,1063,0
5350241,94982,5197,4651,2147,1789,2147,2147,358,894,358,1431,0
5350442.03,94986,5014,2083,4924,947,0,1799,284,473,2178,568,473
5350078,95008,4907,3128,6086,5495,2198,1014,845,0,761,676,761
5350610.04,95025,4975,1824,1658,1824,829,0,498,332,0,0,663
5350412.19,95029,4971,7221,1465,1465,785,3244,3454,1361,2145,890,0
5350235.02,95033,4967,7397,2341,4120,3184,3652,1592,1311,281,1592,468
5350585.02,95065,5016,10761,566,2508,1133,1456,1133,405,162,162,324
5350451.01,95105,4662,1168,2570,935,935,935,0,701,2103,0,701
5350075,95107,4893,6274,15809,5521,1255,627,376,1255,502,1129,1129
5350411.27,95113,4887,7867,1549,3695,1907,3695,1907,596,3695,0,0
5350800.01,95114,5049,7655,814,13192,2932,326,2606,0,2769,0,0
5350181.01,95122,4878,3949,9872,5575,3949,1510,465,581,348,697,929
5350052,95125,4875,3004,4005,2753,751,751,0,1126,501,626,1502
5350361.02,95166,4834,21523,5960,6887,8013,662,1258,728,464,397,530
5350079,95171,4899,3989,5528,3429,1679,1330,420,350,140,980,1050
5350238.01,95182,4672,3796,2482,292,292,2044,0,584,292,2628,876
5350528.44,95195,4805,18993,3661,5034,6178,1373,1602,2746,2288,0,0
5350235.01,95238,4762,7244,4240,1237,1943,1590,0,353,353,2120,0
5350022,95274,4726,3980,1617,746,1493,622,249,0,0,498,373
5350231,95279,4799,3793,2709,1471,1548,1703,619,542,0,2167,697
5350050.04,95286,4614,4016,3112,7831,1305,2610,1004,1104,201,2008,904
5350196.02,95315,4595,2973,2793,1441,1351,450,180,360,1081,450,270
5350442.04,95317,4683,964,4683,964,826,689,275,551,3168,0,413
5350142,95335,4665,2905,7130,1673,1232,440,0,704,1585,2377,880
5350452.02,95399,4703,2352,613,2147,2147,1125,409,3170,1738,1227,716
5350590,95417,4479,938,0,2086,1981,938,0,209,209,313,0
5350505.01,95459,4649,5405,6703,1189,1405,0,1838,0,973,2054,216
5350071,95461,4832,3509,5263,3655,1608,1170,292,292,292,0,292
5350202,95482,4518,2115,3323,3625,4230,604,604,1208,0,1208,0
5350611,95504,4496,2495,1198,1896,2096,599,898,798,798,1198,499
5350212,95518,4394,2990,2199,2287,4485,2287,704,440,176,704,616
5350229,95547,4453,3644,3644,1215,2024,0,0,1215,0,810,0
5350221.01,95565,4435,1773,2901,1934,1048,806,564,161,806,2659,483
5350801.02,95622,4292,8670,3605,3948,3090,1116,687,343,515,773,0
5350134,95637,4538,2967,3839,1396,873,1396,349,349,2443,1745,0
5350481.02,95657,4343,1327,483,2171,1086,965,0,1206,724,0,0
5350510,95660,4340,3436,1989,1718,723,633,904,814,181,0,181
5350450.03,95671,4391,2886,4580,2635,1568,1129,627,2760,1255,502,565
5350216,95680,4412,1469,2847,1286,826,643,1010,1194,184,1194,1010
5350188,95750,4500,1250,13000,1000,1000,750,1500,1000,500,500,750
5350400.07,95751,4097,1824,8815,2128,1672,304,608,304,1520,456,456
5350452.07,95771,4229,1504,2726,2256,658,564,470,2632,1598,564,0
5350441.04,95807,4282,3479,4639,1249,1606,714,1070,357,2855,803,178
5350400.06,95812,4355,5351,17057,4348,3010,1672,0,334,334,0,669
5350333,95855,4251,17109,3507,7545,5632,0,638,213,1063,213,744
5350460.01,95859,4141,5176,2415,1518,897,828,1104,483,2139,828,138
5350585.07,95866,4134,10763,641,998,570,927,143,0,0,214,143
5350802.02,95886,4114,16562,5551,6535,4387,1522,716,358,2149,358,806
5350451.02,95903,4202,1891,840,2731,1471,525,420,735,735,1366,420
5350430.03,95930,3973,7371,5432,873,2425,0,970,485,388,0,388
5350592.01,95947,4053,3316,811,3685,663,516,0,516,295,147,147
5350506,95948,3867,8656,5893,921,368,737,737,0,368,1105,368
5350576.04,95969,3919,10638,2128,5935,2128,2688,224,1008,672,224,0
5350105,95987,3902,2453,5351,2453,1561,2007,223,1449,0,669,780
5350585.03,95996,4004,1862,186,2142,652,2421,186,0,652,0,0
5350376.06,96000,4000,0,100000,0,0,0,0,0,0,0,0
5350614.02,96000,4000,3000,2500,3250,625,2000,1875,250,750,1375,500
5350412.18,96047,3887,9558,2637,593,527,461,989,659,659,0,0
5350240.01,96049,3951,2740,2588,1065,1522,1065,304,304,0,1370,457
5350570.02,96056,3944,4789,845,986,2676,282,986,282,282,0,986
5350023,96059,3941,2299,1806,1314,0,1149,0,1314,0,493,493
5350585.08,96063,3937,3806,656,1575,0,1444,1181,0,0,262,0
5350800.02,96063,4049,4274,787,6412,1125,562,225,675,0,0,0
5350634.02,96097,4038,1478,403,941,941,941,0,269,0,0,0
5350509.02,96104,3896,4862,3404,648,2431,486,0,810,648,324,648
5350637,96108,3892,2468,748,150,374,150,449,299,0,0,150
5350412.14,96114,3886,3438,3886,0,299,1196,0,0,747,0,0
5350183.02,96173,3704,6782,8385,3329,2096,617,247,617,1233,1233,2713
5350141.02,96175,3934,1421,7978,1749,1202,437,219,437,1202,874,656
5350576.09,96185,3951,8980,952,5170,1224,1769,0,0,0,408,272
5350483.02,96226,3931,1099,314,2041,942,1256,471,471,471,314,314
5350047.03,96250,3750,10000,2500,4375,1875,1250,0,2500,0,0,0
5350451.05,96308,3800,2711,2386,1952,1518,1302,542,868,4447,976,542
5350508,96320,3520,5128,2724,1442,321,1122,1603,962,641,641,481
5350631.04,96321,3774,1885,1885,1697,848,1791,0,471,283,283,471
5350412.08,96325,4062,9846,1544,386,579,1931,1158,1544,1158,772,0
5350450.02,96364,3636,2182,2727,2727,909,545,545,2545,909,1273,727
5350614.01,96364,3485,4091,3485,2576,303,1970,455,0,1061,909,303
5350228,96393,3607,1967,3115,492,820,656,328,328,656,2295,1148
5350472,96436,3564,2894,3701,2490,1279,808,1077,1279,875,404,0
5350516.21,96441,3559,18506,5772,5942,2207,1868,4754,509,4244,679,0
5350103,96472,3614,3353,3611,1548,860,1118,172,602,172,1634,774
5350020,96488,3512,4752,7025,1446,1033,620,826,620,620,0,620
5350482,96496,3437,2697,2225,2562,1281,2630,472,4046,674,135,0
5350504,96512,3488,5523,3488,1744,872,1453,2180,1017,0,581,727
5350411.04,96512,3488,6798,1789,2862,984,3578,1073,2415,2326,268,0
5350635,96532,3468,1155,1073,1320,1073,578,413,0,165,0,165
5350485.01,96541,3459,4877,802,2654,309,1420,370,370,370,185,185
5350412.15,96545,3455,3361,2148,1587,560,747,1027,747,0,373,0
5350337.01,96599,4082,9459,5405,6757,8784,1351,0,3378,0,0,0
5350452.01,96661,3339,1590,795,3339,3180,1590,0,1113,0,477,318
5350330,96731,3390,4964,4116,4116,2663,242,0,1211,363,847,484
5350461.02,96732,3206,943,1006,1697,314,817,251,503,817,251,691
5350620.13,96753,3680,2165,1299,2165,0,1515,1515,433,0,649,433
5350461.01,96766,3147,6469,1661,437,175,699,437,437,1136,612,0
5350218,96780,3030,2087,949,1898,569,569,0,1139,0,1518,949
5350587.01,96785,3215,5330,761,677,338,1438,0,254,338,508,0
5350431.01,96808,3192,3352,5906,1516,718,160,479,160,479,0,160
5350576.33,96813,2988,11976,1397,7984,1597,2994,0,1597,0,0,0
5350622,96841,3159,2494,499,3076,831,998,416,0,0,166,249
5350195.02,96849,3361,1471,6723,1471,2731,630,1261,0,420,1891,840
5350484.03,96855,3145,629,1509,1887,629,881,503,1132,0,0,377
5350626,96920,3080,5308,1284,1969,599,942,171,0,171,771,171
5350631.02,96967,3134,3134,1011,910,1112,303,809,607,0,404,303
5350636,96990,3010,1338,0,1171,669,1672,0,0,0,0,0
5350139.02,97004,2996,1685,4307,2247,0,0,0,375,1873,936,1124
5350484.02,97039,2961,931,761,508,1692,254,0,169,169,0,338
5350473.02,97067,2933,1574,1574,2718,858,1001,215,143,501,0,0
5350586.02,97126,3065,4406,0,766,0,0,1341,0,0,383,0
5350593,97136,2864,3273,584,994,526,877,117,292,175,292,0
5350473.03,97151,2849,408,1495,543,272,951,0,272,272,408,272
5350585.1,97163,2837,2249,0,2367,2130,1775,0,237,1183,0,0
5350455,97259,2741,2179,2677,2055,872,249,249,249,1183,0,187
5350227,97297,2973,809,2695,809,1078,539,539,0,539,1617,0
5350361.01,97323,2763,14680,4491,7340,3109,1123,1382,0,1123,173,777
5350232,97326,2807,4406,4406,0,534,1335,267,1202,668,267,267
5350475,97328,2595,2059,1068,1602,1297,839,0,0,229,381,153
5350226,97355,2645,2810,3636,1157,1322,826,0,0,331,826,331
5350473.01,97372,2628,1855,1236,1546,850,696,0,309,386,0,309
5350471,97416,2432,304,913,913,457,1522,0,913,0,0,0
5350638,97429,2485,686,172,1201,172,515,0,172,0,0,172
5350587.02,97452,2548,3913,364,2184,819,364,0,0,0,182,182
5350585.09,97487,2513,180,1348,898,449,809,180,449,449,0,0
5350632,97488,2512,1673,0,358,956,239,239,358,239,239,717
5350474,97554,2446,815,815,543,362,362,0,0,272,543,0
5350621,97575,2425,1866,746,1306,466,746,373,187,187,0,187
5350801.01,97582,2418,6543,996,6828,853,1422,1138,0,0,711,284
5350456.03,97613,2513,628,879,1256,0,251,0,251,1131,377,0
5350223.02,97642,2594,4245,2594,708,1651,943,1651,0,943,472,0
5350002,97710,2290,1527,0,1527,0,0,0,0,0,0,0
5350476.02,97805,2195,976,0,732,0,976,0,488,488,0,488
5350456.01,97826,2288,458,3204,572,343,0,801,572,1030,229,686
5350483.01,97927,2073,415,725,1451,415,207,0,0,207,0,207
5350592.02,97961,2039,392,157,1176,1098,706,314,235,157,0,0
5350631.03,97965,1933,1831,1729,1933,1628,1221,0,203,203,712,305
5350633,98071,2077,593,444,296,1778,741,0,593,0,296,444
5350591.01,98106,1894,1705,379,1515,663,473,0,284,189,284,189
5350470,98201,1799,899,0,540,360,899,0,0,0,0,540
5350484.04,98295,2273,1136,0,0,0,0,0,0,0,1705,0
5350585.05,98338,1662,1802,1178,1247,347,1733,277,0,0,416,693
5350485.02,98397,1603,802,510,948,364,875,219,802,0,0,219
5350591.02,98534,1369,489,391,1271,489,391,196,196,196,391,0
5350634.01,98740,1260,802,458,1260,1260,916,0,0,229,0,0
5350639,99129,871,1634,871,1416,763,654,0,0,218,0,0
