S_CTUID,58,59,60,63,64,65,81,83,87,88,89,90,1617,1618,1619,1620,1667,1668,1669
5350011,1.5,17060,6650,10410,9365,290,3185,490,210,165,35,5,11890,5080,6810,0,11845,6840,5010
5350012.01,1.7,10870,4300,6575,5850,200,2060,490,355,215,95,40,6880,2410,4470,0,6850,3445,3410
5350065.02,2.2,9890,4000,5895,4300,435,1855,1175,800,485,230,80,5480,65,5420,0,5470,3055,2420
5350576.71,4.2,17740,11885,5850,4570,250,5730,4355,625,310,210,105,5520,5140,385,0,5520,3220,2300
5350035,1.7,9160,3360,5795,5190,130,1525,535,345,250,75,15,5720,1880,3840,0,5650,2415,3235
5350062.02,1.7,8685,3000,5685,5045,115,1390,385,270,200,55,10,5335,2005,3330,0,5240,2200,3050
5350300,2,12180,6585,5590,4385,280,3160,1375,550,400,135,15,6955,4285,2670,0,6940,3405,3535
5350210.02,1.6,10700,5440,5260,3710,325,2625,620,380,295,65,15,7015,4250,2760,0,6995,4015,2980
5350008.02,1.6,9290,4035,5255,4415,180,1955,490,330,240,70,20,6060,2730,3330,0,6040,3385,2655
5350016,1.6,9455,4200,5255,4275,240,2030,375,235,145,60,35,6180,3175,3005,0,6175,3915,2265
5350308.04,2,10495,5250,5245,3545,245,2475,1095,450,310,125,15,5575,3245,2335,0,5530,2610,2925
5350044,1.8,8190,3360,4830,4040,165,1610,540,235,165,55,15,4590,1945,2645,0,4575,2480,2095
5350012.03,1.7,8410,3615,4795,4290,135,1750,435,170,135,35,0,5275,2130,3145,0,5265,3120,2140
5350066,1.6,7260,2560,4700,3570,200,1210,280,220,165,50,10,4415,1655,2765,0,4410,2515,1900
5350225.02,1.9,8565,3885,4675,2970,350,1840,735,575,345,155,70,4860,1175,3680,0,4850,2850,2000
5350576.7,3.8,13970,9555,4415,3400,265,4650,3380,675,300,235,135,5080,4455,630,0,5075,3035,2040
5350017,1.7,7170,2870,4300,3110,230,1390,425,470,325,110,40,4665,1800,2865,0,4640,3025,1620
5350527.01,2.2,9325,5130,4195,3075,270,2425,1205,440,280,125,40,4745,2415,2325,0,4725,2315,2410
5350128.02,1.7,7910,3745,4165,2870,210,1780,650,290,215,65,15,4785,1690,3090,0,4765,2920,1850
5350010.02,1.7,7165,3065,4100,3320,150,1480,405,230,175,40,15,4445,2410,2035,0,4440,2855,1585
5350288,2.5,8260,4305,3950,2770,250,2065,1255,550,365,150,35,4005,2010,1995,0,4000,2755,1245
5350370.01,2.6,8170,4265,3915,2520,295,2000,1300,705,450,200,50,3725,1930,1795,0,3720,2145,1570
5350305.04,1.8,8280,4355,3915,2730,185,2050,805,365,270,85,5,4820,2545,2275,0,4810,2275,2535
5350008.01,1.5,7205,3305,3900,3525,105,1625,245,85,70,15,5,4975,2320,2655,0,4970,3035,1940
5350175.02,2.1,6260,2365,3895,2430,400,1090,590,760,440,210,110,3585,625,2960,0,3585,1835,1750
5350004,1.8,6035,2155,3875,2895,240,1015,465,310,205,85,20,3445,225,3215,0,3445,1635,1810
5350092,1.9,6675,2825,3850,3255,100,1370,510,175,130,30,10,3725,905,2815,0,3705,2160,1550
5350005,1.8,5815,2040,3775,2765,250,980,360,375,250,90,30,3425,825,2600,0,3415,1850,1570
5350318,2.6,7655,3910,3745,2820,195,1840,1045,455,285,140,30,3330,1795,1535,0,3290,1680,1610
5350412.02,2.4,7810,4100,3715,2090,290,1975,1065,495,325,135,30,3610,2965,650,0,3615,2370,1235
5350032,1.6,4990,1270,3715,2760,215,560,175,185,110,60,20,2685,395,2290,0,2680,1435,1250
5350576.1,3.5,9745,6140,3605,2470,220,2960,1960,535,270,165,100,3545,3200,345,0,3550,2190,1360
5350013.02,1.7,7555,3950,3605,2720,170,1900,530,180,130,45,5,4705,2355,2355,0,4670,2970,1700
5350377.01,2.5,7855,4260,3595,2500,195,2010,1120,520,365,120,35,3595,2520,1075,0,3570,1900,1670
5350359,2.8,6170,2600,3565,2340,290,1225,830,785,425,245,110,2685,1340,1345,0,2675,1725,955
5350520.1,2.4,8025,4455,3565,2595,230,2125,1230,465,295,120,50,4070,2635,1440,0,4065,2090,1980
5350424.05,3.1,8110,4560,3550,2365,145,2165,1450,380,210,130,45,2845,2130,715,0,2840,1715,1125
5350247.01,3.1,7365,3840,3520,2675,200,1830,1200,475,245,165,60,2745,1845,900,0,2750,1775,970
5350576.42,3.7,9420,5910,3510,2625,250,2885,2160,570,300,165,105,3350,2985,365,0,3350,2225,1125
5350174,2.6,6080,2620,3465,2310,280,1220,770,695,390,215,95,2745,1270,1470,0,2740,1595,1150
5350013.01,1.5,6000,2590,3410,2710,120,1245,230,155,125,25,10,4080,1385,2690,0,4055,2625,1430
5350136.01,1.6,5700,2315,3385,2530,205,1115,350,275,200,55,15,3770,380,3385,0,3765,2080,1685
5350091.01,1.6,5735,2370,3365,2645,90,1095,265,140,100,35,5,3205,1055,2150,0,3195,1755,1445
5350332,2.6,6020,2680,3350,2220,255,1270,830,650,355,190,110,2785,1055,1730,0,2785,1675,1110
5350527.03,2.5,7440,4115,3325,2385,210,1965,1085,435,270,130,40,3485,2160,1320,0,3460,1990,1470
5350036,1.7,5190,1865,3320,2625,105,880,250,175,130,40,5,3270,990,2280,0,3250,1705,1550
5350063.06,1.5,4995,1675,3310,2810,110,795,140,75,60,5,0,3515,530,2975,0,3490,1975,1515
5350620.12,3.5,12195,8885,3305,2455,230,4350,3280,480,245,160,75,5015,4345,670,0,5005,3540,1465
5350368.01,1.9,6270,2975,3300,2470,155,1415,535,350,265,70,20,3570,2230,1340,0,3540,1635,1900
5350033,1.7,4525,1220,3300,2420,205,545,190,300,185,70,45,2690,350,2335,0,2685,1585,1100
5350311.05,2.6,5720,2435,3290,2475,230,1130,675,540,325,150,65,2570,820,1750,0,2565,1320,1245
5350574,1.8,5950,2655,3290,1780,320,1300,515,375,280,80,15,3505,1505,2000,0,3505,2100,1400
5350169.02,2.3,6460,3175,3285,2185,215,1530,915,495,330,130,30,3170,1225,1940,0,3155,2025,1135
5350450.03,2.7,7270,3990,3280,2075,185,1915,1160,420,230,145,40,2915,2460,455,0,2905,2230,675
5350050.01,2,7580,4295,3280,2210,210,2110,950,320,230,80,15,4340,3020,1325,0,4335,2995,1340
5350317.02,2.2,6535,3280,3255,1615,250,1535,750,465,335,110,20,3340,925,2415,0,3330,1505,1820
5350133,2.1,6310,3070,3235,2090,190,1475,815,360,255,85,20,3470,835,2635,0,3470,2075,1390
5350311.06,2.5,5065,1845,3225,2735,145,855,425,320,165,95,60,2350,1040,1305,0,2345,1185,1165
5350586.01,3.5,9810,6605,3200,2400,185,3250,2185,395,205,130,55,3655,3410,245,0,3635,2730,910
5350034.02,1.6,4860,1660,3200,2640,125,785,190,190,125,50,15,3025,1005,2020,0,3020,1575,1445
5350403.07,3.4,9470,6280,3190,2335,130,3040,2225,485,305,145,35,3545,3300,240,0,3535,1975,1560
5350335,2.6,6490,3340,3150,2050,230,1620,1045,450,275,125,50,2985,1475,1510,0,2985,1905,1075
5350297.01,2.4,6330,3195,3140,1820,205,1530,845,420,285,100,35,3025,1380,1645,0,3030,1770,1255
5350190.01,2.6,7255,4125,3130,2230,200,1960,1355,405,270,100,30,3505,1295,2210,0,3510,1840,1665
5350031,2.3,5195,2070,3125,2280,215,970,605,460,240,125,95,2735,385,2350,0,2735,1730,1005
5350378.03,3,6275,3165,3115,2275,200,1510,1010,545,330,145,65,2435,1865,565,0,2435,1580,855
5350280,2.5,6075,2955,3110,2030,280,1415,870,615,375,180,60,2920,1000,1920,0,2920,1760,1160
5350185.01,2,5900,2800,3105,2115,215,1360,680,405,270,115,20,3390,880,2505,0,3385,2000,1380
5350371,2.9,6520,3425,3095,2050,165,1640,1005,420,260,100,55,2570,1920,650,0,2570,1735,835
5350528.25,3,6530,3445,3080,2060,195,1655,1140,440,265,130,45,2485,1805,675,0,2485,1720,760
5350063.03,1.5,4940,1895,3040,2585,95,905,165,115,90,25,5,3360,895,2465,0,3350,1780,1570
5350528.1,3.6,7410,4380,3030,2360,135,2125,1500,345,185,110,50,2460,1975,490,0,2460,1785,675
5350098,2.4,6100,3070,3030,2145,195,1495,805,395,265,100,30,3005,1480,1520,0,2990,1975,1020
5350037,2,4210,1185,3030,2525,85,540,230,165,120,30,15,2120,510,1610,0,2115,975,1140
5350307.04,2.1,6340,3305,3025,2235,130,1550,775,350,245,80,25,3340,1645,1695,0,3330,1595,1735
5350245,2.7,5795,2775,3020,2060,205,1335,830,595,345,180,75,2590,1280,1315,0,2590,1705,885
5350175.01,2.4,5010,1990,3020,1950,240,900,535,585,340,155,95,2435,1035,1400,0,2435,1385,1050
5350029,2.3,5995,2985,3005,2160,170,1445,715,375,225,115,40,2950,1690,1260,0,2935,1975,960
5350250.05,3.4,5950,2970,2980,2155,220,1410,1075,555,290,145,120,2285,885,1395,0,2280,1235,1045
5350279.02,2.7,5645,2670,2980,1660,185,1225,780,405,255,115,35,2115,1265,850,0,2115,1475,645
5350363.06,2.2,6300,3330,2965,1975,195,1585,780,500,370,110,15,3325,2255,1075,0,3325,1750,1570
5350424.14,3.5,9870,6920,2945,2245,155,3405,2610,380,205,140,40,3820,3595,225,0,3810,2465,1350
5350180,2.3,5475,2545,2930,1970,225,1205,680,490,320,130,40,2765,765,2005,0,2765,1660,1105
5350312.03,3,5220,2300,2920,1940,225,1090,705,705,390,195,125,2170,1125,1050,0,2165,1410,755
5350137,2,6095,3175,2920,2055,145,1560,765,245,160,65,20,3510,1490,2015,0,3505,2260,1250
5350378.28,3.7,6035,3120,2915,2195,175,1505,1085,485,215,170,105,1925,1545,375,0,1925,1330,600
5350480.02,3.2,8475,5560,2915,1925,215,2715,1860,385,205,135,45,3360,2960,395,0,3360,2415,945
5350263.04,1.8,5905,2990,2915,1490,220,1435,505,335,260,65,10,3500,1530,1970,0,3495,2135,1360
5350378.07,3.1,6125,3235,2885,1935,135,1490,945,455,265,120,65,2245,1590,655,0,2235,1440,800
5350236.01,2.6,5700,2825,2880,1810,205,1350,815,495,305,110,80,2520,1775,745,0,2515,1705,810
5350261,2.4,4785,1910,2875,1655,205,885,540,480,275,130,75,2195,1215,975,0,2195,1350,845
5350034.01,1.8,4345,1475,2870,2570,50,670,195,100,75,25,0,2340,970,1370,0,2330,1205,1120
5350576.24,4.3,8330,5465,2865,2280,95,2640,1845,250,125,85,45,2415,2315,100,0,2410,1635,775
5350248.02,3.1,4340,1475,2865,2015,265,685,495,640,205,170,265,1785,555,1230,0,1785,1270,520
5350167.02,1.9,5170,2300,2865,2100,175,1115,470,290,205,65,20,2980,550,2430,0,2970,1760,1215
5350401.22,3.3,7255,4400,2860,1845,105,2070,1360,355,200,120,35,2475,2155,315,0,2470,1565,905
5350309,2.7,5470,2610,2860,1810,210,1200,760,500,310,140,50,2295,300,1995,0,2285,1295,990
5350292,3,5450,2600,2855,1950,245,1220,820,570,305,165,105,2245,1230,1020,0,2240,1400,845
5350375.05,2.8,6250,3410,2845,1785,150,1570,1010,385,265,95,25,2420,1285,1130,0,2420,1605,815
5350369,3.3,6360,3530,2835,1985,205,1680,1145,460,255,120,85,2440,1430,1005,0,2440,1635,800
5350154,2.2,5405,2570,2830,1690,190,1250,640,435,295,105,35,2850,2060,790,0,2845,1865,985
5350401.09,3.1,7295,4475,2825,2180,100,2140,1400,385,240,120,25,2735,2365,375,0,2710,1705,1005
5350375.01,2.3,5530,2710,2825,1615,215,1300,705,480,320,115,45,2765,1125,1635,0,2750,1530,1220
5350412.19,3.5,7475,4650,2820,2155,135,2300,1750,365,190,125,50,2710,2545,170,0,2710,2135,570
5350099,2,5655,2835,2820,2020,165,1375,680,275,205,65,10,3255,1105,2145,0,3245,1985,1260
5350243.01,3.1,5125,2310,2815,1845,230,1045,645,510,220,115,180,2140,1365,780,0,2140,1175,970
5350054,2.1,5170,2355,2815,2180,155,1145,495,245,180,55,5,2745,775,1970,0,2745,1520,1225
5350136.02,1.6,4680,1865,2810,2030,145,895,260,205,150,45,5,3210,720,2485,0,3205,1790,1415
5350403.14,3.5,7975,5170,2805,2035,125,2500,1845,365,205,115,45,2850,2535,315,0,2845,1725,1115
5350400.19,3.2,7730,4930,2800,1805,180,2365,1680,430,225,160,45,3035,2640,390,0,3030,2135,895
5350420.05,2.6,6895,4095,2800,1980,135,1960,1055,380,235,100,40,2975,2105,870,0,2965,1585,1385
5350200.01,1.8,5025,2220,2800,1665,210,1065,385,400,275,100,25,3060,1005,2050,0,3060,1655,1400
5350287.02,2.8,5395,2605,2795,1620,205,1130,730,465,280,120,65,2245,735,1505,0,2245,1370,875
5350342,3.1,6140,3350,2790,2000,155,1590,1120,485,280,150,55,2355,1465,880,0,2340,1510,835
5350311.04,2.9,5520,2725,2790,1930,190,1305,825,540,305,155,85,2250,1135,1110,0,2245,1515,725
5350230.02,2.4,5655,2875,2785,1565,240,1380,780,460,290,145,25,2620,1270,1355,0,2625,1690,935
5350358.03,2.5,4625,1845,2780,1870,250,875,580,485,250,140,95,2250,1010,1240,0,2250,1545,700
5350410.12,1.9,5940,3160,2775,1215,265,1510,530,410,285,110,15,3510,2335,1175,0,3500,1560,1935
5350403.11,3.6,8295,5530,2765,2070,105,2695,1990,370,200,125,45,2915,2765,150,0,2905,1780,1130
5350281.01,2.9,5260,2495,2765,1965,230,1175,810,645,375,190,80,2245,1100,1140,0,2240,1395,845
5350108,2.4,5100,2335,2760,1930,210,1125,645,425,240,120,55,2475,1230,1245,0,2475,1630,845
5350062.01,1.7,5095,2330,2760,2145,80,1120,360,145,115,30,5,3345,605,2740,0,3325,1335,1990
5350312.04,3.2,4530,1780,2745,1785,220,790,545,690,325,205,165,1710,635,1070,0,1710,1145,565
5350485.02,2.5,5870,3125,2745,1580,265,1540,815,455,275,130,50,2755,1880,870,0,2755,2025,725
5350576.32,3.8,7390,4645,2740,2115,160,2270,1720,385,195,115,65,2510,2385,130,0,2510,1865,645
5350550.02,2.6,6370,3630,2740,1775,185,1785,1005,385,270,95,25,2915,1890,1025,0,2905,2155,755
5350007.02,1.8,4275,1535,2740,2075,160,720,320,280,180,80,20,2495,90,2410,0,2495,1250,1240
5350413.02,3.7,9040,6310,2730,2025,185,3095,2440,375,160,140,75,3430,3215,220,0,3430,2210,1215
5350413.01,3.3,7610,4890,2725,1995,130,2385,1670,235,120,80,35,2815,2570,245,0,2795,1895,900
5350423.02,2.9,6625,3900,2725,1950,155,1915,1275,350,215,110,25,2650,2060,590,0,2650,1770,885
5350528.02,3.5,6490,3770,2720,2160,90,1820,1315,305,160,110,30,2185,1620,565,0,2185,1605,585
5350237.01,2.8,5375,2650,2720,1805,245,1275,815,575,290,165,115,2410,1005,1410,0,2410,1600,810
5350161,2.7,5830,3105,2720,1900,175,1500,940,445,310,105,25,2535,1620,915,0,2530,1785,745
5350240.02,2.2,5380,2655,2720,1295,170,1265,640,370,260,90,25,2590,1365,1225,0,2590,1605,990
5350122,1.8,5595,2880,2715,1805,125,1395,475,190,145,35,5,3450,1315,2135,0,3445,2260,1185
5350576.61,4.3,8195,5490,2710,2055,175,2650,2060,355,155,120,80,2555,2265,290,0,2555,1425,1130
5350403.01,3.5,6570,3865,2705,2135,105,1865,1310,340,185,120,40,2155,1850,300,0,2150,1460,690
5350278,2.9,5940,3240,2705,1805,125,1550,1025,290,180,75,40,2640,1250,1385,0,2635,1695,940
5350528.31,3.1,5340,2650,2695,1770,130,1220,795,310,150,110,45,1960,1055,905,0,1960,1075,880
5350572.01,2.6,5740,3045,2695,1780,210,1490,785,505,275,155,75,2635,1675,960,0,2635,1900,735
5350063.05,1.5,4220,1525,2695,2360,80,720,115,95,80,10,5,2990,730,2255,0,2965,1400,1565
5350284,2.8,5780,3090,2690,1720,180,1450,915,430,270,115,40,2345,1215,1135,0,2345,1710,635
5350311.02,2.7,4960,2265,2690,1765,220,1085,690,480,280,140,65,2135,960,1175,0,2135,1365,770
5350260.01,2.8,5695,3005,2685,1885,160,1435,975,315,205,75,35,2375,1870,510,0,2380,1400,980
5350316.03,3,4585,1905,2680,1885,245,890,650,650,340,170,140,1970,155,1815,0,1970,1145,825
5350272.01,2.6,4900,2220,2680,1830,185,1065,710,540,325,135,75,2330,315,2015,0,2325,1435,890
5350336,2.8,5800,3130,2670,1785,155,1510,910,380,255,95,25,2395,2020,375,0,2395,1730,665
5350563.01,2.7,5225,2555,2670,1575,260,1195,800,635,340,200,100,2505,1070,1435,0,2505,1340,1170
5350053,2.2,5330,2670,2665,2015,120,1300,580,245,170,55,20,2695,1430,1265,0,2685,1745,940
5350520.09,2.2,5945,3280,2665,1855,200,1575,850,315,215,70,25,3260,1925,1330,0,3255,1750,1510
5350576.72,3.6,7485,4825,2660,2005,170,2340,1690,290,155,90,55,2585,2110,475,0,2580,1640,935
5350516.09,2.7,5970,3305,2660,1845,165,1615,950,440,265,125,50,2555,2200,355,0,2555,1870,685
5350528.41,3.8,6380,3725,2655,2025,115,1770,1345,350,180,125,50,2035,1720,320,0,2035,1375,660
5350362.03,3.3,6070,3415,2655,2050,125,1655,1060,295,165,80,50,2070,1850,225,0,2070,1610,455
5350239,2.7,5245,2585,2655,1800,215,1250,735,615,360,150,110,2345,1010,1330,0,2340,1665,680
5350562.12,2.6,5530,2875,2650,1620,280,1385,860,610,355,165,95,2740,685,2050,0,2740,1505,1235
5350317.04,2.6,5610,2965,2645,1630,210,1415,835,475,285,145,40,2540,1310,1235,0,2540,1275,1265
5350124,1.6,4980,2345,2635,1665,120,1140,310,155,110,30,10,3250,985,2270,0,3240,1930,1310
5350516.49,3.4,6885,4255,2630,2090,125,2065,1570,320,170,105,50,2715,2065,650,0,2710,1545,1170
5350403.15,3.2,9160,6535,2625,1875,115,3175,2170,370,220,115,35,3665,3315,345,0,3650,2310,1340
5350156.01,2.5,4620,1995,2625,1610,275,945,595,550,315,150,95,2320,625,1690,0,2320,1320,1005
5350520.02,3,6085,3470,2615,1945,125,1685,1100,320,190,90,35,2335,1780,545,0,2330,1595,730
5350576.05,3.5,5855,3245,2610,1890,145,1555,1040,385,200,140,50,1965,1605,360,0,1965,1435,530
5350010.01,1.7,4925,2315,2610,2160,115,1135,315,215,150,55,10,3125,1920,1200,0,3125,2185,935
5350561,2.8,5370,2765,2605,1740,220,1345,795,495,290,135,65,2285,1245,1040,0,2285,1620,665
5350213.02,1.9,5520,2925,2600,1770,195,1365,495,250,185,55,10,3110,2115,995,0,3100,1920,1180
5350301.03,2.5,5765,3175,2595,2095,125,1500,900,310,200,75,40,2770,790,1990,0,2770,1210,1560
5350475,2.4,5830,3235,2595,1445,215,1590,740,370,235,105,30,2710,2205,500,0,2705,1835,875
5350592.01,2.4,5590,3000,2595,1495,255,1485,850,425,250,130,45,2775,1680,1100,0,2765,1850,915
5350575.05,3.1,5610,3020,2590,1835,205,1475,1025,520,275,170,75,2210,1880,330,0,2210,1495,715
5350349,2.5,4785,2200,2590,1775,205,1055,680,465,290,130,50,2325,725,1600,0,2325,1350,975
5350206.02,2.1,5065,2480,2590,1785,180,1215,605,325,220,80,25,2805,1195,1605,0,2795,1735,1065
5350093,2.3,4895,2315,2585,1935,100,1115,590,235,150,65,15,2285,1245,1040,0,2285,1550,740
5350247.02,3,6060,3475,2580,1815,130,1695,1060,355,225,90,40,2385,1715,675,0,2385,1770,615
5350362.01,3,5290,2710,2580,1805,190,1315,860,470,275,125,65,2070,1365,710,0,2065,1430,640
5350301.04,2.3,5060,2485,2580,1980,130,1180,630,320,200,90,35,2520,960,1560,0,2505,1300,1205
5350128.04,1.6,4330,1745,2580,1700,145,850,245,200,150,40,5,2910,1170,1735,0,2905,1775,1130
5350168,2.2,4695,2115,2575,1610,230,1000,595,400,255,105,45,2490,970,1515,0,2485,1410,1080
5350357.01,3,5500,2940,2560,1600,215,1395,925,410,220,120,75,2380,475,1910,0,2380,1305,1075
5350451.03,2.9,5880,3320,2560,1725,150,1635,1020,410,245,130,40,2440,2085,350,0,2435,1770,665
5350576.64,4.4,6855,4300,2555,1995,100,2065,1535,295,140,95,65,1945,1805,140,0,1945,1220,725
5350400.23,4.1,6880,4335,2545,1970,115,2075,1570,265,130,105,35,2080,1920,160,0,2070,1255,815
5350473.02,2.8,5730,3190,2540,1690,240,1585,955,475,265,150,65,2505,1940,570,0,2510,1810,700
5350217,2.1,4845,2300,2540,1560,240,1105,605,425,300,95,30,2740,360,2385,0,2740,1575,1170
5350064,1.5,4155,1615,2540,2020,95,760,130,85,70,10,5,2665,880,1780,0,2655,1495,1155
5350262.02,2.5,5200,2665,2535,1705,180,1290,785,405,260,95,55,2485,920,1560,0,2470,1515,955
5350420.14,2.5,6015,3480,2535,1675,175,1685,1050,400,265,115,20,2880,2245,640,0,2885,1620,1265
5350441.03,2.9,6225,3700,2530,1825,155,1820,1160,320,185,105,30,2495,2095,400,0,2495,1985,515
5350376.05,3.4,5965,3445,2525,1615,130,1575,910,365,220,105,35,2000,1795,210,0,1995,1245,750
5350424.15,3.4,7680,5150,2525,1905,125,2515,1860,305,170,110,25,2850,2620,235,0,2840,1770,1075
5350164,2.5,5285,2765,2525,1760,180,1335,760,420,275,105,35,2485,1510,980,0,2485,1670,810
5350420.03,2.7,5590,3070,2520,1725,165,1495,945,405,245,110,50,2375,1230,1150,0,2375,1455,920
5350401.18,2.1,5455,2935,2520,1660,180,1385,605,330,235,80,10,3025,1640,1385,0,3015,1445,1575
5350516.42,3.8,6725,4220,2515,2070,90,2065,1635,260,140,90,30,2280,2025,260,0,2275,1565,715
5350262.01,2.1,4895,2375,2515,1600,215,1155,615,405,305,90,20,2740,915,1815,0,2735,1720,1020
5350378.25,4.3,6285,3775,2510,1940,160,1790,1405,300,160,80,60,1865,1700,160,0,1860,1160,700
5350324.02,2.9,5340,2825,2510,1845,120,1350,850,465,310,105,50,2140,1645,495,0,2140,1515,625
5350028.02,2.1,5360,2845,2510,1795,135,1350,595,230,145,65,25,2825,1800,1025,0,2815,1890,925
5350135,2,5155,2655,2505,1840,130,1300,665,205,135,55,15,3055,1010,2045,0,3055,1985,1070
5350516.26,3.4,5700,3200,2500,1930,105,1550,1090,370,185,115,70,2005,1615,385,0,2005,1575,430
5350283.01,2.7,4370,1870,2500,1650,200,850,560,610,335,170,105,1935,565,1375,0,1930,1195,735
5350211,2.6,5490,2995,2500,1635,140,1470,855,380,250,100,20,2445,1980,470,0,2445,1945,505
5350338,2.2,5090,2590,2500,1625,175,1265,730,310,215,75,20,2640,1705,935,0,2640,1935,705
5350528.36,4.2,6600,4105,2495,2005,115,1950,1370,235,125,80,30,1945,1360,580,0,1945,1120,825
5350411.18,3.6,8200,5710,2490,1845,135,2795,2110,355,180,125,50,3070,2800,270,0,3070,2045,1025
5350401.19,3.5,5895,3405,2490,1690,115,1590,965,395,235,130,30,1970,1745,225,0,1955,1280,680
5350540.01,1.9,4485,1990,2490,1340,220,950,410,280,190,70,20,2590,760,1830,0,2580,1585,995
5350026,2.4,5345,2855,2485,1800,155,1390,775,375,230,110,30,2695,1595,1100,0,2685,1840,845
5350485.01,2.9,6310,3830,2480,1590,240,1890,1210,405,225,130,45,2810,2295,520,0,2810,2200,605
5350078,2.1,5070,2590,2480,1650,190,1275,675,335,230,95,15,2825,1475,1350,0,2815,1985,835
5350012.04,1.6,4635,2160,2480,2005,95,1040,235,115,95,15,0,2975,1415,1560,0,2960,1825,1135
5350365,3.3,5430,2950,2475,1825,110,1415,980,340,195,95,50,1930,1435,495,0,1935,1255,675
5350222.01,2.6,5655,3185,2475,1700,155,1550,890,350,235,85,30,2555,1920,630,0,2555,1740,810
5350339,2.2,5610,3140,2475,1540,180,1555,835,330,225,85,20,3000,1990,1010,0,2995,2105,890
5350364.01,2.9,5100,2625,2470,1615,160,1235,760,340,175,100,65,1975,1330,640,0,1975,1270,700
5350307.07,2.7,5500,3035,2465,1905,100,1435,910,270,175,65,30,2365,1360,1010,0,2350,1195,1150
5350268,2.2,5575,3110,2465,1390,125,1515,785,285,210,60,15,2840,2140,700,0,2825,2000,830
5350400.22,4,7280,4815,2460,1925,115,2335,1795,270,145,75,50,2385,2215,170,0,2380,1615,765
5350039,2.4,3700,1245,2460,1705,150,565,280,365,180,115,65,1705,475,1230,0,1695,1025,670
5350097.04,2.2,4875,2415,2460,1925,135,1160,535,230,155,60,10,2465,1115,1350,0,2465,1465,1000
5350540.02,1.9,4985,2530,2460,1410,195,1225,510,265,190,60,10,2825,1165,1655,0,2800,1815,985
5350575.03,3.2,5350,2900,2455,1750,185,1400,945,490,280,135,70,2095,1450,640,0,2090,1415,675
5350573.03,3.1,5320,2860,2455,1625,155,1390,900,370,200,115,65,2020,1540,480,0,2020,1360,660
5350575.04,3,5075,2625,2455,1655,190,1285,840,450,265,115,75,2055,1660,400,0,2050,1440,615
5350516.08,2.7,5005,2550,2455,1610,195,1240,750,455,240,140,75,2185,1060,1130,0,2175,1510,665
5350237.03,2.2,4945,2490,2450,1350,205,1220,615,360,225,95,40,2530,630,1905,0,2530,1425,1105
5350320.02,2.8,5155,2705,2445,1645,170,1280,755,360,220,100,35,2080,1280,795,0,2075,1230,845
5350501.01,2.2,5220,2775,2445,1315,205,1340,645,340,220,100,20,2545,2015,535,0,2545,1895,650
5350516.04,2.4,5190,2750,2440,1570,235,1335,760,410,255,110,40,2590,555,2035,0,2590,1515,1075
5350576.06,3.3,5975,3540,2435,1810,175,1735,1135,400,210,135,60,2210,1935,270,0,2205,1635,575
5350523,2.5,5150,2720,2435,1445,200,1320,750,395,260,90,45,2510,1110,1400,0,2505,1490,1020
5350340,2.8,5505,3070,2430,1755,155,1490,980,355,205,120,30,2460,1205,1260,0,2465,1500,965
5350521.04,2.8,5505,3075,2430,1565,170,1465,900,390,215,135,35,2325,1650,675,0,2320,1560,760
5350513.02,2.6,5325,2895,2430,1465,200,1390,830,400,255,90,55,2445,1115,1335,0,2450,1560,890
5350079,2.5,5830,3395,2430,1545,190,1670,1070,360,230,105,30,2925,2205,725,0,2925,2200,725
5350215,2.4,5740,3315,2430,1525,155,1620,885,315,195,100,20,2800,2225,575,0,2800,2060,745
5350269.01,2.4,4290,1860,2430,1665,180,895,540,455,270,125,60,2080,275,1810,0,2080,1070,1005
5350461.02,2.8,6735,4310,2425,1700,130,2125,1175,265,155,95,20,2825,2460,360,0,2725,2035,695
5350378.24,2.7,5415,2990,2425,1385,115,1390,820,325,225,85,10,2130,1855,275,0,2130,1205,930
5350576.67,4.6,6225,3800,2420,1885,125,1820,1405,320,140,120,65,1740,1605,130,0,1740,1060,680
5350244.01,2.9,4715,2295,2420,1640,185,1105,705,455,240,130,80,1930,1285,640,0,1925,1315,610
5350424.08,3.5,6310,3895,2415,1940,95,1910,1430,215,110,80,25,2140,2025,110,0,2135,1475,660
5350412.18,3.4,6560,4150,2415,1970,60,2040,1350,180,100,60,15,2225,2160,65,0,2225,1940,285
5350366,3,5115,2695,2415,1695,190,1290,840,455,280,115,50,2045,1260,785,0,2050,1515,540
5350402.06,2.5,5235,2825,2410,1505,155,1370,795,380,235,120,25,2390,1335,1060,0,2390,1330,1065
5350114,2.2,4610,2205,2405,1530,150,1050,540,255,175,65,15,2390,1090,1305,0,2385,1435,950
5350302.01,2.6,5515,3115,2400,1595,110,1525,875,320,215,80,20,2355,2010,350,0,2355,1660,700
5350221.01,2.3,5625,3220,2400,1410,100,1595,840,290,215,60,10,2680,2210,465,0,2675,2005,675
5350410.13,3.5,5900,3505,2395,2015,65,1725,1275,190,85,70,35,1970,1915,50,0,1970,1545,425
5350189,2.4,4610,2215,2395,1565,170,1050,570,420,270,115,30,2215,920,1295,0,2210,1375,830
5350276.01,2.4,5215,2820,2395,1485,140,1355,835,255,145,85,20,2600,1690,910,0,2600,1800,800
5350576.41,4,6215,3820,2390,1870,125,1850,1470,365,190,125,50,2030,1920,110,0,2030,1280,750
5350401.11,3.8,5750,3360,2390,1835,90,1630,1170,275,145,90,40,1785,1570,215,0,1780,1180,595
5350378.08,3.2,5435,3040,2390,1620,130,1460,950,380,250,100,30,1965,1510,455,0,1965,1265,700
5350376.08,2.9,5390,3000,2390,1560,135,1435,845,345,250,75,25,2135,1900,230,0,2125,1275,850
5350573.07,2.6,4820,2425,2390,1580,205,1185,675,475,265,130,80,2225,1185,1045,0,2225,1545,680
5350297.02,2.5,5445,3055,2390,1550,145,1480,855,265,175,70,20,2555,1535,1015,0,2545,1555,990
5350024,2.3,5580,3185,2390,1570,170,1575,875,315,200,95,25,2965,1755,1210,0,2955,2080,880
5350576.22,4.1,6035,3650,2385,1835,140,1745,1285,305,155,100,50,1795,1610,185,0,1795,1180,615
5350400.12,3.1,5955,3565,2385,1740,110,1745,1120,310,180,100,25,2235,2010,230,0,2225,1585,640
5350575.01,2.9,4835,2445,2385,1500,210,1195,705,485,255,145,80,2010,1305,705,0,2010,1395,615
5350341.04,2.8,4720,2345,2385,1755,170,1115,750,385,180,105,100,2160,610,1550,0,2165,1240,920
5350511.01,2.4,4935,2545,2385,1485,245,1220,750,435,275,115,45,2580,260,2320,0,2575,1400,1180
5350562.02,3.1,5630,3250,2380,1675,130,1585,945,320,200,80,45,2125,1935,190,0,2120,1630,490
5350402.12,2,5375,2990,2380,1530,160,1410,595,345,265,75,10,2905,2155,750,0,2895,1420,1475
5350293,3,5140,2760,2375,1605,160,1340,885,440,260,125,60,2140,1705,435,0,2135,1415,725
5350560,2.9,5180,2805,2375,1610,165,1355,845,405,240,110,60,2155,1600,550,0,2150,1525,625
5350401.13,3.6,5490,3115,2370,1615,120,1480,990,335,200,105,30,1770,1520,245,0,1765,1090,675
5350455,2.9,6700,4335,2370,1665,170,2120,1270,280,165,85,25,2790,2510,280,0,2735,2050,685
5350412.24,3.7,6445,4080,2365,1830,120,2000,1555,345,175,120,50,2270,2150,125,0,2270,1645,625
5350358.02,2.4,3935,1575,2365,1540,185,760,475,450,245,125,80,1910,965,940,0,1905,1145,760
5350440,2.8,6025,3665,2360,1570,160,1795,1055,265,150,85,30,2495,2100,400,0,2490,1865,620
5350056,2.4,4295,1935,2360,1915,75,950,430,190,140,45,15,2015,940,1075,0,2020,1380,640
5350401.14,3.5,6745,4385,2355,1900,70,2155,1425,215,130,65,20,2260,2155,100,0,2255,1735,525
5350513.01,2.8,5970,3620,2355,1670,125,1780,1035,280,180,75,30,2450,2140,310,0,2440,1755,685
5350030,2,3975,1620,2355,1860,140,775,310,260,150,60,50,2220,875,1350,0,2205,1260,945
5350531.02,3.5,5470,3115,2350,1690,140,1480,970,360,190,115,55,1925,1445,485,0,1930,1290,640
5350424.07,3.4,6710,4365,2350,1850,95,2145,1620,280,145,100,30,2460,2310,145,0,2450,1640,810
5350302.02,3,5265,2915,2350,1655,115,1405,885,360,230,90,35,2045,1295,745,0,2040,1335,700
5350520.08,2.7,5360,3015,2350,1655,135,1460,965,320,215,90,20,2305,1585,715,0,2305,1555,755
5350410.09,2.4,4905,2555,2350,1240,125,1200,595,245,185,50,10,2085,1710,375,0,2090,1145,940
5350593,2.9,7240,4895,2345,1685,120,2420,1260,230,135,65,30,2915,2735,185,0,2825,2180,645
5350038,2.2,3520,1175,2345,1770,115,535,225,155,105,45,10,1640,565,1080,0,1645,815,830
5350378.06,3.6,4915,2580,2340,1755,155,1225,920,410,225,110,70,1675,1145,525,0,1675,1125,540
5350528.18,3.6,5735,3395,2340,1870,95,1645,1180,285,170,80,40,1905,1525,380,0,1905,1410,495
5350620.11,3.3,8215,5880,2335,1640,180,2875,2095,350,185,120,40,3430,2825,600,0,3425,2415,1010
5350250.04,3.1,4590,2255,2335,1585,270,1030,740,595,270,200,130,1980,755,1230,0,1980,1070,915
5350412.01,2.8,5600,3265,2335,1445,130,1580,890,270,155,90,25,2245,1880,365,0,2230,1670,565
5350576.56,4.7,6180,3845,2330,1870,90,1855,1375,255,115,80,60,1685,1575,115,0,1685,980,705
5350361.02,3.1,6240,3905,2330,1715,100,1920,1225,350,190,115,45,2455,2295,155,0,2445,2010,435
5350378.16,3.2,5125,2795,2325,1610,170,1345,925,345,205,95,45,1920,1505,405,0,1915,1245,675
5350620.01,3.1,6845,4520,2325,1695,165,2230,1570,330,185,120,25,2965,2610,360,0,2965,2175,795
5350473.01,2.9,5395,3070,2320,1465,165,1505,1005,305,170,105,30,2195,1775,415,0,2190,1615,580
5350201,1.9,4735,2415,2320,1430,195,1165,495,245,185,60,5,2795,1250,1545,0,2795,1670,1125
5350313,3.1,4585,2270,2315,1525,180,1085,675,460,250,135,70,1810,1130,680,0,1805,1265,540
5350378.12,2.8,4195,1885,2315,1550,210,895,590,520,285,125,110,1815,955,855,0,1815,1075,735
5350362.04,2.7,4380,2065,2315,1495,165,985,625,355,225,90,45,1770,1330,440,0,1770,1290,480
5350516.16,2.5,4950,2635,2315,1625,90,1270,590,235,135,75,30,2115,1675,440,0,2115,1490,620
5350299.02,1.9,4835,2515,2315,1670,100,1195,430,215,175,30,10,2815,1540,1270,0,2805,1415,1395
5350360,3,5150,2845,2310,1610,135,1365,835,375,200,125,50,1995,1665,335,0,2000,1535,460
5350231,2.5,5505,3200,2310,1675,125,1580,920,255,175,60,25,2570,1570,995,0,2565,1955,610
5350562.05,2.5,4710,2400,2310,1430,200,1165,685,415,260,110,45,2250,1430,820,0,2250,1405,845
5350576.58,4.1,6395,4090,2305,1750,140,1975,1470,325,155,110,60,2070,1805,265,0,2075,1225,850
5350512,2.6,4995,2690,2305,1465,170,1270,800,335,205,90,35,2175,905,1270,0,2170,1325,840
5350355.04,2.8,4320,2015,2300,1455,175,930,650,420,250,120,50,1805,500,1305,0,1805,1085,720
5350472,2.8,5955,3655,2300,1520,225,1805,1070,405,245,130,35,2670,2280,390,0,2670,1885,785
5350322.01,2.1,4325,2020,2300,1745,85,950,480,300,220,65,15,2265,1280,990,0,2245,950,1295
5350410.03,2.9,6085,3785,2295,1700,100,1835,1110,235,160,60,20,2450,2140,310,0,2440,1665,770
5350248.04,3.1,4100,1815,2290,1680,150,845,530,330,175,90,65,1495,825,670,0,1485,985,505
5350094,2.4,4350,2065,2290,1750,95,1015,520,280,170,90,15,2025,1085,940,0,2025,1365,655
5350528.26,2.5,4465,2185,2285,1590,165,1055,640,455,260,150,45,2115,1145,970,0,2115,1225,890
5350249.03,3.6,4725,2455,2280,1690,145,1165,820,400,185,140,75,1590,1120,475,0,1590,1085,500
5350331.01,2.4,4875,2595,2280,1290,130,1250,660,345,215,85,35,2295,1820,475,0,2295,1715,580
5350528.48,4.2,6170,3890,2275,1820,85,1880,1490,260,145,75,45,1905,1660,240,0,1910,1215,695
5350424.11,3.1,6440,4165,2275,1615,110,2050,1410,285,155,100,30,2565,2235,325,0,2565,1630,935
5350576.4,4.5,6200,3930,2270,1750,110,1875,1395,260,125,90,45,1780,1580,195,0,1780,1150,625
5350403.12,3.7,7230,4960,2270,1710,105,2415,1775,270,155,85,30,2595,2495,100,0,2595,1765,825
5350442.06,3.3,7715,5450,2270,1630,140,2675,1950,355,175,140,50,3155,2880,280,0,3155,2110,1045
5350603,2,4385,2120,2270,1290,160,1025,465,235,170,60,10,2550,750,1800,0,2545,1425,1115
5350351.01,2.7,4610,2345,2265,1490,170,1115,710,405,290,85,30,2080,1005,1075,0,2080,1465,615
5350316.04,2.5,3325,1065,2265,1395,230,495,335,545,240,155,145,1670,425,1245,0,1675,995,680
5350162,2.5,4375,2120,2260,1420,155,1010,600,355,220,105,30,1915,1105,815,0,1915,1205,720
5350572.05,2.5,4880,2620,2260,1510,180,1250,745,365,235,100,35,2320,650,1675,0,2325,1440,885
5350442.05,2.8,5855,3595,2255,1410,155,1770,1200,350,200,115,30,2600,2370,230,0,2605,1930,670
5350348,2.7,4800,2550,2255,1385,115,1205,765,325,215,80,25,1970,1590,380,0,1970,1415,555
5350350,2.7,4580,2330,2255,1455,120,1115,680,335,195,105,35,1970,1320,650,0,1965,1400,565
5350481.01,3.3,6450,4200,2250,1625,145,2075,1465,340,175,125,45,2530,2285,245,0,2530,1825,705
5350501.02,2.9,5785,3535,2250,1585,130,1745,1080,270,160,90,25,2385,2175,210,0,2385,1775,610
5350363.07,2.7,4330,2080,2250,1600,170,970,690,330,180,100,50,1925,335,1585,0,1925,1225,700
5350236.02,2.6,5185,2930,2250,1480,130,1440,865,305,200,80,30,2265,1905,365,0,2265,1730,535
5350400.14,4,5205,2965,2245,1650,105,1405,965,305,170,110,30,1530,1305,225,0,1530,965,560
5350528.22,3.7,5345,3100,2245,1745,85,1485,1015,280,145,95,45,1750,1325,425,0,1745,1120,625
5350355.02,2.7,4420,2180,2245,1515,125,1045,645,430,250,140,35,1915,1165,755,0,1915,1260,660
5350516.37,2.7,5200,2955,2245,1510,135,1420,870,295,185,80,25,2250,1675,575,0,2245,1480,765
5350378.04,3.5,4865,2630,2235,1665,125,1260,875,365,205,95,60,1770,1270,500,0,1770,1135,635
5350344.01,2.8,4440,2205,2235,1505,175,1055,635,350,210,95,40,1945,1025,920,0,1940,1165,775
5350378.11,3.3,4680,2455,2230,1640,155,1175,865,355,200,105,45,1695,1325,375,0,1690,1030,665
5350526.01,3,4850,2615,2230,1570,175,1260,920,395,225,115,60,1995,910,1085,0,2000,1195,800
5350221.02,2.4,4450,2220,2230,1470,190,1040,630,325,210,95,25,2065,635,1430,0,2065,1180,885
5350102.02,1.7,3950,1720,2230,1490,145,835,250,210,155,40,10,2595,145,2455,0,2595,1480,1110
5350320.01,2.5,4525,2305,2220,1155,165,1070,585,325,240,70,25,2040,605,1440,0,2030,950,1080
5350063.04,1.4,3260,1040,2220,1805,95,500,75,75,55,20,5,2200,400,1795,0,2200,1155,1045
5350331.03,3.3,4535,2315,2215,1625,200,1095,850,490,245,135,110,1865,465,1395,0,1860,980,880
5350370.02,3,4670,2455,2215,1465,130,1155,780,325,205,90,30,1810,1325,485,0,1805,1175,630
5350042,2.3,4105,1880,2215,1800,60,915,390,190,120,55,5,1955,870,1080,0,1950,1280,675
5350576.62,4.5,5620,3415,2210,1740,115,1620,1215,265,115,85,60,1570,1355,215,0,1570,1035,540
5350400.13,4,5370,3155,2210,1705,90,1510,1155,255,130,90,35,1650,1355,295,0,1650,945,710
5350620.1,3.7,8230,6020,2210,1675,120,2955,2270,290,150,100,35,3270,2970,300,0,3275,2480,795
5350299.01,2.8,5200,2995,2205,1575,100,1450,940,270,175,75,20,2205,1500,705,0,2200,1540,660
5350109,2.5,4765,2560,2205,1645,130,1260,670,325,215,85,25,2200,1350,850,0,2200,1390,810
5350352,2.7,4485,2285,2200,1410,140,1095,705,310,200,85,25,1890,1225,670,0,1890,1170,720
5350304.06,2.6,5050,2850,2200,1505,110,1375,830,270,185,70,15,2205,1760,440,0,2200,1305,900
5350080.02,2.3,3930,1735,2200,1510,150,800,490,335,215,95,20,1975,425,1550,0,1975,1085,885
5350422.06,2.3,4530,2330,2200,1220,170,1130,610,335,220,85,25,2210,1160,1050,0,2215,1245,965
5350208,2.1,3535,1345,2195,1450,165,650,370,395,255,90,50,2000,630,1370,0,2000,1150,850
5350185.02,2,4120,1930,2195,1505,150,945,430,240,170,55,10,2275,925,1350,0,2270,1375,895
5350528.46,3.9,5610,3415,2190,1795,95,1660,1290,265,120,75,70,1810,1560,250,0,1810,1260,550
5350456.02,3,5925,3735,2190,1540,145,1850,1140,275,165,90,30,2395,2055,340,0,2385,1835,550
5350610.02,3,7020,4830,2190,1605,135,2395,1560,265,160,85,20,2975,2770,205,0,2970,2370,605
5350346.02,2.7,4365,2175,2190,1515,145,1030,695,455,300,105,50,2030,555,1470,0,2030,1325,700
5350021,2,4495,2300,2190,1385,185,1125,515,225,170,45,10,2645,1145,1500,0,2645,1725,925
5350411.24,4.1,5640,3455,2185,1705,120,1635,1280,305,155,105,50,1790,1440,345,0,1790,960,830
5350194.04,2.6,4985,2795,2185,1505,165,1345,885,305,210,70,25,2540,780,1760,0,2530,1420,1115
5350600.02,3.3,5790,3605,2180,1735,95,1770,1225,280,150,105,30,2105,1960,145,0,2105,1755,355
5350103,2.3,5125,2945,2180,1365,105,1445,760,180,110,65,10,2485,1870,615,0,2485,1870,615
5350400.11,4,5305,3130,2175,1725,70,1510,1090,215,115,75,25,1565,1395,170,0,1565,1050,520
5350585.05,3.2,5765,3590,2175,1625,120,1785,1295,295,135,110,50,2270,2135,140,0,2270,1840,430
5350421.01,3,5900,3720,2175,1590,80,1815,1120,210,140,55,20,2285,1990,295,0,2280,1370,915
5350516.05,2.9,5080,2900,2175,1515,135,1425,910,400,230,115,50,2140,1710,435,0,2140,1545,595
5350422.02,2.6,4555,2380,2175,1365,190,1155,690,390,255,100,35,2070,1170,905,0,2075,1180,890
5350040,2.5,4085,1915,2170,1650,90,910,415,225,145,70,10,1755,1030,720,0,1745,1030,715
5350451.02,2.1,4325,2155,2170,1205,180,1055,465,300,205,80,15,2230,1315,910,0,2225,1480,745
5350128.06,1.7,3825,1655,2170,1690,120,800,295,140,100,35,5,2540,300,2240,0,2540,1415,1125
5350528.37,3.9,6590,4430,2165,1695,100,2150,1570,230,120,80,30,2215,2050,155,0,2205,1520,685
5350315.03,3.2,4475,2310,2165,1465,145,1100,735,405,210,110,85,1700,1110,585,0,1700,1180,525
5350235.02,2.6,4585,2420,2165,1360,130,1180,690,365,235,95,35,2035,1690,345,0,2035,1430,600
5350528.33,3.7,5470,3310,2160,1770,70,1610,1180,200,95,85,20,1760,1615,150,0,1760,1305,460
5350376.01,3.2,4305,2145,2160,1490,135,995,615,415,240,100,80,1555,1080,475,0,1555,1030,520
5350295,2.7,4375,2215,2160,1420,160,1060,675,395,270,95,30,1900,815,1085,0,1895,1300,595
5350516.03,2.6,4765,2605,2160,1380,165,1285,750,395,250,105,35,2195,1815,380,0,2195,1510,685
5350377.04,3.5,5090,2935,2155,1545,110,1415,905,325,195,120,15,1670,1510,160,0,1665,1150,515
5350516.22,3.6,5625,3470,2150,1755,90,1705,1340,205,105,70,30,1960,1880,85,0,1955,1540,420
5350451.06,3.2,5220,3070,2150,1580,140,1510,1105,345,140,160,45,2045,1830,215,0,2040,1560,485
5350522,2.7,5130,2980,2150,1340,150,1455,810,345,230,85,30,2195,1735,465,0,2200,1600,595
5350112,2.6,4610,2455,2150,1550,130,1190,695,305,215,65,25,2070,1385,685,0,2070,1365,705
5350635,2.4,5105,2960,2150,1250,190,1465,800,280,190,75,20,2495,1645,850,0,2490,1835,665
5350051,2.3,4585,2435,2150,1580,95,1190,605,180,110,50,15,2380,1035,1350,0,2370,1635,730
5350059,2.2,3525,1380,2150,1615,50,595,250,115,80,30,5,1445,675,770,0,1440,840,595
5350528.11,2.2,4895,2750,2150,1265,160,1325,590,300,200,75,25,2485,1855,625,0,2485,1295,1190
5350516.46,4,5920,3785,2140,1785,75,1835,1480,180,90,65,25,1885,1740,145,0,1885,1330,560
5350528.34,3.2,5050,2900,2140,1685,105,1410,1025,275,150,90,40,1855,1725,135,0,1845,1315,525
5350250.01,3.4,4510,2375,2135,1435,135,1100,720,325,160,100,65,1540,985,550,0,1535,1005,530
5350500.02,2.2,4240,2100,2135,1315,180,1025,490,370,255,100,20,2185,1205,975,0,2175,1455,725
5350116,2.1,4050,1915,2135,1445,110,895,425,190,135,40,15,1965,985,980,0,1955,1250,705
5350528.45,3.2,4585,2455,2130,1600,125,1185,835,470,280,130,65,1770,1085,680,0,1765,1295,470
5350521.01,2.4,4790,2660,2130,1365,165,1285,740,315,215,70,30,2325,1235,1090,0,2320,1260,1060
5350354,3.1,4615,2490,2125,1460,105,1155,725,300,180,80,40,1655,1275,375,0,1650,1220,435
5350129,2.2,4855,2725,2125,1570,125,1340,685,220,130,75,20,2615,1185,1435,0,2615,1755,855
5350091.02,1.7,3270,1145,2125,1675,85,550,165,120,85,35,10,2025,510,1515,0,2020,1190,830
5350424.16,3.6,6760,4635,2120,1685,110,2275,1750,225,115,80,35,2440,2250,190,0,2435,1490,945
5350450.06,3.4,6190,4075,2120,1660,85,2005,1480,235,120,85,30,2240,2005,235,0,2240,1625,610
5350375.04,3.2,4550,2435,2120,1525,110,1160,760,340,200,95,40,1660,1330,335,0,1660,1100,565
5350270.01,2.5,4160,2035,2120,1455,140,995,575,360,205,105,50,1950,700,1255,0,1940,1155,785
5350263.03,2.2,4265,2150,2120,1270,135,995,565,280,200,65,15,2045,825,1220,0,2035,1320,715
5350362.02,3.5,4880,2770,2115,1630,80,1345,900,220,130,60,30,1625,1440,185,0,1625,1180,445
5350303,2.9,4460,2350,2115,1525,135,1120,790,345,200,100,40,1810,420,1395,0,1810,1015,800
5350357.02,2.9,3730,1615,2115,1505,190,765,500,610,310,190,110,1715,510,1205,0,1715,1110,600
5350115,2.5,3835,1720,2115,1365,120,785,440,300,190,80,35,1535,780,755,0,1530,1090,440
5350422.05,3.5,5900,3785,2110,1690,85,1840,1400,230,140,75,15,2005,1875,125,0,2000,1260,740
5350637,3,6200,4095,2110,1610,100,1855,1060,165,85,60,15,2235,2055,175,0,2180,1820,360
5350375.03,2.8,4380,2275,2110,1465,160,1085,690,395,225,100,70,1865,740,1120,0,1865,1155,710
5350283.02,2.7,3635,1525,2110,1360,175,735,430,545,290,150,100,1710,825,890,0,1715,1240,470
5350107,2.9,4325,2220,2105,1500,145,1075,695,340,200,95,45,1750,1245,505,0,1750,1295,455
5350190.02,2.4,3920,1820,2105,1380,190,875,510,400,245,110,40,2030,615,1415,0,2035,1115,920
5350521.06,2.3,4670,2560,2105,1205,160,1245,670,280,185,65,25,2445,625,1820,0,2440,1245,1195
5350573.09,3.6,4780,2675,2100,1570,140,1290,930,410,210,125,70,1670,1325,340,0,1670,1130,540
5350613.04,2.3,4015,1920,2100,1495,110,935,455,200,130,50,15,1870,965,905,0,1870,1090,780
5350225.01,2.1,4460,2360,2100,1310,120,1155,530,275,195,65,10,2320,1215,1105,0,2315,1565,745
5350612.12,3.4,5560,3470,2095,1680,105,1715,1260,235,115,90,30,2040,1900,140,0,2035,1720,315
5350576.16,4.1,5295,3205,2090,1620,100,1545,1120,250,130,90,30,1590,1365,230,0,1590,1075,515
5350572.08,3.8,4555,2470,2090,1690,100,1170,815,250,140,65,45,1430,1110,320,0,1420,900,520
5350410.05,3.3,5310,3225,2085,1755,70,1575,1115,185,90,65,30,1870,1795,70,0,1865,1475,395
5350363.05,2.7,3565,1485,2085,1570,145,695,505,455,250,135,65,1725,580,1140,0,1725,995,730
5350576.2,4.3,5385,3305,2080,1500,100,1560,1210,275,145,85,40,1565,1360,205,0,1565,995,565
5350502.01,2.8,4595,2525,2080,1440,150,1235,755,345,215,100,35,1995,1495,495,0,1990,1460,535
5350307.03,2.3,4435,2350,2080,1585,100,1090,665,325,230,80,10,2260,1375,885,0,2225,1000,1225
5350590,2.3,4155,2070,2080,1235,185,1020,490,365,225,100,35,2135,1315,825,0,2135,1410,720
5350286,2.5,3730,1655,2075,1425,130,780,390,365,185,90,85,1665,955,710,0,1660,1100,560
5350412.1,3.3,5120,3065,2060,1460,105,1495,935,255,145,95,20,1755,1640,120,0,1760,1400,360
5350411.01,2.9,4860,2805,2060,1365,120,1345,815,265,170,75,15,1830,1535,295,0,1825,1290,535
5350527.04,2.7,4975,2920,2060,1395,125,1430,860,290,185,85,20,2105,1555,550,0,2105,1605,500
5350412.22,3.7,6430,4375,2055,1585,105,2150,1685,250,115,95,40,2390,2205,185,0,2390,1665,730
5350097.01,2.6,3770,1715,2055,1525,110,800,450,205,135,60,15,1545,690,850,0,1535,915,625
5350530.01,3.4,4040,1990,2050,1465,170,935,675,420,215,130,70,1560,710,855,0,1560,930,630
5350612.24,3.4,6055,4010,2050,1615,85,1960,1500,220,120,80,20,2355,2125,235,0,2340,1745,595
5350212,2.6,4795,2740,2050,1370,130,1350,790,290,180,90,20,2170,1695,480,0,2165,1665,500
5350276.02,2.9,5420,3375,2045,1495,105,1645,1080,245,140,75,30,2420,1895,525,0,2420,1890,525
5350516.06,2.7,4205,2160,2045,1140,125,1020,640,285,155,105,35,1710,1210,500,0,1710,1100,610
5350291.02,2.6,4165,2115,2045,1250,150,1010,595,325,205,95,30,1925,1045,875,0,1925,1370,550
5350307.06,2.3,4720,2680,2045,1530,105,1260,750,235,165,60,10,2280,1480,800,0,2255,1040,1210
5350184.01,2.2,4265,2220,2045,1255,140,1085,560,315,210,90,20,2295,1090,1210,0,2295,1470,825
5350612.03,3.1,5075,3035,2040,1550,130,1490,1060,290,145,115,30,1995,1720,275,0,1985,1525,465
5350376.04,2.8,4750,2710,2040,1210,95,1250,725,285,185,75,25,1790,1245,540,0,1790,1075,715
5350373,2.7,4070,2030,2040,1410,145,980,595,335,215,90,30,1785,845,940,0,1785,1190,600
5350528.01,3.3,4890,2855,2035,1555,105,1395,945,235,110,90,30,1740,1370,370,0,1740,1250,495
5350353.02,3.2,4345,2315,2035,1435,135,1115,745,330,190,90,50,1690,1060,635,0,1690,1160,530
5350314.01,3,3890,1855,2035,1370,195,865,615,510,285,160,65,1675,355,1325,0,1680,895,785
5350275,2.5,4945,2910,2035,1390,95,1425,790,185,105,55,20,2390,1540,845,0,2385,1740,640
5350323.02,2.6,4875,2845,2030,1120,80,1315,680,195,140,45,5,1760,1125,635,0,1750,1065,690
5350058,2.1,3650,1615,2030,1615,70,795,305,120,90,25,10,1930,770,1165,0,1935,1160,775
5350411.04,3.1,4960,2930,2025,1475,70,1440,935,200,120,65,20,1780,1590,190,0,1780,1330,455
5350482,3.1,6015,3990,2025,1470,125,1970,1175,210,120,75,20,2430,2195,235,0,2330,1820,515
5350376.12,2.8,4735,2710,2025,1325,90,1305,765,260,175,70,20,1860,1650,205,0,1855,1140,720
5350430.07,2.8,5955,3930,2025,1345,140,1940,1195,255,140,85,30,2685,2225,465,0,2680,1845,835
5350090,1.7,3845,1825,2025,1255,100,865,265,120,95,20,5,2370,1145,1230,0,2355,1470,890
5350528.12,3.7,4930,2915,2020,1580,85,1400,995,210,125,65,20,1550,1345,205,0,1545,1175,365
5350573.05,3.1,4735,2715,2020,1390,160,1325,800,315,180,105,35,1815,1485,335,0,1815,1365,455
5350250.02,2.8,4120,2105,2020,1295,150,1010,590,370,190,120,55,1740,1050,695,0,1740,1210,535
5350194.02,3.1,4630,2625,2015,1355,100,1225,885,200,110,50,40,1880,0,1875,0,1880,870,1010
5350452.02,2.6,4230,2215,2015,1310,180,1075,570,335,195,105,35,1895,1020,875,0,1895,1285,615
5350402.02,2.5,4760,2745,2015,1455,135,1315,735,245,170,65,15,2190,1170,1020,0,2180,965,1215
5350452.03,2.6,4770,2755,2010,1310,150,1365,785,285,170,85,30,2105,1565,540,0,2105,1540,565
5350606,2.4,4355,2345,2010,1230,140,1155,585,335,210,85,35,2095,1335,755,0,2090,1405,685
5350410.14,3.3,5160,3155,2005,1545,75,1555,1070,215,120,80,20,1830,1720,110,0,1835,1415,420
5350248.05,3.2,3790,1785,2005,1390,135,810,505,240,130,70,40,1275,895,380,0,1275,865,415
5350314.02,3.2,4120,2120,2005,1375,140,1010,655,350,185,95,70,1565,1175,395,0,1565,995,570
5350575.02,2.5,3875,1865,2005,1275,190,895,500,385,240,110,40,1870,715,1155,0,1865,1215,655
5350287.04,2.2,3620,1615,2005,1175,120,775,470,230,160,60,20,2055,1005,1050,0,2055,1230,825
5350585.09,3.1,4850,2845,2000,1475,120,1410,975,235,130,80,25,1810,1645,165,0,1810,1505,305
5350310.02,2.7,4245,2245,2000,1360,135,1090,715,300,190,85,25,1825,850,975,0,1820,1220,595
5350638,2.6,4895,2895,2000,1215,200,1435,825,335,200,110,30,2295,1755,540,0,2285,1825,460
5350441.02,2.4,3910,1920,2000,1080,160,905,490,265,150,90,30,1805,1000,810,0,1805,1230,575
5350294.02,3.2,3840,1845,1995,1350,130,880,565,385,215,105,70,1360,1125,235,0,1360,1015,345
5350214,2.1,4455,2460,1995,1350,110,1205,590,230,170,50,10,2410,1940,470,0,2415,1725,685
5350431.02,2.9,5585,3590,1990,1445,100,1750,945,195,120,55,20,2170,1900,265,0,2115,1535,580
5350576.6,4.4,6200,4215,1980,1530,115,2030,1545,250,105,80,65,1905,1730,175,0,1905,1110,795
5350576.17,4.1,5365,3385,1980,1495,110,1635,1140,270,125,90,55,1670,1505,160,0,1665,1140,535
5350378.27,3.8,4630,2650,1980,1525,125,1260,975,305,170,85,45,1530,1280,255,0,1530,965,560
5350520.01,3.4,4565,2585,1980,1460,110,1245,855,295,190,80,30,1645,1290,355,0,1650,1105,545
5350460.01,3,5860,3885,1980,1475,90,1920,1250,180,95,55,30,2370,2085,290,0,2370,1720,650
5350527.05,2.7,4940,2960,1980,1320,105,1435,790,270,170,80,20,2055,1655,395,0,2055,1565,490
5350420.13,2.5,4690,2715,1980,1300,120,1290,820,295,190,85,15,2150,1680,475,0,2155,1175,970
5350576.5,4,5165,3185,1975,1550,120,1540,1180,275,105,110,60,1685,1580,105,0,1680,1100,585
5350528.2,3.4,5035,3055,1975,1430,95,1480,895,240,135,75,30,1750,1440,310,0,1745,1250,500
5350503,2.7,4230,2255,1975,1380,165,1095,640,340,220,80,45,1865,1085,780,0,1865,1295,575
5350050.04,2.3,4070,2095,1975,1320,125,1035,585,310,140,110,60,2210,1035,1170,0,2195,1645,555
5350341.02,2.3,3775,1795,1975,1235,125,850,485,185,125,50,10,1780,1050,730,0,1780,930,850
5350592.02,3,5375,3405,1965,1335,140,1665,1065,235,125,85,30,2120,2000,120,0,2115,1815,305
5350131,2.2,4560,2595,1965,1415,90,1260,620,145,90,40,15,2395,1380,1010,0,2395,1645,750
5350521.03,3.3,4215,2260,1960,1455,115,1070,750,305,195,75,35,1500,1230,275,0,1495,980,520
5350450.05,3,4885,2920,1960,1395,130,1440,950,295,170,95,25,2020,1750,270,0,2020,1545,475
5350576.43,3.8,4970,3015,1955,1435,125,1460,1090,340,160,110,65,1695,1530,165,0,1695,1140,550
5350072.01,2.5,3690,1740,1955,1350,150,840,475,390,230,105,60,1835,805,1025,0,1830,1275,560
5350047.02,1.9,3300,1345,1955,1290,165,640,290,180,115,45,20,1935,395,1535,0,1930,900,1025
5350238.02,2.7,4295,2345,1950,1225,150,1135,690,370,225,105,40,1995,1020,980,0,1990,1340,650
5350171,2.5,3365,1420,1945,1200,240,640,385,435,245,130,60,1520,640,885,0,1515,1005,510
5350119,2,4145,2200,1945,1395,80,1070,420,110,70,30,10,2350,890,1460,0,2330,1495,840
5350576.59,4.4,5130,3195,1940,1515,95,1535,1195,230,110,85,35,1505,1345,155,0,1500,930,570
5350222.02,2.8,4125,2190,1940,1220,140,1040,680,355,225,90,30,1785,860,925,0,1785,1285,505
5350204,2.1,3865,1920,1940,1175,170,945,480,230,165,55,10,2180,1070,1110,0,2180,1420,760
5350089,1.6,3740,1795,1940,1295,75,815,180,105,85,20,0,2320,1200,1120,0,2295,1310,990
5350411.22,3.5,4610,2685,1935,1515,85,1315,980,240,115,90,30,1575,1415,165,0,1575,1210,365
5350411.19,3.4,6215,4270,1935,1310,125,2060,1620,230,115,80,35,2500,2200,300,0,2495,1450,1045
5350484.02,2.8,5110,3165,1935,1295,120,1560,880,240,140,80,20,2125,1910,215,0,2085,1710,370
5350272.02,2.6,4060,2120,1935,1260,105,1030,630,285,165,90,30,1775,1520,250,0,1775,1205,565
5350087,2,4585,2655,1935,1200,100,1290,495,125,85,30,15,2505,1670,835,0,2495,1890,610
5350576.34,3.6,4725,2795,1930,1490,110,1360,990,365,185,115,65,1665,1490,180,0,1665,1145,520
5350516.44,3.4,4540,2610,1930,1450,75,1240,945,235,130,85,20,1530,1200,330,0,1530,1025,505
5350376.02,3.2,4300,2365,1930,1285,135,1115,735,355,205,100,50,1605,935,670,0,1610,995,615
5350361.01,3,4975,3050,1930,1435,80,1505,900,240,135,80,30,1930,1800,125,0,1925,1595,330
5350527.02,2.8,4580,2650,1930,1150,95,1265,720,215,135,60,20,1775,1445,335,0,1775,1255,525
5350516.38,3.5,5105,3175,1925,1565,95,1540,1165,215,115,75,25,1845,1405,445,0,1850,1170,680
5350516.2,3.3,5215,3295,1915,1525,80,1610,1150,210,110,70,30,1870,1815,60,0,1870,1550,320
5350403.13,2.8,5210,3295,1915,1145,80,1605,945,235,145,70,15,2215,2050,160,0,2205,1565,645
5350528.16,3.7,4390,2480,1910,1555,80,1210,945,195,105,70,25,1425,1150,270,0,1425,1010,410
5350528.19,3.4,4600,2685,1910,1420,80,1310,875,230,145,70,20,1580,1330,250,0,1580,1170,415
5350356,3,4075,2160,1910,1250,100,1035,680,235,140,60,30,1575,1175,405,0,1575,1160,420
5350585.07,3,5790,3875,1910,1350,115,1915,1110,195,110,55,25,2320,2115,205,0,2280,1760,520
5350411.16,3.4,5075,3170,1905,1325,95,1525,1125,200,100,80,25,1820,1680,145,0,1820,1280,535
5350422.03,3.4,5590,3680,1905,1435,90,1790,1330,280,165,95,25,2055,1925,125,0,2050,1355,695
5350312.05,3,2845,940,1905,1220,235,425,290,600,270,185,150,1305,240,1065,0,1305,750,550
5350511.02,2.7,3975,2075,1905,1230,145,1010,605,355,220,105,40,1780,1095,690,0,1785,1320,465
5350249.05,3.5,4270,2370,1900,1430,140,1130,860,335,145,100,90,1535,425,1110,0,1535,970,565
5350612.08,3.2,4600,2695,1900,1385,95,1315,925,235,125,80,30,1690,1485,200,0,1685,1320,370
5350800.02,2.5,3990,2090,1900,1130,135,1025,470,340,230,85,25,1780,1375,405,0,1780,1295,485
5350305.03,2.2,4305,2410,1900,1295,110,1155,585,275,205,55,10,2210,900,1315,0,2205,1185,1020
5350528.42,4.1,4525,2625,1895,1420,60,1245,995,175,105,50,20,1300,1130,170,0,1305,880,420
5350441.04,3.3,4725,2830,1895,1575,80,1395,1045,190,85,90,20,1675,1555,115,0,1675,1340,330
5350801.02,2.9,4965,3070,1895,1320,105,1515,940,240,155,75,20,2000,1885,115,0,1990,1655,335
5350610.03,1.8,4185,2285,1895,810,185,1125,320,215,160,40,15,2455,1310,1145,0,2450,1525,920
5350411.12,3.6,4615,2730,1885,1505,85,1340,1020,220,110,70,40,1560,1490,70,0,1560,1165,395
5350514.02,3.2,4440,2555,1885,1425,110,1235,880,310,165,80,65,1805,925,880,0,1805,1160,650
5350289,2.7,4035,2150,1885,1280,115,1030,605,300,205,75,25,1710,1005,705,0,1710,1215,495
5350622,2.7,4950,3065,1885,1240,135,1520,840,320,195,95,35,2265,1775,495,0,2265,1770,500
5350196.02,2.5,4615,2735,1885,1310,105,1345,855,195,125,55,20,2240,1535,705,0,2240,1725,515
5350528.39,3.5,5330,3450,1880,1485,95,1705,1330,220,115,85,20,1960,1865,90,0,1960,1450,510
5350528.24,3.5,4590,2710,1875,1455,75,1305,865,210,120,65,25,1510,1355,155,0,1510,1160,350
5350267,3.1,5275,3400,1875,1435,55,1650,1100,190,110,65,10,2065,1735,325,0,2055,1520,530
5350516.48,3.8,5010,3145,1870,1465,75,1525,1250,195,100,55,40,1715,1320,390,0,1710,940,775
5350420.11,3.6,5305,3435,1870,1505,50,1655,1095,170,95,50,20,1710,1625,85,0,1715,1160,550
5350516.4,3.6,5035,3155,1870,1500,90,1560,1205,225,110,90,25,1795,1655,140,0,1795,1415,375
5350411.09,3.4,5140,3270,1870,1420,100,1605,1165,240,135,80,25,1855,1720,135,0,1850,1305,545
5350612.05,2.9,4890,3015,1870,1325,110,1475,935,255,155,80,20,2015,1590,425,0,2010,1670,345
5350206.01,2.1,3680,1815,1870,1150,135,885,410,270,195,55,20,2015,1045,970,0,2010,1375,635
5350346.01,2.9,3660,1800,1865,1320,125,865,610,385,210,120,60,1625,710,920,0,1625,1075,555
5350132,2.7,4440,2575,1865,1340,95,1250,790,210,130,50,30,1975,1020,955,0,1975,1420,555
5350528.47,3.6,4315,2455,1860,1475,80,1200,905,270,120,90,50,1450,1160,290,0,1445,1100,350
5350528.21,2.9,3675,1810,1860,1165,120,840,525,280,135,100,45,1405,820,585,0,1405,795,605
5350085,1.9,3515,1660,1860,1380,100,815,365,140,95,40,10,2090,720,1370,0,2085,1225,860
5350377.07,3.5,4235,2375,1855,1170,85,1060,670,270,150,85,30,1265,1120,150,0,1270,825,445
5350516.29,3.3,3980,2130,1855,1430,100,1040,795,340,180,110,40,1470,995,475,0,1470,1110,360
5350153,2.6,3830,1975,1855,1250,140,965,560,305,195,75,35,1650,1270,385,0,1645,1200,445
5350420.08,2.2,3950,2095,1855,1030,130,1010,465,235,155,75,5,1965,1340,620,0,1960,1065,890
5350015,1.6,3465,1610,1855,1445,90,775,140,110,70,30,5,2260,1270,985,0,2255,1620,630
5350575.08,3.4,4385,2535,1850,1375,135,1235,870,325,180,95,45,1635,1345,290,0,1630,1110,520
5350562.03,3,3910,2060,1850,1290,135,1005,655,385,195,125,65,1595,1225,375,0,1595,1150,440
5350802.02,3,4805,2950,1850,1285,100,1430,920,200,125,65,20,1840,1725,120,0,1840,1555,280
5350353.04,2.8,3595,1745,1850,1260,135,845,600,365,205,105,55,1565,755,810,0,1565,995,570
5350612.27,3,4450,2605,1845,1315,100,1280,890,210,110,75,25,1705,1500,200,0,1705,1325,375
5350159.02,2.8,3990,2145,1845,1255,125,1050,675,300,190,80,25,1700,1230,475,0,1700,1165,535
5350576.55,4.5,5255,3420,1840,1365,70,1630,1225,180,90,60,35,1475,1375,100,0,1475,920,555
5350378.19,3.7,4405,2565,1840,1370,65,1220,840,270,155,85,30,1430,1315,110,0,1430,1020,405
5350412.15,3,4730,2895,1840,1280,85,1415,860,165,95,50,25,1810,1690,125,0,1815,1440,370
5350420.09,2.2,3900,2070,1835,1060,125,1010,550,310,190,95,25,2045,1270,770,0,2045,1130,915
5350516.23,3.5,4720,2885,1830,1480,70,1420,1030,185,105,55,20,1615,1510,105,0,1615,1370,245
5350163,2.5,3725,1895,1830,1265,110,920,535,250,165,65,20,1800,1020,775,0,1795,1220,580
5350374.03,2.5,3670,1845,1830,1055,120,865,485,275,190,65,20,1660,605,1055,0,1665,960,705
5350564.02,3.3,3825,2000,1825,1285,135,970,670,335,170,105,65,1455,1140,315,0,1455,965,495
5350402.08,2.7,5465,3640,1825,1260,90,1775,950,225,145,65,10,2275,2015,255,0,2265,1545,725
5350509.01,2.6,4260,2435,1825,1140,130,1200,700,270,190,60,25,1990,1815,175,0,1985,1470,510
5350281.02,3,3060,1240,1820,1270,175,585,410,470,220,145,100,1320,520,800,0,1320,705,610
5350271.02,2.8,3895,2075,1820,1260,135,1010,670,340,190,105,45,1745,480,1260,0,1735,1110,625
5350524.01,2.8,3975,2160,1820,1170,140,1055,670,275,150,90,35,1670,1330,340,0,1670,1130,540
5350287.03,2.6,2610,785,1820,1305,150,365,230,445,175,130,140,1305,455,855,0,1310,945,365
5350316.05,3,3090,1275,1815,1255,155,600,405,440,220,120,100,1315,425,890,0,1310,740,565
5350374.01,2.9,4155,2340,1815,1260,80,1125,745,290,210,55,20,1660,1275,390,0,1660,1160,495
5350585.03,2.8,4480,2660,1815,1160,135,1300,820,265,150,80,35,1915,1570,340,0,1915,1470,440
5350368.02,2.7,3815,2000,1815,945,120,880,500,190,125,45,15,1415,1005,410,0,1415,965,450
5350528.4,3.7,4860,3055,1810,1430,80,1505,1170,200,110,75,15,1695,1605,85,0,1695,1350,350
5350411.23,2.3,3915,2105,1810,985,160,1020,585,220,130,75,20,2045,1620,425,0,2040,1180,855
5350043,2.2,3550,1745,1810,1395,80,840,365,135,100,30,10,1720,870,845,0,1700,1110,590
5350576.66,4.7,5070,3265,1805,1410,75,1560,1165,225,100,85,40,1415,1310,105,0,1415,830,585
5350412.26,3.7,4765,2960,1805,1340,105,1445,1125,250,110,95,45,1680,1605,75,0,1675,1215,460
5350182,2.5,4530,2720,1805,1245,100,1330,800,245,165,60,15,2135,1785,355,0,2130,1665,465
5350431.01,2.5,5745,3940,1805,1110,105,1935,745,170,110,45,15,2510,2350,160,0,2475,1945,530
5350516.3,3.5,4940,3140,1800,1480,50,1535,1110,155,90,40,20,1680,1570,115,0,1675,1200,475
5350527.07,2.9,4065,2260,1800,1260,125,1110,680,350,195,115,40,1660,995,665,0,1660,1165,490
5350274.01,2.8,4090,2295,1800,1295,110,1115,710,265,160,75,30,1735,875,860,0,1735,1150,585
5350343,2.7,3580,1780,1800,1255,120,855,540,295,185,70,30,1545,970,570,0,1545,970,570
5350344.02,1.8,2895,1100,1800,1040,155,525,270,325,230,75,20,1765,880,885,0,1765,1205,560
5350587.01,3,5110,3315,1795,1320,90,1640,945,160,100,40,15,1990,1815,175,0,1950,1545,410
5350400.02,3.2,4995,3205,1785,1390,55,1585,1055,180,105,60,20,1875,1790,85,0,1875,1515,360
5350306.01,3.1,3900,2115,1780,1355,95,1015,680,275,135,85,55,1460,1190,270,0,1455,940,520
5350294.01,2.8,3565,1780,1780,1165,180,855,510,400,210,125,70,1555,650,905,0,1555,1090,465
5350521.05,2.4,3590,1815,1780,1065,150,875,505,280,185,75,20,1790,910,880,0,1785,1085,705
5350173,2.6,2970,1190,1775,1245,155,560,370,415,235,120,60,1415,635,785,0,1415,845,570
5350474,2.6,4715,2940,1770,1120,160,1465,700,270,160,80,25,2130,1910,220,0,2115,1590,525
5350027,2.5,3685,1915,1770,1220,85,925,515,245,150,75,25,1740,1065,680,0,1730,1195,545
5350333,2.9,3940,2175,1765,1235,90,1065,655,285,145,90,55,1655,1335,315,0,1650,1295,355
5350233,2.8,4635,2870,1765,1205,95,1415,860,250,140,85,25,1995,1515,485,0,1995,1575,425
5350165,2.2,3655,1895,1760,1290,95,920,525,210,140,55,15,1960,895,1060,0,1955,1320,635
5350007.01,1.8,2890,1135,1760,1350,100,540,230,155,110,30,10,1760,215,1540,0,1755,890,870
5350516.41,3.4,4575,2820,1755,1400,75,1370,1040,210,110,60,40,1675,1335,340,0,1670,1070,600
5350518,2.7,3545,1780,1755,1195,145,865,550,290,180,70,40,1550,650,895,0,1550,1000,545
5350142,2.6,4555,2795,1755,1200,90,1375,935,185,120,55,15,2200,1455,750,0,2200,1640,560
5350274.02,2.4,4140,2385,1755,1215,75,1145,645,230,160,55,10,1985,1355,625,0,1975,1270,705
5350045,2.2,3130,1370,1755,1250,80,655,280,160,105,45,10,1495,615,880,0,1495,910,585
5350376.09,2.9,4110,2360,1750,1120,80,1130,630,285,215,65,10,1615,1365,255,0,1620,1010,605
5350528.43,3.4,4210,2470,1745,1210,75,1185,880,175,105,50,15,1475,1285,190,0,1475,995,480
5350430.05,3.2,5555,3815,1745,1205,105,1870,1285,190,105,60,25,2285,2120,165,0,2285,1700,580
5350510,2.8,4710,2980,1735,1170,90,1465,850,230,145,65,20,2000,1840,165,0,1995,1595,405
5350571.01,2.8,3050,1315,1735,1185,175,620,385,425,220,125,80,1425,595,830,0,1425,885,540
5350127,2.4,4360,2625,1730,1235,95,1295,830,205,130,75,5,2205,1490,720,0,2200,1640,560
5350576.49,3.9,4490,2765,1725,1300,115,1345,1030,295,150,90,55,1515,1340,175,0,1515,950,565
5350306.02,2.8,4140,2415,1725,1320,70,1145,745,185,110,60,20,1730,1385,345,0,1725,1000,725
5350282,2.8,3835,2115,1720,1190,95,1040,655,235,160,60,15,1570,1365,210,0,1570,1135,440
5350520.07,2.6,4005,2285,1720,1095,140,1090,780,295,190,75,30,1990,915,1070,0,1985,970,1015
5350516.02,3.1,4055,2345,1715,1280,90,1155,795,230,120,85,30,1560,1465,95,0,1555,1230,325
5350304.01,2.8,3665,1950,1715,1210,125,940,660,315,190,75,45,1635,170,1470,0,1625,840,790
5350621,2.7,4670,2960,1710,1035,125,1455,790,225,130,70,20,1985,1855,130,0,1980,1715,265
5350176,2.6,3620,1905,1710,1175,115,930,550,285,175,85,25,1580,1140,435,0,1580,1125,450
5350572.07,3.6,3840,2140,1705,1295,100,1025,700,245,140,75,30,1275,1020,260,0,1275,845,430
5350216,2.5,4615,2905,1705,1085,90,1435,830,165,120,40,5,2180,1820,355,0,2175,1745,430
5350532.02,3.5,3710,2010,1700,1205,110,960,685,285,150,95,40,1335,865,475,0,1340,895,445
5350244.02,3,2935,1235,1700,1185,130,580,380,430,185,140,110,1295,465,830,0,1295,825,470
5350316.06,3.2,2765,1065,1695,1195,155,495,330,480,215,130,135,1160,440,720,0,1160,815,340
5350069,2.6,4065,2365,1695,1255,90,1160,670,205,130,55,20,1915,1365,550,0,1905,1475,435
5350525.02,2.5,3815,2120,1690,1035,155,1015,585,235,140,70,30,1820,725,1095,0,1815,1125,690
5350076,2.3,3635,1945,1690,1120,125,955,530,260,170,65,20,2000,1210,785,0,1995,1405,590
5350528.15,3.7,3780,2095,1685,1355,55,1020,765,205,95,70,40,1230,1020,210,0,1235,955,275
5350249.01,3.5,3995,2310,1685,1225,100,1115,695,240,130,70,35,1310,1145,170,0,1305,945,365
5350529.02,3.3,3770,2085,1685,1170,110,1000,665,275,145,80,50,1405,840,565,0,1400,925,480
5350377.02,3.1,3920,2230,1685,1170,75,1075,660,220,150,55,15,1385,1220,170,0,1390,965,420
5350531.01,3.1,3310,1620,1685,1195,155,760,500,360,185,105,70,1320,785,535,0,1320,810,510
5350516.01,3,4590,2910,1680,1230,90,1435,930,205,120,70,15,1800,1640,160,0,1805,1450,350
5350102.03,1.8,3305,1630,1680,1150,120,800,280,180,135,30,5,2095,285,1810,0,2090,1225,865
5350430.03,2.9,4390,2720,1675,1115,115,1325,850,235,140,75,20,1785,1595,185,0,1785,1460,325
5350613.03,2.5,3475,1800,1675,1070,120,875,470,235,130,70,35,1625,1000,620,0,1615,1055,565
5350307.05,1.9,3305,1630,1675,1320,60,775,295,155,115,30,5,1905,1080,830,0,1885,845,1040
5350516.32,3.5,4100,2435,1670,1350,80,1195,915,185,90,70,25,1410,1325,85,0,1410,1080,325
5350620.08,3.4,5640,3965,1670,1195,155,1950,1440,245,115,95,35,2360,2090,270,0,2350,1635,715
5350562.04,3.1,3790,2120,1670,1155,150,1040,630,280,160,80,35,1440,1185,260,0,1440,1115,325
5350372,3,3745,2080,1670,1150,95,1000,635,220,140,70,10,1455,1280,175,0,1455,1105,350
5350420.06,3.4,4510,2845,1665,1265,50,1380,875,190,120,60,15,1540,1480,55,0,1540,1065,470
5350376.16,2.4,3445,1780,1665,795,105,790,505,200,145,35,20,1635,295,1335,0,1635,790,850
5350411.3,3.5,5385,3725,1660,1260,90,1820,1410,235,120,85,30,2075,1900,180,0,2070,1460,610
5350516.28,3.4,4085,2425,1660,1300,65,1195,880,205,115,75,15,1460,1310,150,0,1455,1110,350
5350442.03,3.1,4540,2880,1660,1355,65,1430,950,140,80,40,15,1680,1590,90,0,1675,1410,265
5350370.03,3,3420,1760,1660,1185,105,850,570,285,155,95,45,1350,900,450,0,1350,925,425
5350319,2.7,3690,2040,1660,1150,85,975,565,215,140,55,15,1510,1030,480,0,1500,905,600
5350322.02,2.5,3240,1585,1660,910,65,675,380,95,65,25,5,1165,760,405,0,1150,600,550
5350576.63,4.6,4715,3060,1655,1290,85,1470,1110,185,75,70,35,1375,1260,115,0,1375,790,585
5350612.11,3.3,4690,3040,1655,1335,65,1505,1095,160,80,65,20,1760,1685,75,0,1760,1460,295
5350505.02,3.2,4705,3045,1655,1315,65,1505,1005,155,75,60,15,1775,1730,45,0,1775,1405,375
5350316.01,3.1,3370,1715,1655,1000,120,800,495,265,145,80,35,1210,995,210,0,1205,920,285
5350442.02,2.5,3505,1855,1655,1020,130,915,495,275,155,85,35,1605,1145,455,0,1605,1145,455
5350041,2.4,3070,1420,1655,1270,45,680,315,150,90,50,5,1490,830,660,0,1480,970,505
5350191,2.4,3570,1920,1655,1175,95,935,540,255,185,50,15,1770,1170,600,0,1770,1250,520
5350083,2.2,3460,1805,1655,1065,120,885,485,150,90,55,5,1770,960,805,0,1770,1155,610
5350304.02,2.5,4180,2530,1650,1025,70,1205,625,215,150,55,15,1790,1565,225,0,1790,1300,485
5350049,2.2,3160,1515,1650,1005,80,710,370,125,80,40,5,1390,610,780,0,1390,930,460
5350612.26,2.1,3465,1815,1650,920,150,835,445,235,140,75,25,1790,1200,590,0,1780,1110,670
5350400.17,4,3840,2195,1645,1195,75,1045,770,195,110,55,35,1195,960,230,0,1190,735,460
5350106,2.8,3225,1575,1645,1180,105,760,485,265,165,70,30,1305,900,405,0,1305,915,390
5350587.02,2.8,4690,3050,1645,1140,110,1510,800,170,100,50,15,1975,1735,245,0,1925,1565,360
5350270.02,2.6,3425,1775,1645,1085,135,870,545,330,185,100,45,1610,420,1195,0,1600,980,625
5350105,2.4,3690,2050,1645,1180,105,1015,580,170,110,45,15,1800,1130,670,0,1795,1305,500
5350118,2,3695,2045,1645,1020,95,985,375,130,90,25,15,1940,615,1320,0,1925,1200,730
5350367.01,3.4,3760,2125,1640,1285,75,1010,745,230,115,70,45,1365,500,865,0,1365,900,470
5350412.2,3.4,4490,2850,1640,1235,90,1405,1050,225,110,85,30,1695,1610,85,0,1690,1350,345
5350345,3.1,3350,1715,1635,1165,75,830,550,250,155,65,30,1240,985,255,0,1235,795,440
5350591.01,2.9,4295,2660,1635,1025,140,1295,835,255,125,95,30,1800,1690,115,0,1800,1440,365
5350591.02,2.9,3990,2355,1635,1090,145,1170,745,300,160,100,35,1735,1480,250,0,1730,1370,365
5350576.69,4.4,4465,2840,1630,1280,65,1370,1020,180,85,50,45,1320,1210,105,0,1320,810,510
5350378.05,3.3,3175,1545,1630,1175,125,740,525,350,190,95,60,1215,745,470,0,1210,805,405
5350452.07,3.1,4535,2900,1630,1225,95,1445,870,195,105,65,25,1730,1600,135,0,1730,1460,270
5350602,2.7,4155,2525,1630,1045,80,1215,690,120,65,45,10,1760,1425,330,0,1760,1350,405
5350290.01,2.5,3025,1405,1625,1060,150,655,385,340,210,90,45,1455,345,1110,0,1450,875,570
5350576.68,4.2,4210,2590,1620,1315,65,1250,905,150,60,55,35,1175,1085,95,0,1175,785,390
5350585.02,3.3,4750,3130,1620,1125,95,1550,1055,225,120,70,30,1875,1735,140,0,1825,1340,485
5350323.01,2.5,3735,2115,1620,1060,95,1030,570,225,145,60,15,1760,745,1020,0,1760,995,760
5350576.52,4,4360,2745,1615,1265,90,1330,1030,250,105,85,55,1475,1350,130,0,1475,925,550
5350412.25,3.6,4340,2725,1615,1260,65,1335,1015,195,100,70,25,1505,1425,80,0,1505,1105,405
5350400.16,3.7,4430,2820,1610,1295,60,1380,1010,165,95,65,10,1445,1425,25,0,1445,1090,355
5350562.07,3.2,3700,2090,1610,1135,115,1020,670,270,160,80,30,1385,1160,220,0,1385,1030,355
5350378.23,3.1,3660,2050,1610,1095,55,980,570,230,135,75,20,1305,1130,170,0,1300,920,375
5350104,2.7,4375,2770,1610,1200,60,1375,915,175,110,60,5,2075,1545,530,0,2080,1640,435
5350624,2.7,4350,2740,1610,1035,130,1355,745,250,155,80,15,2020,1595,425,0,2015,1650,365
5350515.02,2.6,3375,1765,1610,885,95,835,475,165,100,55,10,1340,905,430,0,1330,990,340
5350075,2.3,3420,1815,1610,1065,90,890,510,180,105,60,10,1785,1120,660,0,1780,1200,585
5350576.07,3.4,3765,2160,1605,1215,95,1050,730,250,135,85,30,1330,1175,155,0,1330,965,360
5350600.01,3.1,5075,3475,1600,1255,70,1715,1110,150,65,55,30,2025,1945,80,0,2025,1650,380
5350424.1,3.4,4930,3340,1595,1225,75,1650,1230,175,85,70,20,1905,1850,55,0,1905,1420,485
5350562.08,2.9,3425,1835,1595,1105,125,900,575,300,185,90,30,1370,1240,135,0,1370,1040,330
5350220,2.6,3590,1995,1595,995,90,975,590,205,135,55,15,1625,990,640,0,1630,1245,385
5350074,2.4,3195,1600,1595,1150,105,765,420,275,170,80,20,1575,880,695,0,1575,1030,540
5350070,1.9,3075,1485,1595,1150,80,700,340,105,70,30,10,1725,595,1130,0,1715,1165,550
5350573.11,4,3930,2340,1590,1205,110,1130,870,265,130,85,50,1285,1180,105,0,1285,770,515
5350626,2.9,4970,3380,1590,1150,85,1665,855,135,85,35,15,2020,1870,155,0,1915,1560,360
5350550.01,2.8,3880,2295,1590,1090,115,1130,695,265,160,85,20,1695,1470,230,0,1695,1275,420
5350088,1.7,3065,1475,1590,1040,70,695,190,100,75,25,0,1825,860,960,0,1815,1125,695
5350378.26,4.2,3910,2325,1585,1255,85,1125,850,175,95,45,30,1140,1060,80,0,1135,720,420
5350411.26,3.5,4170,2585,1585,1215,90,1275,1020,205,85,90,25,1520,1460,60,0,1515,1115,405
5350410.02,3.1,3875,2290,1585,1140,70,1110,685,205,120,70,20,1420,1300,120,0,1415,985,430
5350612.21,3.4,4835,3250,1580,1160,120,1610,1265,230,100,110,25,1980,1770,210,0,1970,1505,465
5350612.25,3.4,4405,2825,1580,1300,55,1390,1040,160,85,55,15,1590,1505,80,0,1585,1305,280
5350321.02,2.8,3585,2005,1580,1180,60,960,575,160,110,45,15,1420,905,515,0,1420,825,600
5350181.01,2.3,3675,2095,1580,1110,90,1035,550,200,135,55,10,1865,1470,395,0,1865,1375,485
5350052,2.2,3405,1820,1580,1155,90,900,475,170,125,45,0,1820,1020,795,0,1815,1285,530
5350401.2,4,3795,2220,1575,1165,55,1055,720,205,115,80,20,1125,1000,125,0,1125,750,375
5350576.46,4,4210,2635,1575,1190,105,1260,925,225,115,75,45,1355,1220,135,0,1355,890,465
5350481.02,2.7,3655,2085,1575,1000,110,1035,565,215,135,60,20,1590,1180,410,0,1590,1145,440
5350483.01,2.7,3930,2355,1575,1055,140,1165,695,255,165,65,25,1780,1500,280,0,1765,1400,370
5350403.09,3.6,4175,2605,1570,1200,50,1265,965,185,110,55,20,1400,1340,60,0,1400,905,490
5350312.06,3.3,2795,1225,1570,1025,135,575,385,360,160,105,95,1080,565,515,0,1085,735,350
5350234,2.8,3750,2180,1570,1055,80,1080,665,245,110,80,50,1575,1295,280,0,1570,1290,280
5350077,2.4,3685,2115,1570,1100,100,1040,665,240,145,60,30,1860,1125,735,0,1850,1375,485
5350096.02,2.4,2990,1415,1570,1190,80,690,315,165,105,50,10,1415,760,660,0,1410,865,550
5350184.02,2.3,3220,1650,1570,1080,110,800,425,245,165,65,15,1635,745,890,0,1635,1070,565
5350312.02,3.2,2765,1200,1565,1040,130,565,385,350,175,110,70,1065,685,385,0,1065,715,355
5350243.02,2.8,3105,1540,1560,1100,95,740,415,275,150,70,55,1305,660,645,0,1305,880,430
5350151,2.5,2925,1365,1560,995,135,670,430,380,200,110,75,1510,600,910,0,1510,1060,445
5350330,2.4,3750,2185,1560,895,80,1070,550,190,135,35,20,1695,1265,430,0,1695,1315,380
5350480.01,2.4,3495,1930,1560,935,145,945,475,245,165,55,20,1680,970,715,0,1680,1145,535
5350516.43,3,3610,2055,1555,1215,60,995,710,165,100,45,20,1430,1185,245,0,1430,925,505
5350279.01,2.6,3470,1910,1555,1030,70,930,530,230,155,55,20,1560,1080,485,0,1560,1125,440
5350612.22,3.5,5145,3600,1550,1170,105,1770,1395,220,95,90,35,2090,1855,230,0,2090,1560,525
5350401.06,3.3,4220,2665,1550,1210,45,1305,865,175,105,50,20,1500,1425,80,0,1495,1095,395
5350411.07,3.2,3735,2190,1550,1205,55,1085,750,155,95,50,15,1335,1250,90,0,1335,1110,230
5350532.01,3.6,3565,2015,1545,1120,85,965,665,235,140,65,35,1195,920,270,0,1195,795,395
5350403.1,3.5,4465,2920,1545,1175,70,1405,1060,235,125,90,20,1615,1430,185,0,1605,1070,540
5350430.08,3.1,4515,2975,1545,925,105,1445,1020,200,125,55,25,1945,1585,355,0,1945,1260,685
5350516.11,3.1,4030,2485,1545,1120,60,1210,770,145,90,40,20,1450,1405,40,0,1445,1170,275
5350412.11,3.5,3890,2345,1540,1220,60,1160,855,175,90,55,25,1330,1245,85,0,1325,1085,235
5350573.06,3.2,3730,2195,1540,1135,95,1075,745,270,155,85,35,1450,1370,85,0,1445,1110,340
5350298,3,3715,2180,1540,1110,70,1045,725,195,135,40,20,1565,800,765,0,1565,1090,480
5350411.17,3.6,5500,3965,1535,1180,80,1930,1490,170,95,60,15,2090,2040,50,0,2090,1255,835
5350527.08,3.2,3680,2150,1535,1160,65,1045,680,180,100,50,30,1270,1160,115,0,1270,990,285
5350612.15,3.2,5270,3740,1530,1105,80,1820,1320,175,95,75,10,2175,1920,250,0,2175,1660,515
5350169.01,2.6,3035,1505,1530,1055,105,710,420,225,155,60,15,1355,720,630,0,1350,920,430
5350377.06,3.9,3320,1800,1525,1045,90,845,545,225,135,70,20,970,875,90,0,965,585,385
5350461.01,3.3,4375,2850,1525,1170,80,1410,1020,150,85,40,20,1720,1555,165,0,1715,1300,415
5350308.02,2.7,3685,2160,1525,1035,70,1050,640,160,105,45,10,1595,1250,350,0,1600,1155,445
5350402.04,2.8,4350,2830,1520,1085,55,1380,815,180,125,55,10,1815,1680,135,0,1810,1330,475
5350571.02,2.6,3435,1915,1520,915,120,935,495,210,140,55,15,1510,1195,315,0,1510,1175,335
5350181.02,2.2,3025,1505,1520,985,115,735,385,230,160,55,10,1585,885,700,0,1585,970,615
5350060,1.8,2515,990,1520,1305,50,480,150,80,60,15,5,1465,585,885,0,1460,715,750
5350572.09,3.7,3835,2320,1515,1150,90,1105,830,205,100,60,45,1310,1150,160,0,1310,960,350
5350623,2,3215,1695,1515,735,140,815,300,200,140,40,10,1690,895,800,0,1690,1110,575
5350451.07,3.2,3840,2325,1510,1045,110,1145,850,255,125,100,35,1560,1445,120,0,1560,1175,390
5350312.07,2.5,2705,1195,1510,830,100,580,325,260,135,65,55,1220,730,490,0,1220,855,365
5350019,2.2,2795,1290,1510,1035,75,595,330,210,135,60,20,1405,695,705,0,1395,1010,385
5350527.06,3,3500,2000,1500,1040,60,925,600,220,140,55,25,1240,1005,235,0,1235,980,260
5350500.01,2.1,2890,1385,1500,935,115,680,360,240,165,70,10,1610,480,1130,0,1610,980,630
5350421.04,2.3,3305,1810,1495,820,105,880,460,200,135,60,10,1630,1180,450,0,1625,985,645
5350451.05,3.1,3840,2360,1485,1140,80,1165,790,180,100,65,20,1495,1220,275,0,1490,1200,295
5350260.04,2.8,3215,1725,1485,985,130,820,580,215,120,55,35,1450,0,1450,0,1450,670,780
5350412.04,3.1,3870,2395,1480,1060,60,1180,705,170,100,50,20,1385,1320,65,0,1380,1155,230
5350246,2.7,3100,1615,1480,915,110,765,470,190,115,45,25,1250,875,370,0,1250,955,300
5350632,2.6,3670,2185,1480,905,100,1085,615,200,135,45,20,1660,1390,270,0,1660,1295,360
5350450.02,2.2,2845,1365,1480,705,90,615,275,150,85,45,20,1205,770,430,0,1205,835,370
5350305.01,2.8,3950,2475,1475,1065,50,1200,675,155,105,50,5,1545,1460,85,0,1525,1065,465
5350195.01,2.7,3560,2090,1475,1025,80,1025,730,155,95,50,15,1625,1180,450,0,1625,1260,365
5350219,2.7,3655,2180,1475,950,65,1075,675,195,130,55,15,1660,1375,280,0,1655,1320,335
5350473.03,2.6,3170,1695,1475,940,130,835,460,245,150,70,25,1415,1155,265,0,1415,1065,350
5350570.01,2.4,2640,1165,1475,940,150,560,330,310,160,100,55,1330,290,1035,0,1330,795,530
5350263.02,2,3065,1590,1475,835,85,760,380,165,130,30,5,1680,1160,520,0,1675,1065,610
5350260.05,3,2845,1375,1470,1060,150,665,515,365,195,95,70,1345,30,1315,0,1340,635,705
5350324.03,2.3,3545,2075,1470,800,80,1005,405,140,95,40,5,1745,1300,450,0,1745,1150,595
5350376.11,3.4,2815,1355,1465,1080,95,655,450,270,115,80,80,1045,520,525,0,1040,645,395
5350046,2.5,2840,1375,1465,1065,80,670,350,225,135,75,15,1340,720,620,0,1335,890,450
5350139.01,2.3,3445,1980,1465,1010,95,970,555,145,95,35,15,1815,1035,780,0,1810,1240,575
5350576.04,3.1,3755,2290,1460,1095,80,1135,725,185,120,45,15,1420,1355,60,0,1420,1160,255
5350260.07,2.4,3175,1715,1460,900,85,830,445,200,150,40,10,1525,1285,240,0,1525,895,635
5350528.49,3.8,3785,2335,1455,1070,65,1125,900,145,70,60,15,1265,1165,95,0,1260,945,320
5350401.1,3.3,4095,2640,1455,1130,50,1280,860,155,95,50,5,1480,1405,75,0,1475,1105,370
5350110,2.5,3100,1640,1455,1010,80,795,420,215,155,45,15,1460,920,535,0,1460,990,465
5350363.04,3.3,3115,1665,1450,1105,85,800,545,215,120,65,30,1075,820,255,0,1075,750,325
5350620.06,3.3,4780,3325,1450,1045,110,1630,1235,260,120,115,30,2045,1845,200,0,2050,1465,585
5350562.09,3,3290,1845,1450,995,90,905,545,245,145,75,30,1310,1210,100,0,1310,1000,310
5350516.47,3.8,3965,2520,1445,1200,50,1240,1020,135,70,45,25,1345,1250,95,0,1335,930,405
5350378.14,3.3,3215,1780,1440,995,100,855,590,245,140,70,35,1165,635,530,0,1165,745,425
5350611,2.9,4150,2710,1440,1010,75,1345,795,155,90,45,15,1715,1640,75,0,1715,1395,325
5350516.39,3.9,3990,2560,1435,1155,45,1250,975,160,90,55,20,1315,1230,85,0,1320,985,330
5350411.15,3.1,3595,2160,1435,1030,85,1055,670,205,105,75,20,1355,1270,85,0,1350,985,365
5350065.01,1.7,2285,850,1435,1205,50,400,155,60,45,15,5,1415,10,1410,0,1410,785,620
5350520.05,2.9,3060,1635,1430,1010,110,795,520,240,135,75,30,1260,750,510,0,1260,820,440
5350265,2.7,3900,2475,1430,985,65,1210,710,135,65,50,15,1725,1535,190,0,1725,1355,370
5350524.02,2.3,3120,1690,1430,835,115,825,420,200,135,50,20,1560,960,595,0,1560,1045,510
5350324.01,3,3025,1605,1425,1080,70,765,475,275,125,105,45,1180,850,330,0,1170,810,360
5350515.01,2.8,3630,2210,1425,975,105,1090,625,225,145,65,15,1535,1290,245,0,1540,1230,305
5350048,2.2,2985,1560,1425,1065,80,770,425,120,80,30,10,1575,670,900,0,1570,985,585
5350528.32,3.9,3505,2090,1420,1170,45,1015,775,130,60,45,20,1095,1010,80,0,1095,875,225
5350095,2.3,2775,1350,1420,1105,55,660,295,125,85,35,5,1340,685,655,0,1340,895,445
5350166,2.5,3380,1960,1415,1000,70,950,600,115,70,35,15,1630,880,750,0,1625,1140,490
5350273.02,2.8,3560,2150,1410,1015,65,1020,610,220,110,90,20,1475,1040,430,0,1465,925,535
5350158,2.3,2480,1065,1410,900,110,515,285,195,125,40,30,1285,560,730,0,1290,705,580
5350612.14,2.9,3505,2105,1405,1050,85,1040,715,180,110,45,20,1455,1275,180,0,1455,1100,360
5350378.21,3.8,3305,1905,1400,985,80,910,605,215,125,70,20,1055,995,55,0,1045,725,320
5350412.12,3,3400,2005,1400,935,100,975,630,230,130,75,30,1300,1145,155,0,1295,955,345
5350376.13,2.9,3440,2040,1400,910,60,980,545,215,135,60,15,1385,1240,145,0,1385,840,550
5350519,3.1,3200,1800,1395,975,60,875,570,215,155,40,20,1240,1010,230,0,1240,915,330
5350355.05,2.9,2410,1020,1395,945,95,475,325,290,170,80,35,1015,195,820,0,1015,615,400
5350562.15,3.5,3070,1685,1390,1040,80,820,580,255,155,70,35,1080,870,205,0,1080,800,280
5350516.17,2.6,3060,1675,1390,900,90,820,460,200,105,60,35,1320,1060,260,0,1320,920,405
5350084,2.5,3130,1740,1390,950,80,850,500,130,80,40,10,1490,935,550,0,1485,1015,475
5350155,2.6,2525,1145,1385,970,115,540,350,260,125,60,70,1140,560,580,0,1140,770,370
5350615,3.3,4690,3305,1380,1065,95,1620,1200,180,85,75,20,1935,1495,440,0,1920,1135,785
5350170,2.8,2905,1530,1380,915,90,740,450,205,155,40,10,1215,890,330,0,1220,820,395
5350152,2.6,3645,2265,1380,970,85,1120,660,220,135,65,20,1740,1455,285,0,1740,1365,370
5350376.15,2.4,3405,2020,1380,855,65,960,400,205,145,45,15,1500,1330,175,0,1500,895,610
5350378.17,3.7,2665,1295,1375,1060,80,625,480,260,100,90,75,910,585,325,0,910,630,280
5350516.25,3.1,3240,1870,1375,1070,50,920,610,205,115,60,30,1250,985,275,0,1250,975,275
5350055,2.1,2485,1105,1375,1100,70,540,235,95,55,25,5,1305,505,800,0,1305,775,530
5350505.01,3.2,3875,2505,1370,1090,50,1240,850,125,60,50,15,1445,1405,35,0,1445,1200,245
5350159.01,2.8,2975,1605,1370,945,90,775,495,220,155,50,15,1195,795,405,0,1190,795,395
5350801.01,2.5,3025,1655,1370,855,115,815,415,260,170,80,15,1380,1230,145,0,1380,1025,355
5350411.27,3.7,3405,2035,1365,1055,55,990,775,145,60,60,20,1140,1075,65,0,1140,890,250
5350285,2.7,2830,1470,1365,910,65,710,430,210,140,50,20,1210,785,425,0,1210,840,370
5350025,2.1,2895,1530,1365,925,105,760,370,185,130,45,5,1595,835,755,0,1595,1105,485
5350529.01,3.2,3135,1770,1360,980,60,840,535,200,115,60,30,1215,815,400,0,1215,735,485
5350321.01,3,3370,2005,1360,1010,65,970,590,150,100,40,5,1260,1020,245,0,1255,755,500
5350421.06,2.5,3280,1920,1360,780,85,930,490,160,105,50,10,1390,1210,180,0,1385,765,625
5350331.04,2.4,2805,1440,1360,820,80,675,385,175,110,50,15,1275,1165,110,0,1280,810,470
5350401.07,2.8,3475,2115,1355,855,60,1010,645,140,80,55,10,1385,1210,180,0,1370,950,420
5350613.01,2.7,3440,2085,1355,925,90,1035,585,205,120,65,20,1505,1285,220,0,1500,1150,350
5350400.15,2.9,3850,2500,1350,955,85,1235,760,150,90,40,15,1570,1495,70,0,1570,1305,270
5350513.03,2.7,2915,1565,1350,765,130,700,460,165,90,45,20,1125,365,760,0,1120,685,435
5350302.03,3.1,2990,1640,1345,960,50,780,485,175,120,45,10,1120,875,245,0,1115,710,405
5350358.01,3,2865,1520,1345,935,85,730,420,255,140,65,50,1140,950,195,0,1140,785,355
5350260.06,3,2615,1280,1340,1000,95,605,425,270,130,80,60,1135,315,820,0,1135,720,420
5350456.03,2.9,3510,2170,1340,940,80,1070,585,145,90,40,15,1395,1295,100,0,1385,1075,320
5350273.01,3.2,3375,2040,1335,1020,60,970,635,155,80,50,30,1235,1005,225,0,1230,880,345
5350304.04,2.7,3065,1725,1335,940,75,835,560,205,140,50,20,1420,195,1225,0,1415,745,675
5350324.05,2.4,2990,1655,1335,780,70,790,470,160,120,35,10,1370,935,440,0,1375,740,630
5350203,2.2,2725,1390,1335,855,85,680,350,180,130,40,15,1395,780,615,0,1390,920,475
5350209,2.1,2380,1040,1335,780,135,500,275,170,105,55,15,1245,490,755,0,1240,755,490
5350402.13,3.2,4335,3005,1330,1075,40,1475,870,115,75,35,5,1580,1535,40,0,1580,1275,300
5350367.02,3,3020,1695,1330,895,80,820,495,200,140,45,10,1195,1005,185,0,1195,925,270
5350633,2.3,2775,1450,1320,710,155,690,375,235,130,80,25,1415,1125,290,0,1420,1085,330
5350430.06,3.4,4780,3465,1315,930,100,1705,1310,200,90,80,30,1970,1825,145,0,1970,1420,555
5350277,3.3,3100,1785,1315,1050,40,870,610,105,60,35,15,1200,880,315,0,1185,835,355
5350421.07,3.1,3595,2275,1315,1055,60,1120,720,110,65,35,10,1330,1235,95,0,1325,950,375
5350572.04,3.1,2710,1395,1315,950,80,675,415,195,120,50,25,1030,720,305,0,1025,680,350
5350317.03,3,3235,1920,1315,925,75,930,535,180,105,50,20,1240,915,325,0,1240,885,355
5350378.02,3.5,2790,1480,1310,1000,55,705,455,165,80,50,35,910,560,350,0,910,685,230
5350612.23,3.4,3675,2370,1305,925,70,1145,880,145,60,65,20,1360,1275,85,0,1360,1110,250
5350423.01,2.7,3185,1875,1305,820,75,900,545,140,85,45,10,1315,1065,245,0,1315,930,385
5350562.14,3.5,3310,2010,1300,995,65,975,650,155,95,40,20,1100,1020,85,0,1100,915,185
5350315.02,3.3,2870,1575,1300,905,75,745,510,225,130,60,35,1095,680,410,0,1095,655,435
5350310.01,2.8,2975,1670,1300,830,45,815,495,160,95,50,15,1240,1055,180,0,1240,910,325
5350800.01,2.2,2685,1380,1300,770,115,685,310,225,145,60,20,1390,1085,305,0,1385,890,495
5350411.29,3.5,4020,2720,1295,965,65,1335,1020,135,70,45,20,1545,1350,195,0,1540,1055,480
5350576.57,3.2,2960,1670,1295,810,85,790,485,160,90,50,20,1055,970,85,0,1055,615,445
5350100,2,2550,1260,1295,940,60,615,280,130,95,30,10,1425,910,520,0,1425,895,530
5350401.17,3.7,3115,1820,1290,925,60,865,545,160,100,50,20,960,880,75,0,955,615,335
5350631.02,3.4,3740,2450,1290,1020,75,1220,935,150,70,65,20,1460,1405,50,0,1460,1235,220
5350634.02,2.6,3165,1875,1290,830,95,930,510,200,125,55,15,1380,1210,175,0,1385,1155,230
5350410.1,2.5,3515,2225,1290,745,60,1090,520,140,95,35,10,1615,1440,175,0,1620,1050,570
5350080.01,2.3,2815,1525,1290,880,90,740,410,190,120,55,10,1455,885,565,0,1455,1035,425
5350101,2.1,2710,1420,1290,975,70,700,315,130,100,25,5,1500,635,865,0,1495,960,540
5350378.22,3.9,2990,1705,1285,900,60,795,485,195,120,60,15,870,820,45,0,870,620,245
5350412.13,3.1,3610,2325,1285,925,50,1145,650,140,90,35,15,1345,1295,55,0,1345,1165,180
5350315.01,3,2915,1630,1285,850,75,795,455,195,105,65,20,1100,935,170,0,1105,830,275
5350363.02,2.9,2805,1530,1280,920,70,745,445,190,120,50,25,1110,800,310,0,1110,775,335
5350341.03,2.6,2480,1200,1280,870,120,565,475,275,160,85,30,1345,20,1315,0,1335,820,520
5350516.24,3.3,3495,2220,1275,1055,40,1095,750,125,75,35,10,1210,1160,50,0,1210,1000,210
5350525.01,3.1,2785,1510,1275,895,85,730,475,240,130,80,35,1120,620,495,0,1120,740,380
5350376.14,3.6,3205,1930,1270,910,55,925,590,195,120,55,20,1030,915,110,0,1020,720,295
5350126,2.5,3335,2065,1270,850,65,1025,660,165,110,45,5,1720,1225,495,0,1720,1345,375
5350610.04,2.2,2860,1585,1270,530,80,770,355,110,60,40,10,1405,1055,350,0,1405,990,415
5350410.11,3.6,3125,1855,1265,955,65,910,635,135,75,45,20,1130,820,315,0,1130,730,405
5350634.01,3,3490,2225,1265,920,90,1105,770,175,90,70,15,1470,1415,55,0,1470,1205,260
5350401.04,3.4,2930,1670,1260,875,45,795,490,160,95,55,10,965,860,110,0,965,715,255
5350631.04,3.3,4090,2825,1260,965,90,1405,1040,150,75,55,25,1605,1570,35,0,1600,1415,185
5350402.09,2.5,3165,1905,1260,765,80,940,540,175,115,45,10,1460,970,495,0,1455,950,510
5350194.03,2.4,2325,1065,1260,735,105,495,345,215,135,65,20,1200,0,1195,0,1200,605,590
5350123,1.5,2115,850,1260,1000,60,415,105,85,65,15,0,1470,45,1420,0,1470,775,690
5350639,2.9,3550,2295,1255,870,85,1140,705,150,95,45,15,1530,1360,170,0,1525,1265,265
5350241,2.8,2815,1560,1255,655,50,700,425,125,80,35,10,995,925,70,0,995,780,210
5350456.01,2.9,3745,2495,1250,905,70,1230,665,115,80,30,10,1500,1370,135,0,1475,1225,255
5350125,2.9,3540,2295,1245,955,55,1135,730,130,60,55,15,1570,1290,280,0,1560,1280,280
5350130,2.7,3005,1760,1245,985,60,855,490,110,65,35,10,1265,945,315,0,1265,910,355
5350183.02,2.6,3195,1955,1240,855,70,970,590,170,110,45,15,1575,1290,280,0,1575,1245,335
5350207,2.2,2305,1065,1240,920,80,515,265,155,110,40,5,1195,635,560,0,1195,705,495
5350057,2.1,2125,880,1240,1015,35,430,165,80,50,20,10,1080,405,675,0,1075,645,435
5350442.04,2.8,3090,1855,1235,825,85,915,545,165,95,60,15,1340,1085,255,0,1340,1055,285
5350402.03,2.5,2810,1575,1235,660,70,740,395,160,105,45,10,1205,1050,160,0,1205,820,390
5350374.02,3.1,2825,1600,1230,845,55,770,450,185,120,45,15,1045,925,120,0,1030,740,290
5350071,2.5,2820,1585,1230,895,65,785,465,180,110,60,10,1370,845,525,0,1370,1055,320
5350576.54,4.4,3515,2290,1225,960,55,1090,830,160,75,55,30,1050,1000,50,0,1050,625,425
5350527.09,3.1,2920,1695,1225,880,70,825,500,200,125,65,15,1115,895,215,0,1110,840,265
5350353.03,2.9,2605,1380,1225,840,65,660,445,200,130,55,15,1080,800,275,0,1075,750,325
5350576.47,4.6,3285,2065,1220,990,35,995,730,95,55,25,15,850,810,45,0,850,580,275
5350572.1,3.8,2940,1720,1220,940,65,820,615,170,70,65,30,945,820,120,0,945,650,295
5350452.06,3.5,3390,2165,1220,870,80,1065,800,200,105,65,30,1320,1150,170,0,1315,890,430
5350402.1,2.6,3085,1865,1220,825,75,915,545,190,130,50,5,1405,1210,195,0,1405,985,415
5350351.02,2.5,2350,1130,1220,810,90,540,295,225,160,55,15,1055,460,595,0,1050,645,410
5350452.01,2.5,2670,1455,1220,775,110,720,360,250,160,70,25,1230,855,370,0,1230,865,365
5350410.07,3.5,3145,1935,1215,965,40,950,625,130,70,50,10,1055,985,70,0,1050,855,195
5350612.13,2.7,3230,2020,1215,845,80,985,590,120,90,30,10,1415,1315,95,0,1410,1095,315
5350150,2.6,3360,2145,1215,890,60,1060,660,130,100,20,5,1615,1245,370,0,1615,1330,280
5350172,2.2,2090,870,1215,820,120,410,250,260,165,70,20,1130,255,870,0,1130,695,435
5350576.29,3.6,3175,1970,1210,930,70,960,730,190,100,65,30,1100,1005,100,0,1105,775,325
5350631.03,3.6,3635,2420,1210,1020,40,1205,995,95,40,45,15,1340,1320,20,0,1330,1150,185
5350576.09,3,3170,1950,1210,885,70,965,585,175,100,60,15,1260,1150,110,0,1260,1040,225
5350802.01,3,3210,2000,1210,880,55,985,610,180,105,55,15,1250,1190,65,0,1255,1020,230
5350022,2.6,3095,1885,1210,845,80,930,590,160,95,55,5,1495,1120,380,0,1495,1125,370
5350612.19,3.1,3185,1980,1205,910,75,975,735,190,95,75,25,1290,1150,140,0,1285,1040,250
5350452.05,3.6,3530,2330,1200,875,80,1140,900,185,85,75,25,1345,1180,165,0,1345,925,415
5350513.04,3,3215,2010,1200,840,65,980,555,165,100,50,15,1270,1100,170,0,1270,975,300
5350334,2.7,2925,1730,1200,835,70,850,530,145,95,35,20,1265,1140,130,0,1270,975,290
5350194.01,3.8,3570,2380,1195,905,80,1115,935,150,80,45,25,1505,0,1505,0,1505,650,855
5350576.53,4,3295,2110,1190,965,65,1030,800,170,80,65,30,1095,1000,95,0,1095,700,395
5350249.04,3.5,2715,1525,1190,880,50,715,500,170,90,50,20,980,660,320,0,980,680,305
5350528.13,3.5,3020,1835,1190,905,50,885,610,100,55,30,20,930,860,70,0,925,695,230
5350614.02,2.8,3295,2105,1190,830,70,1040,585,175,105,50,20,1435,1390,55,0,1435,1150,295
5350156.02,2.6,2370,1180,1190,735,100,575,345,190,120,45,25,1090,620,475,0,1090,715,380
5350113,2.4,2385,1195,1190,925,60,590,325,140,90,40,10,1110,480,635,0,1110,745,365
5350121,1.7,2430,1235,1190,695,55,590,185,75,55,20,5,1445,860,580,0,1450,970,480
5350460.02,2.8,3100,1915,1185,835,65,930,520,100,65,30,10,1230,1020,210,0,1160,865,300
5350187,2.5,2850,1665,1185,775,80,820,490,160,110,45,10,1345,1090,255,0,1340,1020,325
5350585.1,3.2,3225,2045,1180,865,80,1015,750,160,85,65,10,1320,1210,110,0,1315,1060,250
5350530.02,3.1,2560,1385,1180,790,105,655,445,200,120,45,35,995,615,385,0,995,600,400
5350141.02,2.9,3420,2250,1175,860,55,1110,785,150,85,60,10,1585,1375,215,0,1585,1255,325
5350412.06,2.9,3080,1905,1175,825,60,935,540,155,95,50,10,1215,1120,95,0,1210,995,215
5350576.31,3.3,3145,1975,1170,895,65,975,660,110,50,40,20,1165,1050,115,0,1165,925,245
5350141.01,2.7,3350,2180,1170,805,85,1070,700,155,90,55,10,1630,1285,350,0,1630,1300,330
5350238.01,2.7,2905,1735,1170,790,55,855,510,135,95,30,15,1250,890,360,0,1250,940,305
5350400.08,2.1,2480,1310,1170,560,90,640,290,135,85,40,10,1300,710,585,0,1295,745,550
5350420.1,3.9,3065,1905,1165,955,40,910,700,115,55,40,20,960,930,35,0,955,595,360
5350612.2,3.3,3405,2240,1165,900,65,1105,835,145,65,60,20,1330,1290,40,0,1325,1150,180
5350526.02,2.7,2825,1655,1165,855,85,805,515,190,115,55,20,1310,450,855,0,1310,745,560
5350403.04,3.5,3505,2345,1160,895,35,1145,825,145,85,45,10,1235,1200,35,0,1230,870,365
5350563.02,2.9,2510,1345,1160,790,80,655,380,195,105,65,30,1050,755,290,0,1045,740,305
5350528.35,3.5,2755,1600,1155,795,50,765,550,130,70,45,15,885,795,90,0,885,670,215
5350193,3.2,2675,1520,1155,900,60,735,530,130,70,40,20,1010,635,375,0,1005,670,340
5350601,3.2,3320,2165,1155,945,35,1065,750,90,45,30,15,1275,1215,60,0,1270,1050,220
5350521.02,3,2965,1810,1155,785,75,890,535,175,100,65,10,1175,1085,95,0,1175,900,275
5350232,2.9,3235,2080,1155,870,40,1030,635,110,60,35,10,1300,1215,85,0,1295,1085,215
5350160,2.7,2635,1480,1155,790,75,720,455,160,110,40,10,1145,760,385,0,1145,790,355
5350304.03,3,2450,1305,1150,820,65,635,400,225,110,70,50,955,700,255,0,955,650,300
5350324.06,3,2945,1805,1145,830,50,880,635,175,110,55,10,1135,1015,120,0,1135,725,410
5350516.18,3,3015,1865,1145,825,75,920,580,155,85,55,15,1210,1080,130,0,1210,965,245
5350620.09,3.4,3735,2595,1140,855,75,1290,980,175,80,75,25,1560,1365,200,0,1560,1150,405
5350364.02,3.1,2585,1445,1140,755,75,675,420,150,80,50,20,975,815,160,0,970,685,285
5350421.05,3,3060,1920,1140,825,55,950,620,135,75,55,10,1160,1090,75,0,1155,865,295
5350507,2.8,3035,1900,1135,770,65,940,585,155,95,55,10,1305,1170,140,0,1310,950,355
5350304.05,2.6,2555,1420,1135,690,45,690,340,120,90,25,5,1100,990,115,0,1095,685,415
5350072.02,2.5,2630,1500,1135,845,55,725,400,135,85,35,15,1295,885,410,0,1290,880,410
5350378.18,2.5,2350,1215,1135,675,55,585,315,250,165,70,20,1070,825,250,0,1070,430,640
5350311.03,3.1,2280,1150,1125,780,60,550,345,200,120,50,30,865,645,225,0,855,685,175
5350401.21,3.9,2515,1400,1115,805,45,665,460,165,95,50,20,735,610,125,0,730,525,210
5350403.16,3,3235,2115,1115,735,95,1030,665,165,100,45,20,1330,1035,295,0,1325,915,410
5350422.04,3.5,3250,2140,1110,890,30,1035,775,140,75,55,10,1150,1090,60,0,1145,725,420
5350157,2.6,2150,1040,1110,760,105,505,310,230,125,65,40,1020,535,485,0,1015,610,405
5350585.08,3.2,3195,2100,1100,850,45,1035,630,85,40,30,15,1185,1130,55,0,1170,935,230
5350504,2.8,2755,1650,1100,760,65,815,535,175,100,55,15,1225,970,255,0,1225,945,280
5350047.04,2.4,2360,1265,1100,820,55,620,345,115,80,25,10,1195,685,510,0,1195,875,320
5350612.18,3.3,3295,2205,1090,845,60,1085,835,160,85,60,15,1340,1215,120,0,1335,1060,275
5350240.01,2.7,2900,1815,1090,690,40,890,520,145,100,40,0,1245,1190,55,0,1245,1070,175
5350411.28,3.5,3730,2645,1085,820,65,1300,1030,130,60,60,10,1480,1380,100,0,1480,1000,480
5350412.14,3.4,2935,1855,1085,915,30,920,630,70,35,25,15,1015,1000,15,0,1010,855,155
5350630,3,2860,1780,1085,795,60,870,445,110,70,25,15,1075,920,160,0,1030,785,250
5350018,1.9,2120,1040,1085,840,50,505,180,85,45,30,5,1235,730,505,0,1235,870,360
5350575.07,4.1,3150,2065,1080,850,50,1005,760,125,65,35,25,1000,885,115,0,1005,675,325
5350620.07,3.9,3700,2620,1080,850,65,1300,1075,135,65,50,25,1405,1355,50,0,1400,1140,260
5350266,3,2775,1700,1080,835,45,825,520,100,55,35,15,1085,1005,80,0,1085,835,250
5350508,2.8,2670,1590,1080,700,80,785,460,175,120,40,15,1170,1035,130,0,1165,885,280
5350073,2.6,2235,1165,1075,785,60,555,300,155,105,40,20,995,635,360,0,995,705,290
5350573.1,3.8,2625,1555,1065,835,50,750,525,140,65,45,30,840,790,45,0,835,605,235
5350562.11,3,2535,1465,1065,795,65,720,460,175,100,55,20,1000,925,75,0,1000,825,175
5350138,2.6,2590,1525,1065,795,50,750,450,95,45,40,15,1185,820,370,0,1185,930,250
5350410.04,3.1,3075,2025,1060,780,55,985,600,120,80,30,15,1245,1040,210,0,1245,910,330
5350471,2.7,2825,1765,1060,725,65,875,425,105,60,30,10,1200,1045,155,0,1100,875,225
5350248.03,3.5,2225,1170,1055,795,65,550,375,160,90,45,25,785,610,175,0,785,520,265
5350377.03,3.3,2460,1405,1055,715,60,675,415,145,95,35,15,885,755,130,0,885,675,210
5350411.25,3.8,2725,1675,1050,815,50,820,620,130,70,40,20,910,845,70,0,910,625,285
5350023,2.5,2645,1600,1050,715,70,785,465,115,75,35,10,1295,985,305,0,1290,965,320
5350400.2,3.6,3225,2185,1045,785,50,1065,780,135,65,50,20,1195,1125,70,0,1195,785,415
5350400.07,2.7,2810,1770,1045,655,65,870,490,115,65,35,15,1185,1100,80,0,1180,970,215
5350509.02,2.5,2720,1670,1045,655,50,825,450,115,80,30,10,1230,1140,85,0,1225,970,260
5350337.02,2.2,1860,815,1035,560,80,365,175,175,120,50,5,850,310,540,0,855,525,325
5350347,2.9,2395,1370,1030,725,90,600,405,150,95,45,10,920,835,90,0,920,665,250
5350235.01,2.8,2440,1410,1030,675,60,700,435,145,95,40,10,990,920,65,0,985,850,140
5350570.02,2.8,3035,2005,1030,690,50,995,555,125,75,45,10,1285,1230,60,0,1285,1110,175
5350228,2.3,2675,1645,1030,630,60,810,395,105,60,35,10,1385,970,410,0,1385,1015,370
5350604,1.9,2155,1130,1025,500,60,540,215,75,60,10,5,1110,530,585,0,1105,720,380
5350167.01,1.4,1805,780,1025,625,50,375,55,50,40,5,5,1290,290,995,0,1290,745,545
5350636,2.6,2550,1525,1020,615,100,745,425,135,70,50,10,1130,910,220,0,1125,935,185
5350620.05,3.7,3355,2340,1015,800,45,1145,895,105,60,35,10,1235,1215,15,0,1235,1020,215
5350562.06,3.2,2600,1585,1015,735,65,775,460,135,85,50,10,970,850,120,0,970,765,205
5350237.02,2.8,2470,1455,1015,645,60,715,445,150,75,55,15,1070,880,195,0,1075,820,250
5350502.02,2.6,2190,1180,1015,560,70,555,310,150,105,30,15,910,680,225,0,910,640,270
5350401.05,1.9,2155,1145,1015,690,80,515,235,175,145,25,10,1215,805,415,0,1210,480,730
5350081,2.6,2325,1310,1010,720,70,640,410,135,85,45,10,1105,820,285,0,1105,810,295
5350068,1.9,2130,1120,1005,705,55,555,175,110,70,35,5,1230,620,605,0,1230,835,390
5350230.01,2.2,2255,1250,1000,570,60,585,280,120,90,25,10,1065,670,395,0,1060,710,355
5350291.03,2.5,1980,985,995,650,75,465,260,185,125,45,15,930,415,515,0,930,605,320
5350403.05,3.3,3230,2250,980,760,40,1095,755,120,60,55,5,1285,1205,80,0,1285,850,430
5350424.09,3.2,2820,1845,980,710,40,895,620,130,80,40,10,1120,960,160,0,1115,705,410
5350210.01,2.7,2645,1670,970,545,150,670,385,125,75,35,10,980,840,145,0,985,785,200
5350301.01,2.7,2395,1430,970,675,60,695,425,150,100,35,15,1065,605,460,0,1065,740,320
5350608,3,2240,1275,965,625,70,605,365,135,75,50,5,875,700,175,0,870,700,175
5350400.06,3,2560,1600,955,660,65,795,475,130,75,50,15,1030,960,65,0,1025,840,190
5350614.01,2.9,2625,1675,950,710,50,830,495,130,80,45,5,1140,1075,65,0,1140,975,165
5350401.15,2.4,2425,1475,950,550,45,730,380,100,65,25,5,1150,1020,130,0,1155,875,280
5350400.18,3.6,2120,1175,945,635,50,555,375,145,95,30,20,685,455,235,0,685,435,255
5350516.21,3.4,2470,1520,945,775,30,750,530,95,50,35,10,890,845,40,0,885,735,150
5350111,2.8,2135,1190,945,635,65,590,355,170,120,35,15,865,665,200,0,860,630,230
5350605,2.4,2280,1335,945,565,60,645,280,90,50,30,10,1030,705,325,0,1025,770,255
5350451.01,2.3,1985,1040,945,470,65,505,285,100,70,30,5,910,560,350,0,910,620,290
5350586.02,2.9,2490,1555,935,660,65,765,405,95,55,30,10,945,795,150,0,885,680,200
5350317.05,2.8,1995,1060,935,610,45,505,280,115,80,30,10,805,610,195,0,805,525,280
5350401.08,3.2,2745,1815,930,735,30,885,625,115,60,40,5,1035,990,45,0,1035,720,315
5350607,2.8,2500,1575,930,645,40,780,460,100,60,30,10,1075,940,135,0,1075,875,200
5350213.01,2.7,2270,1340,930,615,45,665,390,120,85,30,5,990,845,150,0,990,795,200
5350082,2.7,2210,1290,920,665,40,635,395,115,70,35,5,1055,740,310,0,1050,770,285
5350576.45,4.2,2390,1475,915,725,50,705,530,105,60,40,10,680,605,80,0,685,425,255
5350483.02,2.7,2775,1860,915,600,50,915,430,105,70,25,10,1190,1115,80,0,1140,900,235
5350484.03,2.1,3650,2735,915,345,55,1360,275,80,55,15,5,1930,1805,125,0,1925,1550,370
5350400.03,3.1,2540,1625,910,695,30,800,500,80,45,25,10,945,885,65,0,945,725,220
5350117,2,1925,1030,895,670,25,510,200,75,55,10,5,1120,665,455,0,1115,705,410
5350183.01,2.6,2170,1285,885,625,40,630,375,110,75,30,10,1020,800,215,0,1015,745,275
5350226,2.6,2605,1720,885,615,40,850,505,75,45,25,5,1170,1050,115,0,1165,965,200
5350516.31,3.2,2445,1565,875,665,30,755,455,90,50,30,10,875,830,50,0,875,720,150
5350271.01,2.7,2060,1200,855,565,55,590,360,135,90,35,10,900,730,170,0,890,670,220
5350470,2.6,2400,1550,850,520,70,775,360,115,70,35,10,1095,1035,55,0,1090,795,295
5350412.08,2.9,2315,1475,845,570,30,725,375,100,60,35,5,905,790,115,0,905,720,190
5350564.01,3.1,1955,1115,840,590,50,540,315,150,85,40,25,730,645,85,0,730,580,150
5350576.44,3.8,2175,1340,835,635,50,655,475,125,55,45,25,735,690,45,0,735,530,205
5350576.33,3.2,2135,1305,830,625,40,645,395,115,75,30,5,805,760,40,0,800,610,190
5350269.02,2.8,2180,1360,825,595,30,665,415,115,65,30,15,920,860,65,0,915,705,210
5350411.08,2.8,2080,1260,820,595,45,610,370,90,50,30,10,815,605,210,0,805,550,255
5350139.02,2.8,2030,1210,815,625,35,600,405,85,45,20,20,945,720,225,0,945,730,210
5350086,2.9,2140,1335,805,620,40,655,405,85,40,35,10,905,765,140,0,900,720,180
5350411.21,3.7,1945,1160,790,610,45,560,440,115,55,45,10,680,630,45,0,675,450,225
5350420.15,3.4,2055,1265,790,640,20,610,410,70,30,30,10,650,625,25,0,645,385,260
5350609,3,2270,1475,790,560,30,725,460,70,45,20,5,930,845,80,0,930,730,205
5350242,2.9,1305,515,785,550,70,245,150,215,100,60,55,550,225,325,0,550,425,125
5350620.13,2.8,2055,1270,780,525,45,615,310,90,70,10,5,830,695,135,0,770,600,165
5350424.04,3.4,2080,1320,760,615,20,640,445,80,45,25,0,700,665,40,0,705,535,170
5350476.02,2.3,1900,1140,760,470,60,560,230,105,65,30,10,905,790,115,0,900,600,305
5350378.2,2.7,1800,1045,755,435,40,505,275,150,110,35,5,780,650,125,0,780,345,440
5350355.06,2.9,1245,495,750,545,70,230,175,220,110,75,40,530,145,390,0,530,375,155
5350402.01,2.9,2110,1360,750,530,25,670,400,120,70,35,5,850,685,160,0,845,670,175
5350134,2.8,2275,1525,750,535,35,745,500,85,50,30,5,1040,785,255,0,1040,865,175
5350223.02,2.8,1825,1070,750,530,35,530,340,85,55,30,0,765,660,105,0,770,610,160
5350186,2.7,1920,1170,750,525,40,575,375,85,65,20,5,895,570,325,0,890,695,195
5350097.03,1.8,1085,335,745,530,55,155,95,70,45,20,5,645,100,545,0,645,280,365
5350096.01,2.5,1445,715,735,555,20,350,195,70,50,20,5,660,365,295,0,660,440,220
5350188,2.5,1690,955,735,495,35,465,285,80,50,20,5,810,640,175,0,810,600,210
5350195.02,2.6,1810,1085,730,485,45,535,365,100,45,45,10,925,790,135,0,920,755,165
5350218,2.6,2130,1400,730,495,25,695,425,75,40,20,10,995,930,70,0,995,840,150
5350528.44,3.4,1805,1085,725,555,30,530,365,85,50,30,5,635,585,45,0,635,535,100
5350140,3,1990,1265,720,585,25,625,415,60,35,15,5,760,645,120,0,755,650,105
5350424.13,3,2005,1280,720,505,45,615,385,75,45,20,5,765,630,130,0,765,425,340
5350061,1.6,1000,280,720,595,25,115,50,25,20,5,0,485,15,470,0,485,245,235
5350291.04,2.4,1350,630,715,465,65,300,185,140,85,35,20,640,275,370,0,645,390,255
5350410.15,3,1620,915,705,490,45,445,265,115,65,40,10,650,440,215,0,650,480,170
5350375.02,2.8,1680,980,700,485,40,480,300,85,55,25,10,700,505,195,0,695,540,160
5350506,3.3,2150,1460,690,550,30,725,475,55,35,20,5,830,785,40,0,825,700,130
5350020,2.4,1935,1250,690,425,55,615,335,85,55,20,5,1030,880,145,0,1035,815,215
5350290.02,2.1,1315,630,685,470,50,295,160,105,70,30,5,745,470,270,0,735,450,290
5350576.65,3.9,1790,1105,680,535,40,535,395,105,50,35,25,590,475,115,0,595,345,250
5350514.01,3,2015,1340,675,520,20,655,380,60,45,15,5,760,725,30,0,760,585,170
5350401.23,3.6,1685,1020,670,490,20,485,310,85,50,25,10,545,520,25,0,545,355,190
5350196.01,2.5,1640,970,665,490,30,475,310,65,45,15,5,750,560,185,0,750,575,175
5350402.07,2.7,1750,1110,635,420,45,545,315,100,60,35,5,755,665,95,0,760,570,185
5350402.05,2.8,1760,1165,595,440,10,565,300,70,40,30,5,700,680,20,0,700,500,195
5350400.04,2.7,1620,1030,590,375,55,505,300,70,45,25,0,735,555,185,0,740,510,220
5350200.02,1.5,915,330,585,395,35,155,50,35,35,5,0,670,95,575,0,665,365,300
5350067,2.1,1485,910,580,410,30,450,155,45,35,15,0,800,580,220,0,795,590,210
5350517,2.9,1400,840,560,390,30,415,255,95,50,30,10,560,450,110,0,560,375,185
5350202,2.6,1345,790,550,365,30,390,245,75,55,20,0,630,440,190,0,630,525,110
5350014,1.7,1160,615,550,430,25,275,80,35,30,5,0,680,345,335,0,675,425,245
5350028.01,2,1190,670,525,375,35,325,135,50,35,10,0,680,450,225,0,670,455,215
5350227,2.8,1440,940,500,385,20,465,275,50,30,20,0,640,535,105,0,640,560,75
5350400.21,3.5,1615,1120,490,365,30,540,390,75,45,25,10,605,555,50,0,605,400,205
5350562.13,3.1,1000,520,480,320,45,250,175,75,40,25,15,380,320,55,0,375,285,90
5350224,3,1400,930,475,355,20,455,310,45,25,10,5,565,540,25,0,565,460,110
5350223.01,2.9,1280,800,475,320,30,390,250,65,50,15,0,530,485,45,0,525,430,95
5350264,3,1145,680,465,350,20,325,185,50,20,20,15,430,400,25,0,430,310,120
5350128.05,2.3,845,395,445,220,15,180,95,25,15,5,0,290,155,135,0,285,205,85
5350192,2,785,345,445,265,40,165,105,45,25,5,5,440,125,320,0,440,225,220
5350120,2.1,1180,740,440,305,20,365,160,45,30,10,0,655,475,180,0,655,480,180
5350050.03,1.9,985,575,410,295,25,275,95,35,25,10,0,555,435,120,0,555,375,175
5350003,1.8,710,305,410,210,35,110,35,20,15,5,0,265,165,100,0,265,155,110
5350009,1.8,535,150,385,165,150,35,5,25,15,5,5,170,0,175,0,170,75,95
5350229,2.9,970,595,375,230,20,285,195,35,15,10,0,390,355,30,0,390,345,40
5350308.03,3,965,590,370,285,15,290,175,30,20,5,5,390,315,70,0,385,285,105
5350337.01,2.3,595,230,365,255,30,115,75,75,55,10,5,315,120,195,0,315,180,135
5350625,2.3,820,475,345,115,95,100,50,15,5,5,5,160,110,50,0,160,130,35
5350047.03,1.9,620,305,315,250,20,150,60,25,20,5,5,370,230,145,0,370,235,135
5350376.06,1.5,480,200,285,30,15,65,5,15,20,0,0,245,210,35,0,245,115,130
5350102.05,2.5,690,425,270,220,0,210,125,25,15,0,5,325,195,130,0,325,220,110
5350484.04,2.8,760,500,260,185,15,245,125,25,15,5,5,310,275,35,0,280,235,50
5350002,2.2,565,320,245,160,15,150,55,30,20,10,0,290,250,35,0,285,230,55
5350102.04,2.4,570,335,240,180,10,165,80,20,20,0,0,265,125,140,0,265,185,85
5350001,2.4,510,305,210,135,20,150,70,25,15,10,0,245,165,80,0,245,175,65
5350476.01,2.3,210,110,105,75,10,55,25,25,15,10,0,115,95,10,0,0,0,0
5350612.1,2,45,20,30,20,5,10,5,5,0,0,5,,,,,,,
5350296,3,50,30,25,20,0,15,10,5,0,0,0,20,25,0,0,,,
5350612.01,4,50,35,20,15,0,15,10,5,0,0,0,,,,,,,
5350006,,,,,,,,,,,,,,,,,,,
5350412.21,,,,,,,,,,,,,,,,,,,
5350205,,,,,,,,,,,,,,,,,,,
