S_CTUID,690,743,746,857,860,867,870
5350001,5.2,87637,40576,13.4,12.2,15.1,14.4
5350002,11.2,69888,37696,12,10.4,9.4,9
5350003,3.6,69376,57984,14,13.2,12.9,13.2
5350004,15.9,34859,22677,34.9,33.2,31,31.4
5350005,11.1,42496,23386,28.6,24.7,26.5,24.6
5350006,x,x,x,x,x,x,x
5350007.01,11.2,38635,27691,25.9,26,23.3,24.1
5350007.02,15.8,36334,24789,31.6,30.3,26.8,27.4
5350008.01,1.5,68846,56084,9.8,9.5,9.7,9.6
5350008.02,3.1,60894,50225,16.8,15.7,15.9,15.4
5350009,24.5,28352,17984,39,39.5,30.5,32.6
5350010.01,2.7,72243,59557,11.8,10.3,11.4,10.5
5350010.02,3.3,66394,50176,14,13.4,14.1,14.1
5350011,1.2,68348,57463,14.7,14.4,14.5,14.5
5350012.01,3,57547,48144,21.7,20.4,21.4,20.9
5350012.03,1.9,70707,57952,13.9,13.5,14.9,14.9
5350012.04,2.7,67925,57440,13.6,13.5,14.4,14.9
5350013.01,3.5,67642,51072,15.4,12.5,14.5,13.1
5350013.02,3.1,76416,57623,14,13.9,12.9,13.6
5350014,1.1,90176,63616,17.6,17.6,15.5,15.6
5350015,3.4,74547,60928,13.5,13.3,12.9,12.9
5350016,3,67212,55552,15.6,14.1,14.4,13.6
5350017,7.9,54380,41125,21.2,19.6,18.7,18.2
5350018,4.3,73728,47584,13.9,13.7,15.2,15.4
5350019,10.2,53824,18080,24.9,24,22.1,22.6
5350020,3.2,113493,59648,5.6,5.5,4.6,4.5
5350021,4.5,64875,38309,13.5,14.7,11.8,13.9
5350022,3.8,100659,41472,7.2,7.8,6.9,7.6
5350023,3.4,103936,43947,6.9,7.8,5.6,6.9
5350024,4.9,79104,38485,9.9,9.9,8.5,9.2
5350025,7.7,59584,29696,16.6,16.6,15,16
5350026,9,64333,29184,19.8,18.8,17.9,17.8
5350027,10.1,63437,29312,19.2,17.1,17.4,17.1
5350028.01,3.1,78950,55936,8.9,9.4,7.7,9
5350028.02,5.9,70349,46694,15.6,12.9,15.8,14.7
5350029,8.8,61056,27648,22.5,19.9,20.2,19
5350030,8.1,51088,39808,31.3,27.5,26.8,24.3
5350031,23.4,33728,17768,50,44.9,41.3,38
5350032,13.3,24787,17387,46.2,44.3,43.6,43.7
5350033,19.5,21941,13952,53.7,50.8,49.7,49.8
5350034.01,4.2,52261,39851,28.3,29.9,29.8,32.6
5350034.02,6.3,47598,35507,29.7,28.7,29.3,29.4
5350035,4.2,43472,33792,38.4,38.5,37.5,38.4
5350036,7.4,44459,30368,30.7,27.3,29.4,28.3
5350037,10.2,38613,22549,34.7,36.2,40.1,44.7
5350038,14.2,38997,18864,31.9,28.6,38.7,40.4
5350039,21.4,37589,17780,36.3,31,33.6,31.4
5350040,8.7,61952,26048,18.5,18.8,22.7,25.3
5350041,8,67776,36480,14.9,15.5,17.7,20.6
5350042,8.2,61792,32427,12.1,12.9,14.6,17.5
5350043,7.1,65946,39040,13,12.7,15.1,16.7
5350044,5,59054,42650,14.4,14.5,16,17.2
5350045,9.4,56064,30635,14.4,14.4,15,16.7
5350046,13.8,55808,24640,20,18.9,20.1,20.8
5350047.02,19.5,32411,18906,38.8,31.3,35.1,30.8
5350047.03,4.8,72512,52672,10.6,9.8,12.8,13.4
5350047.04,6.9,68096,29888,12,12.8,14.3,16.8
5350048,6.4,60672,31712,16.3,16.9,16,17.7
5350049,4.9,68710,34731,11,11.4,11.4,12.9
5350050.01,5,72082,49778,10.1,10.4,8.4,9.2
5350050.03,3,76288,57856,9.5,9.9,9.5,9.3
5350050.04,7,63829,34987,15.3,12.6,13.5,12.2
5350051,4.4,69478,35520,9.3,9.8,10.3,11.4
5350052,5.8,67507,40000,12.7,12.8,12.1,13
5350053,10.4,55616,31712,16.9,15.5,17.2,17.8
5350054,9.5,49061,31091,19.1,19.2,19,21.6
5350055,6.9,59443,33664,14.5,15.4,17.4,19.4
5350056,8.1,65152,29568,12,12.2,16.7,19.4
5350057,6.6,61525,36992,12.7,13.8,17.3,19.8
5350058,6.2,61542,28723,16.1,14.4,19.5,21.1
5350059,6.8,60640,34688,17.3,18.8,23.4,28.2
5350060,5.1,51430,32939,23.8,26.8,27,31.2
5350061,16,27712,17920,38.6,40.6,37.3,41.5
5350062.01,6.6,44237,38298,36.2,39.2,32.3,36.1
5350062.02,3.8,39125,27755,40.7,44.2,39.6,43.6
5350063.03,4.4,49754,40519,24,24.4,22.7,23.5
5350063.04,8.5,40192,28640,31.5,29.7,30.8,30
5350063.05,3.8,45001,38528,30.2,30.5,29.4,30.1
5350063.06,7.7,45193,35100,24.3,25.2,25.2,26.9
5350064,5,50048,37888,22.4,20.9,22.2,21.7
5350065.01,9.6,40960,29504,26,26.5,27.7,29.7
5350065.02,22.4,32389,17942,43.5,41.2,38,37.7
5350066,9.2,45416,33291,25.1,22.9,24.6,23.9
5350067,3.4,103595,52736,7.7,7.6,8.3,9.8
5350068,6.2,69248,31808,17.8,14.2,15.8,15.2
5350069,5.3,88576,37568,11.3,12.1,10.5,12.3
5350070,5.2,60373,39520,10.8,11.3,10.7,11.7
5350071,5.1,82330,33600,10.5,10.8,9.9,11
5350072.01,13.1,49493,18720,30.1,26.1,25.2,23.5
5350072.02,7.8,74701,32811,16.4,16.6,15.1,16.1
5350073,9.5,63360,29184,18.4,17.5,17.6,18.1
5350074,11.4,56896,29856,23.4,22.3,20,19.7
5350075,10.7,62891,23568,16,13.4,15,14.7
5350076,9.8,64213,26288,17,14.2,14.5,13.3
5350077,7.3,75733,28736,14.1,14.8,12.5,14
5350078,8.4,57941,23520,18.8,19.5,16.5,18.1
5350079,6.5,85434,30720,10.4,8.3,9.5,7.8
5350080.01,9,68608,29344,14.3,13.5,12.9,13.5
5350080.02,17.7,38898,23040,35.3,33.1,30.6,29.5
5350081,9.3,75008,27328,11.3,11.3,10.5,12.4
5350082,7.8,83584,32672,10.2,10.1,10.5,11.8
5350083,10.8,54208,19981,18.9,14.3,17.7,15.7
5350084,5.4,80811,28800,11,11.8,10.5,12.3
5350085,5.9,54827,33408,16,15.3,14.7,15.5
5350086,0.8,204288,65152,6.4,6.3,6.4,7.6
5350087,2.1,101803,57088,8.2,9.5,7.6,9.7
5350088,5.5,67054,48192,18.5,20.7,17.9,20.7
5350089,1.6,72355,49984,20.2,23.2,18.7,22
5350090,3.3,67933,47258,14.9,14.2,12.9,12.9
5350091.01,3.3,57600,41056,21.4,24.9,21.6,25.7
5350091.02,5.6,41884,24048,27.6,28.3,27.7,29.1
5350092,4.1,56474,36224,17.9,19.8,20,23
5350093,5.9,70400,35200,11.2,11.9,13.8,16.5
5350094,9.7,61184,29504,14.6,14.9,15.6,17.9
5350095,10.1,60480,29376,12.7,12.9,15,17.3
5350096.01,11.5,67277,26624,13.9,14.9,14.8,17.9
5350096.02,10.6,58048,30656,14.6,14.5,15.6,17.1
5350097.01,13.3,52791,23744,21.1,20.7,21.6,23.5
5350097.03,29.6,22976,15856,44.4,46.2,41.9,44.6
5350097.04,9.7,56448,37047,16.3,15,16,16.3
5350098,11.4,58159,22592,18.8,16.2,17.5,16.8
5350099,7.4,50304,29109,20.8,20.8,19.1,20.2
5350100,7.4,57628,38784,15.2,15,13.8,14.1
5350101,6.2,59616,37248,12.7,13.2,13.8,15
5350102.02,9.8,47168,34688,26,23.6,23.1,21.6
5350102.03,6.8,55066,44373,17.3,16.4,15.2,14.7
5350102.04,5.2,76160,37248,8.2,10.9,9.7,12
5350102.05,5,83968,35712,7.6,6.8,8.8,9.4
5350103,5.1,88192,46336,6.6,7.4,6.4,8.1
5350104,4.5,103014,41856,6.4,6.4,5.7,6.3
5350105,7.6,72302,33984,11.7,12.4,11.4,12.9
5350106,11.1,66688,25504,14.9,14.4,14.4,14.4
5350107,13.9,68704,25178,13.4,12.1,12.2,12
5350108,18.7,44384,17713,26.3,25.1,23.9,24.9
5350109,10.1,67947,34432,13.9,13.1,12.6,13.3
5350110,12.4,59538,28075,14.7,13.9,15.1,16.3
5350111,14.6,69018,28864,10.4,9.6,10,10.2
5350112,13.2,61536,27456,13.5,13.6,12.8,14.1
5350113,7.3,64640,30848,14.3,15.1,14.6,16.9
5350114,9.3,52864,24277,17.6,15.3,16.1,16.6
5350115,12.8,59456,26592,16.7,16.5,15.7,17.2
5350116,6.2,61909,37472,15.5,15.8,14.8,16.3
5350117,3.8,78165,39595,13.1,12.9,13.8,14.9
5350118,4,84480,53504,11.4,13.5,10.9,13.7
5350119,2.2,71168,44160,13.2,14.9,11.3,13.7
5350120,2.3,112128,47488,9.4,10.8,8.3,10.2
5350121,3.3,79424,54144,11.3,14.3,11.3,14.7
5350122,3.9,72496,49493,11.7,14,11.5,14.5
5350123,6.4,47979,40864,20.4,20,17,17.3
5350124,5.1,63302,49472,13.6,16,12.2,15.3
5350125,1.3,184832,54912,5.1,5.7,5.3,6.1
5350126,4.3,102827,45312,6.8,7.1,6.1,6.9
5350127,3.9,92992,42027,6.9,7.6,6.1,7
5350128.02,4.8,61294,47296,16.4,16.7,14.3,15.1
5350128.04,6.8,59669,45340,18.6,14.5,16.1,13.7
5350128.05,4.1,83200,43136,10.6,11,10.6,10
5350128.06,6.6,47271,38656,24.3,24.1,21.9,22.6
5350129,3.3,78080,43227,10,11.1,9.2,10.6
5350130,1.1,140672,48000,7.3,7.7,6.7,7.4
5350131,2.2,86784,44885,10.6,10.9,10.5,11.6
5350132,3.7,80384,38827,11.2,11.8,10.2,11.5
5350133,7.3,54089,33760,18.7,18.2,15.6,16.2
5350134,2.8,130816,47744,5.2,6,4.3,5.4
5350135,4.8,60288,40016,14,15.2,13,14.7
5350136.01,7.2,48512,38656,22.3,22.1,20.3,20.9
5350136.02,7.4,46891,36992,27.1,22.8,24.5,21.6
5350137,5.1,63712,38298,15.1,13.4,13.4,12.9
5350138,1.6,139392,40704,9.2,10.2,8.5,9.9
5350139.01,2.7,84685,46976,9.7,10.9,8.8,10.2
5350139.02,1.8,128512,43968,6.1,7.4,6.5,7.7
5350140,1.4,206336,60288,4.4,5,4.6,5.6
5350141.01,3.6,115507,47488,6.3,7,5.7,6.6
5350141.02,3,129109,46976,5.3,6.2,4.6,5.8
5350142,2.7,110043,43264,8.2,7.4,7.6,7.6
5350150,3.5,115200,39168,6.8,7,6.9,7.6
5350151,15.8,44489,20544,31.4,27.8,24.2,21.8
5350152,6.9,85163,41003,7.4,7.7,5.8,6.7
5350153,14.5,61408,26944,15.5,15.1,13.5,14.1
5350154,16.3,53687,37397,15.7,14.4,12.7,12.9
5350155,22.2,42624,14448,29.3,26.5,26.4,24.8
5350156.01,26.6,38165,18624,35.4,30.6,27.1,24.1
5350156.02,17,54315,24640,17.1,14.9,12.8,12
5350157,16.6,49707,27072,24.1,22.1,21.1,19.6
5350158,23.8,39936,20747,26.3,19.7,21.6,18.3
5350159.01,16.4,59191,23360,18.1,16.8,14.3,14.5
5350159.02,15.7,60032,27072,13.6,12.7,11.2,11.1
5350160,14.4,62144,27307,13.5,11.8,11.4,10.9
5350161,14.8,57728,27648,14.5,13.9,12.4,12.9
5350162,17.4,55125,25549,17.6,16.3,14.4,14.8
5350163,13,57643,27264,16.3,16.3,14.4,15.4
5350164,11.8,58394,27605,16.1,15.6,14.3,15.3
5350165,7.2,58277,30432,14.4,14.6,13.2,14.1
5350166,3.7,80538,31040,11.5,11.8,10.8,12.2
5350167.01,10.4,48640,38485,17.6,18.9,13.9,17.2
5350167.02,8.6,46391,30869,19.7,19.9,18.2,18.9
5350168,16.6,43321,21069,24.3,19.6,21.6,18.9
5350169.01,13.7,53888,29632,16.5,15.5,14.9,15.3
5350169.02,12.7,52622,26880,18.6,17.6,16,16.3
5350170,16.1,60800,26304,13.9,13.4,12.2,12.5
5350171,23.4,41472,21440,29.6,26.8,22.9,21
5350172,15.9,42304,27861,25.6,23.3,20.4,19.3
5350173,20.7,42923,19418,30.1,27.6,26.6,25.4
5350174,18.8,49257,28928,23.2,20.5,18.3,16.9
5350175.01,21.3,41792,19802,31.6,29.2,27,26.2
5350175.02,23.4,35872,21536,36.3,32,30.6,28.5
5350176,11.2,68571,38784,15,13.7,12.5,12.8
5350180,15.4,44911,25536,29.4,27.3,24.3,24
5350181.01,8.3,73318,40533,9.9,10,10,11.1
5350181.02,13,55104,22624,21.6,18.1,17.8,16.4
5350182,8,79639,40730,9.2,9.1,7.7,8.4
5350183.01,9.6,77184,38560,11.2,11.1,8.3,9.3
5350183.02,8.3,82739,37803,9.7,9.6,8.5,9.4
5350184.01,13.3,48512,24213,22.7,18.8,18.5,16.9
5350184.02,11.2,56128,31136,17.8,16.6,15.4,15.6
5350185.01,12.4,44870,30496,24.7,23.5,20.3,20.6
5350185.02,10.6,51488,35014,19.4,19,15.9,16.9
5350186,2.3,111360,44928,8.3,8.7,6,6.9
5350187,8.6,75861,36608,10.3,10.6,7.8,9.2
5350188,9.8,80597,34752,11,9.9,10.5,10.7
5350189,14.4,54295,34637,21.7,20.3,18.9,18.2
5350190.01,20.2,41941,29376,35.4,33.4,29.4,29
5350190.02,18.2,41882,24256,31.2,29.4,27.7,27.3
5350191,10.8,61466,32448,15,15.3,13.1,13.9
5350192,18.7,37205,22720,25,19.6,23.3,20.5
5350193,8.3,81600,34816,20.1,18.8,18.1,17.6
5350194.01,33.9,41008,27456,57.2,52.9,47,44
5350194.02,23.4,44992,39552,47.2,43.1,37.4,34.8
5350194.03,29.6,33957,19584,42,34.6,31.9,27.9
5350194.04,15.8,49774,39744,35.6,31,28.6,25.6
5350195.01,3.1,102656,36864,7.4,7.7,6.4,7
5350195.02,3.9,100608,48341,5.8,5.7,4.1,4.3
5350196.01,3.5,104896,47104,5.3,5.8,5.1,5.8
5350196.02,3,105574,42475,6.8,7.8,6.4,7.7
5350200.01,12.7,45914,35584,27.5,27.4,23.4,24.2
5350200.02,10.2,39360,30630,23.1,23.8,20,20.5
5350201,9.5,53333,25301,22,17.3,19.3,16.9
5350202,7.3,83072,37184,8.5,8.3,7,7.8
5350203,9.6,62528,35840,13.2,12.8,12.2,12.8
5350204,10.1,52452,27776,17.7,16.2,16.1,15.9
5350205,F,F,F,F,F,F,F
5350206.01,10.3,56352,36224,15.2,14.2,12.7,13
5350206.02,9.6,51797,34475,19.4,19.8,16.8,18.3
5350207,11,51264,34133,19.8,20.9,18.8,21.4
5350208,18.2,36646,20224,35.7,31.5,29.4,27.4
5350209,16.2,43981,19536,24,17.8,21,17
5350210.01,7.1,92723,43584,7.9,7.8,5.4,5.6
5350210.02,4.5,62976,51569,15.2,15.6,13,13.7
5350211,12.1,71385,34406,7.8,7.9,6.5,7.2
5350212,10,77984,36928,8.6,8,7.7,7.8
5350213.01,8.9,85248,39339,6.8,6.9,5.5,6.3
5350213.02,5.9,64028,50637,13.9,12.8,11.2,11.2
5350214,7.3,70059,48939,9.5,9,7.6,8
5350215,9,75748,35520,8.7,7.6,7.4,7.3
5350216,5.5,99174,44736,7,7.8,5.9,7.1
5350217,14.2,43236,31680,28.1,26.5,22,21.8
5350218,4.1,121984,56576,3.8,3.5,3.6,3.8
5350219,7.1,92843,38240,5.3,5.3,4.5,5.3
5350220,9.5,72192,37056,9.6,9.5,7.5,8.1
5350221.01,10,76782,44501,7.5,7.8,5.7,6.6
5350221.02,11.8,54656,36704,20.3,18.7,17.4,16.9
5350222.01,8.9,70848,42368,10.7,9.6,9.3,9.4
5350222.02,10.6,56491,29264,22.4,20.9,18.3,17.5
5350223.01,5.4,111104,42240,5.6,6,4.9,5.5
5350223.02,6.7,98688,36480,6.1,5.5,5.7,5.5
5350224,2.7,139520,55168,5.6,5.5,4.1,4.6
5350225.01,9.3,65764,45696,13.7,15,11.1,12.9
5350225.02,11.8,48196,32676,27.9,22.4,22.8,19.5
5350226,4.1,117888,47488,4.4,4.8,4.1,4.8
5350227,2.2,151552,56448,3.4,4.3,3.1,3.8
5350228,3.5,102571,56768,5.4,6.6,5,6.1
5350229,2.1,159488,46080,4,4.4,3.6,3.7
5350230.01,3.9,74240,45013,8.5,8.2,7.3,7.9
5350230.02,10.7,60723,36250,13.4,12.7,9.7,9.7
5350231,3.5,88157,39680,8.4,9.1,7.1,8.3
5350232,3.1,147163,64128,4.4,4.2,3.9,3.7
5350233,7.3,89498,42752,9.7,9.8,8,8.7
5350234,10.1,85504,36949,10.9,9.9,8.4,7.7
5350235.01,10.8,87072,38016,5.8,5.3,4.6,5
5350235.02,14.5,67860,35310,11.8,11.1,9.4,9.1
5350236.01,15.1,58098,35360,16.8,15.1,12.6,12.2
5350236.02,11.4,76940,41280,8.9,8.5,6.4,6.8
5350237.01,20.7,52096,27008,26.7,23.2,20.2,18.7
5350237.02,15.1,72243,32128,10.7,9.9,7.4,7.3
5350237.03,17,55706,34560,14.8,13.3,11.3,11.4
5350238.01,9.3,90368,43264,6.3,6.5,4.2,4.7
5350238.02,15.4,58439,35872,17.4,15.7,13.6,13
5350239,14.6,57776,35840,23.9,21.7,19.1,17.9
5350240.01,10.2,91392,38144,4.2,3.9,3,3.1
5350240.02,14.9,56000,35917,13.7,12.5,9.8,9.8
5350241,8.9,85056,34261,7,7,5.5,6.5
5350242,18.8,50048,22592,30.7,27.8,23,21.5
5350243.01,28.3,48427,34603,36.6,35.5,28.9,30.6
5350243.02,18.1,56960,31520,15.8,14.6,12.9,12.4
5350244.01,17.8,58608,33170,18.8,16.7,14.2,13.5
5350244.02,23.6,48683,21280,29.9,26.2,23.6,21
5350245,17.7,53213,29728,19.8,18.3,16.9,16.1
5350246,15.6,65408,20512,16.2,14.9,13.7,13.6
5350247.01,13.7,64740,37152,16.2,15.2,13.7,13.8
5350247.02,16.1,65038,33536,12.4,12.3,10.9,11.6
5350248.02,31,41376,16032,37,32,31.1,28
5350248.03,16.3,64896,30464,12.6,11.7,10.1,10.6
5350248.04,15.6,60288,26432,18.4,18.8,18.2,21
5350248.05,19.3,58795,22080,18.9,18.4,18.4,20.7
5350249.01,18.2,71040,29397,10.4,10.7,8.3,8.7
5350249.03,17.2,66779,33600,16.9,15.6,12.5,12.8
5350249.04,20.3,62037,29440,19.9,18.8,16,15.9
5350249.05,24,49737,24000,31.7,28.6,24.3,23.1
5350250.01,19.6,59328,29760,20,18.8,16.8,16.8
5350250.02,17.5,60400,27797,15.4,13.9,12.4,11.9
5350250.04,21.1,48666,27008,30.5,25.6,24.3,21.4
5350250.05,26.4,51273,30656,30.5,26.4,21.7,19.7
5350260.01,19.5,51513,31648,23.1,21.3,17.1,16.1
5350260.04,27.5,38030,18453,44.7,38.1,35.9,31
5350260.05,36.8,32640,20160,61,55.6,49.3,45.7
5350260.06,15.5,50880,35328,31.1,26.7,25.9,23.4
5350260.07,16.9,58112,39040,19.2,17.8,13.1,13
5350261,24.2,41033,18221,29.6,24,23.6,20
5350262.01,14.8,47258,35904,21.4,19.8,16.8,16.6
5350262.02,15.1,51285,32640,27,26.9,20.4,21
5350263.02,9.6,64555,44672,13.5,11.4,11.1,10.9
5350263.03,9,58149,40960,16,15.9,13,13.4
5350263.04,13,55761,44826,17.5,17.7,13.2,14.9
5350264,1.1,176640,107776,13.1,13.8,12.3,13.2
5350265,1.3,152869,76203,7.8,8.3,7.2,7.9
5350266,1.2,183296,67840,8.6,9.1,8.7,9.8
5350267,3.3,122807,53888,10.1,10.7,8.8,10.1
5350268,8.7,69297,44096,12.1,13.5,10.2,12.1
5350269.01,17.3,45303,30240,33,30.4,27.4,26.4
5350269.02,5.6,102144,52992,9,9.7,8.2,9.4
5350270.01,11.6,58970,38485,18.2,17.1,14.9,14.8
5350270.02,11.3,62480,37280,17,15.8,13.2,13.1
5350271.01,9.6,84608,38528,8.2,8.5,6.8,7.1
5350271.02,12.1,58240,31552,22.9,21.4,17.7,17.1
5350272.01,17.1,46811,30112,28.3,25,22.6,20.5
5350272.02,13.3,64544,36011,13.4,12,10.6,10.5
5350273.01,3.4,114773,50304,12.2,13.1,10.4,11.6
5350273.02,5.1,90581,52736,18.7,20.1,15.4,17.5
5350274.01,3.8,73114,39808,16.7,16.6,14.6,14.7
5350274.02,3.6,77210,50944,15.6,16.8,12.9,14
5350275,3.3,101792,50528,7.9,8.7,6.1,7
5350276.01,4.8,72090,35712,12.3,11.5,10.8,11.1
5350276.02,3,117504,43520,7.5,8.1,7.4,8.4
5350277,2.4,117760,35136,10.2,10.6,8.8,9.9
5350278,7.2,65042,26496,15.7,14.3,13.6,13.9
5350279.01,13,65408,31552,11.3,10.9,10.6,11.1
5350279.02,17.8,54861,27744,15.8,14.7,12.2,11.8
5350280,17.9,46921,27456,24.2,23,18.3,18.3
5350281.01,18.4,49847,23232,24,21.4,19.3,18.2
5350281.02,21.4,52352,28544,26.9,22.7,21,18.3
5350282,12.5,71993,35776,9.3,8.9,7.9,8.4
5350283.01,22.4,44864,22229,28.5,24.7,21.5,19.7
5350283.02,25.8,39744,20373,35.3,31,27.4,24.5
5350284,16.3,56896,28096,16.3,15.9,12.5,13
5350285,16.2,58765,27968,12.9,12,10.3,11
5350286,15.3,54656,31680,23.2,20,19.3,17.3
5350287.02,15.7,52114,28736,20.4,18.5,17.5,17.4
5350287.03,25.1,40320,22336,40.5,35,31.8,28.7
5350287.04,11.5,49024,25552,17.6,15.3,14.9,13.7
5350288,8.3,60530,35627,14.4,14.1,12.3,13.1
5350289,15.5,58016,29675,14.5,14.7,12.8,14
5350290.01,20.1,44599,27968,25.8,23.4,19.8,19
5350290.02,11,53018,38443,20.3,18.7,15.7,15.6
5350291.02,21.3,48549,18928,20.3,20.5,17.1,18.3
5350291.03,19.9,51648,31296,18.9,18.5,15,15.1
5350291.04,18.8,49792,32992,18.9,17.1,14.8,15.1
5350292,17.6,56594,24064,19.4,17.3,17.2,16.9
5350293,14.4,68416,34918,13,12,10.3,10.3
5350294.01,18.8,54240,31424,20.8,18.3,15.1,14.1
5350294.02,20.5,64512,27840,13.8,11.7,11.3,11.1
5350295,17.6,52978,30123,17.1,16.1,14.5,14.5
5350296,x,x,x,x,x,x,x
5350297.01,11.8,55899,23680,19.5,15.2,16.8,14
5350297.02,9.4,62720,27584,15.8,13.2,13.5,12.4
5350298,3.2,86187,30912,11.1,11.8,9.2,10.5
5350299.01,5.3,88672,36736,13.6,14.8,11.9,13.5
5350299.02,7,53712,45397,28.1,29.6,25.2,27.3
5350300,4.6,57440,48414,27.7,27.9,24.9,25.5
5350301.01,8,73429,38997,14.1,14.7,11.9,12.8
5350301.03,10.8,47115,35237,35.2,34.3,30.4,31.2
5350301.04,10.8,49562,35712,30.6,29.4,26.1,26.8
5350302.01,12.9,68039,37824,13,13.3,11.3,12.5
5350302.02,15.9,59008,29248,21,20.6,19,20.4
5350302.03,16.1,59307,27157,19.6,19.9,19,21
5350303,16.9,49843,24832,30.8,29.4,26.2,26.5
5350304.01,16.6,48457,30528,30.2,29.5,24.6,24.7
5350304.02,8.5,81920,47936,11.9,12.9,10.1,11.5
5350304.03,11.2,76083,39936,18,17,14.2,14.1
5350304.04,14,51098,31168,27.3,26,21.8,21.3
5350304.05,15.2,65792,46720,19.1,23,16.8,22.3
5350304.06,12.2,58342,34773,20.4,20.2,17.5,18.5
5350305.01,5.9,103872,54272,12.8,15,11.4,13.7
5350305.03,7.9,59392,43947,25.9,27.1,21.8,23.7
5350305.04,6.6,50235,42229,29.9,29.3,26.1,26.4
5350306.01,8.5,66970,32704,24.9,25.5,22,23.2
5350306.02,5.2,75776,42325,19.9,20.8,18.2,19.7
5350307.03,9.4,44885,40224,39.8,38.7,34.2,34.8
5350307.04,7.9,51456,42155,32.3,33.3,28,30
5350307.05,6.2,44727,41941,36.3,35.3,32.3,32.4
5350307.06,7,49024,39339,38.1,36.9,32.3,32.2
5350307.07,8.3,57920,39104,27.8,29.6,24.8,27.3
5350308.02,8.6,81977,28768,13.4,14,11.6,12.7
5350308.03,6.4,96512,36224,12.2,14.1,11.8,14.8
5350308.04,10.1,46007,29440,33.9,32.7,29.4,29.8
5350309,16.2,49664,23872,24,21.8,20.3,20.3
5350310.01,8.8,85120,40576,9.9,9.8,9,10.1
5350310.02,12.5,60736,27776,18.4,18.3,13.9,14.5
5350311.02,20.3,49573,21312,21.1,19.5,17.6,17.3
5350311.03,18.7,64704,28672,14.6,13.6,11.6,11.8
5350311.04,20.4,52631,25216,17.6,16.2,13.9,13.9
5350311.05,17.2,44944,29995,30.6,29.7,28.2,28.9
5350311.06,8.8,46848,33408,32.4,31.3,35.5,37.2
5350312.02,23.5,52192,23808,24.2,21.1,18.9,17.5
5350312.03,24.3,52693,25024,21,18.3,17.4,16.3
5350312.04,28.6,45376,23168,32.6,27.6,26.3,23.5
5350312.05,33.3,38187,19488,43,37.2,35.2,31.6
5350312.06,27.3,50773,23616,24,21.7,18,17.2
5350312.07,30.3,42560,18459,22.7,15.3,20.1,14.7
5350313,18.5,60782,28416,15.2,13.4,12.7,12.7
5350314.01,23.1,46080,25536,31.4,28,24.7,23
5350314.02,20.7,56576,26987,22.1,20.1,18.3,18
5350315.01,18.9,66816,29408,8.6,8,7.9,9
5350315.02,27.2,50893,26496,26.9,25,20.5,20.3
5350315.03,23,55351,26016,21.9,20,18.2,16.8
5350316.01,22.4,60800,26496,13.1,12.3,10.7,11.2
5350316.03,27.4,44727,26048,33.2,28.3,24.3,21.8
5350316.04,35.1,33869,17806,45.8,38.7,37.1,31.7
5350316.05,27.8,44197,21344,32.6,28.6,26.2,24.7
5350316.06,29,42957,18624,38.4,33.6,30.4,26.4
5350317.02,21.4,38464,19232,31.4,26.3,26.7,24.2
5350317.03,10.2,76437,39296,14.4,14,12.5,13
5350317.04,17.3,50828,30112,25.2,23.3,19.2,18.6
5350317.05,14.6,64384,24256,16.4,14.2,15.5,15.6
5350318,10.8,50995,27883,28.8,30.2,25.9,28.7
5350319,12.4,56302,30432,25,26,22.2,23.9
5350320.01,19.3,41911,20224,30.1,26.4,23.8,22.9
5350320.02,15.9,55600,27584,20.4,20,19.4,21
5350321.01,8.7,78507,29440,18.1,19.6,16.7,19.2
5350321.02,9.8,61483,36736,24,25.1,22.4,24.8
5350322.01,9.6,45987,35584,36.9,35.8,32.5,32.6
5350322.02,11.7,48341,17785,29,25.5,26.6,26
5350323.01,11.4,63680,39765,20.9,22.3,17.4,19.8
5350323.02,10.4,78106,42240,13.4,15.3,11.1,13.5
5350324.01,13,68224,30528,22.5,21.9,18.9,20.4
5350324.02,12.5,63275,28288,24.5,24.8,22.4,24.2
5350324.03,15.5,62272,25984,21,19,17.9,19.6
5350324.05,15.1,52736,17755,25.8,17.3,21,15
5350324.06,10.6,72249,39872,14.7,14.2,12.8,12.7
5350330,11.6,77696,41216,7.5,8.1,6.8,8.1
5350331.01,11.7,74061,43520,7.8,7.9,6.7,7.5
5350331.03,27.6,43558,24128,41.2,35.6,31.8,28.8
5350331.04,10.8,62016,41568,12.3,11.6,9.5,10.1
5350332,20.7,42344,18944,33.4,30.9,27.3,26.8
5350333,10.9,75719,39083,14.6,12.6,12.4,11.5
5350334,7.9,85709,38560,10.9,10.8,9.7,10.3
5350335,17,51476,23115,23,19.4,17.6,15.2
5350336,12.4,67712,31040,12.8,12,12.3,12.1
5350337.01,19.8,39936,18304,31.9,30.6,29.9,29.6
5350337.02,15.3,45632,27456,25.7,25.2,20.6,21.1
5350338,9.5,61710,22933,16.4,18.1,14.6,17
5350339,6.7,72448,39616,9.6,9.7,7.9,9
5350340,14.8,51622,29824,27.8,25.9,23.7,23.1
5350341.02,19.6,45069,24512,28.8,26.2,24.2,23.1
5350341.03,41.5,25344,11952,65.6,62.4,52.2,50.8
5350341.04,22.8,42217,19968,39,35.9,32.7,31
5350342,13.7,61696,31915,19.9,17.4,15.5,14.6
5350343,19.4,51360,22507,23.7,22.8,20.6,20.7
5350344.01,19.6,51763,24448,21,17.7,18.1,17.3
5350344.02,23.9,31893,19029,41.5,39.8,34.6,34.6
5350345,16.9,63317,28160,15.3,13.8,13.5,13.5
5350346.01,19.3,47632,26272,30.6,27,24.7,23.1
5350346.02,16.9,48661,30160,25.1,22.2,18.6,17.2
5350347,8.9,75648,49664,9.7,9,8,7.6
5350348,12.1,70656,41728,10.2,9.7,8.1,8
5350349,17.5,46571,27504,25.3,23.6,19.7,19.3
5350350,16.8,57728,25344,17.9,16,14.6,14.3
5350351.01,19.5,48992,24864,22.8,21.6,18.5,18.4
5350351.02,18.4,48896,31296,21,19.6,18.8,18.2
5350352,17.2,52384,29664,19.6,17.7,14.7,14
5350353.02,18,61120,32341,19.1,16.5,15.4,14.1
5350353.03,16.3,57301,29355,15.9,15.6,11.4,11.9
5350353.04,23.3,44493,23787,32.7,30.2,26.5,25
5350354,15.4,66133,35200,14.8,13,13.4,12.9
5350355.02,19.6,51913,31083,19.9,18.5,15.8,15.4
5350355.04,18.5,50091,32576,25.2,21.8,20.6,18.9
5350355.05,24.1,46515,25408,31.2,28.1,23.8,23.1
5350355.06,25.8,42464,18496,38.8,34.3,29.4,26.4
5350356,15.1,66702,34944,13.4,13,10.9,11.2
5350357.01,31.2,39936,18816,38.6,32.2,29.6,25.7
5350357.02,27.1,38118,17774,43.3,40.7,36.1,34.3
5350358.01,17.7,67296,34176,17.1,15.4,14,13.5
5350358.02,23.7,41242,20288,29.9,28,24.9,24.6
5350358.03,23.1,39296,15072,33,30.8,27.9,27.7
5350359,22.9,44855,21965,31.3,28.3,25.9,24
5350360,12.9,74206,43072,11.3,9.7,8.8,7.9
5350361.01,8.7,100250,45952,7.4,7.5,6,6.7
5350361.02,9.1,94185,45995,5.3,4.9,4.7,4.5
5350362.01,13.9,71239,38656,11.2,9.7,10,9
5350362.02,11.7,91307,34944,9.1,9.2,7.7,8.8
5350362.03,13.5,87552,33408,11.7,12.6,11.7,13.5
5350362.04,15.7,65755,36301,9.3,8.4,7.7,7.6
5350363.02,14.7,71066,37717,9.5,9.4,7.1,7.5
5350363.04,14.7,68096,30272,15,14,11.5,11.8
5350363.05,24,35840,17984,46.4,43.1,38.4,37.3
5350363.06,11.9,49016,37632,27.3,26.3,22.2,22.7
5350363.07,26.8,35264,17536,44.7,42.5,37.7,37.6
5350364.01,17.6,59947,27712,19.7,17.3,15.5,15.3
5350364.02,14.6,70546,38784,13.5,13.1,11.1,11.8
5350365,17.3,65646,27808,17.3,16.1,15.6,15.7
5350366,18.7,55974,25600,20.1,17.9,16.8,16.3
5350367.01,17.6,53486,31296,29.9,28.6,24.4,24.8
5350367.02,15.7,73024,37664,11.8,11.6,10.4,10.9
5350368.01,10.2,42845,33323,34.1,35.8,29.7,33.1
5350368.02,18,62560,21227,16.7,12.7,14.6,13.3
5350369,19.1,58581,35200,26,23.4,19.6,18.1
5350370.01,17.5,48267,29632,27.3,24.2,19.8,18.4
5350370.02,16,58325,31334,19.2,17.5,15.8,15.1
5350370.03,15.8,60064,31680,17.9,16.6,15.2,14.5
5350371,15.2,62336,30784,18.2,17.2,13.9,13.6
5350372,13.6,72038,36011,11.8,11.4,9.3,10.2
5350373,16.4,52715,29856,21.4,19.9,18.9,19.1
5350374.01,13.2,62866,35029,17.6,17.1,14.2,14.6
5350374.02,16.2,65067,28800,14.3,13.7,13.6,15
5350374.03,21.6,43904,17787,27,21.3,23.9,21.5
5350375.01,25,37877,18848,33,27.8,26.7,24.2
5350375.02,10.6,87040,38016,8.7,8.4,7.2,7.5
5350375.03,18.9,48538,25216,31.4,29,24.7,24.6
5350375.04,14.3,66816,33195,19,18.3,16.1,17.2
5350375.05,12.5,61619,32320,17.1,15.7,14.3,14.2
5350376.01,18.6,54784,23872,29.4,28.6,26.3,27.8
5350376.02,21.4,51046,25472,26.7,24.4,22.3,22.3
5350376.04,16,59072,25088,23.2,20.9,18.9,19.1
5350376.05,18.1,62421,22944,18.8,17.5,22.8,24.4
5350376.06,39.7,28848,22976,40.6,41.7,26.6,41.7
5350376.08,19,57253,35200,20.4,20.5,15.9,17.9
5350376.09,17.8,55040,24896,23.7,21.7,20.2,21.1
5350376.11,21.4,52480,26432,30.4,27.6,24.8,24
5350376.12,16.6,61664,35072,15.3,14.6,12.4,13.4
5350376.13,18.7,56320,25920,22.5,20.3,17.7,17.6
5350376.14,14.5,73472,26176,17.3,16.6,17.7,18.9
5350376.15,16,52821,31040,24.9,23.5,17.3,19.1
5350376.16,22.1,41760,28160,31.9,30.1,24.3,24.5
5350377.01,12.4,52764,36352,25.5,24.9,20.7,21.7
5350377.02,15.6,62933,33408,19.8,20.4,16.2,17.8
5350377.03,15.4,72192,37312,16.3,16.2,16.9,18.4
5350377.04,18.1,62528,25920,20.8,19.6,17.9,18.3
5350377.06,15.9,66617,24448,19.4,18.9,26.2,27.2
5350377.07,16,68380,25152,19.9,19,22.6,23.5
5350378.02,19.3,58752,24128,22.7,23.1,22.1,25
5350378.03,14.6,61773,37120,16.5,15.1,13.1,12.9
5350378.04,19.8,56645,32640,25.2,22.5,18.9,17.8
5350378.05,18,63712,26272,17.3,14.7,13.2,12.1
5350378.06,18.8,62880,21696,19.4,17.7,14.1,13.7
5350378.07,16.6,57760,31424,20.7,19.1,16.2,16.2
5350378.08,17.9,60800,22720,18.7,17,15,14.4
5350378.11,17.3,59200,32896,19.4,16.9,14.1,13.1
5350378.12,25.4,45369,19541,28.4,24.4,21.5,20.3
5350378.14,17.6,58675,33088,24.3,22.7,19.2,18.9
5350378.16,18.4,57216,33920,18.2,15.5,13.9,13.2
5350378.17,18.2,66240,40576,19.2,15.2,14.7,12.6
5350378.18,24.2,40512,24192,37.6,31.7,24.4,22.7
5350378.19,15.5,69824,30400,16.9,15.5,15.1,14.9
5350378.2,25.6,42829,21760,35.4,32.4,25.8,26.6
5350378.21,16.5,70707,26944,19,18,18.6,19.6
5350378.22,17,72375,24512,17.1,16.8,19.9,21.1
5350378.23,16.6,64819,27200,18.8,18.1,17.4,19.1
5350378.24,20,47854,21728,26.8,21,18.9,17.5
5350378.25,13.2,84395,38400,9.8,8.6,8.5,7.6
5350378.26,11.6,90368,54656,8.3,7.3,6.3,5.7
5350378.27,12.2,78057,40960,11.1,9.4,9.1,8.4
5350378.28,16.4,77227,30912,12.3,10.8,9.3,8.8
5350400.02,6.8,104420,46720,6.3,6.1,5.7,5.7
5350400.03,8.9,94098,39680,7.8,7.9,5.9,6.6
5350400.04,9.4,71808,36096,13,12.8,9.7,10.1
5350400.06,7.9,94464,44928,5.9,5.9,5.1,5.6
5350400.07,7.8,96213,42880,5.9,6.9,5.7,6.9
5350400.08,17.8,45440,25429,21.5,18.5,15.7,15.2
5350400.11,12.9,81335,24448,15,13,12.8,11.8
5350400.12,11.1,80933,32704,12.1,11.1,9.4,9.3
5350400.13,15.2,68352,29419,20.1,17.6,15.5,14
5350400.14,16.2,75497,24576,15,13.7,14.1,14.4
5350400.15,7.3,97606,48576,7.2,6.4,5.7,5.4
5350400.16,7.2,105033,34432,7.5,7,6.2,6
5350400.17,17,65248,26944,20.3,18.9,15.6,15
5350400.18,20.1,57056,17757,21.8,19.5,18,18.3
5350400.19,6.6,88299,52416,9,8.6,6.7,6.6
5350400.2,7.9,91546,45184,11.1,10.5,8.4,8.1
5350400.21,8.7,85419,45184,11.7,11.4,6.7,7
5350400.22,8.9,98731,40320,8.7,7.5,6,5.6
5350400.23,11.2,83763,24384,12.7,10.8,9.6,8.7
5350401.04,16.1,75776,26432,12.7,12.5,13.9,15.8
5350401.05,8.1,40986,35648,38.8,35.9,31.8,31.2
5350401.06,7,97485,35200,15.2,15.1,12.2,12.6
5350401.07,6.7,86443,30752,14.2,14.5,10.3,11.2
5350401.08,5.1,104576,50688,15.4,15.8,13.2,13.6
5350401.09,7.6,73552,33088,20.6,19.5,17.3,17
5350401.1,7.2,95598,39744,12.1,12,8.3,8.5
5350401.11,13.4,76195,31328,14.5,13.2,13.2,12.7
5350401.13,17,62976,25664,20.9,19.7,20.2,20.7
5350401.14,6.8,99648,38208,11.3,10.9,9,9.3
5350401.15,13.6,66987,43904,12.2,12.5,8.9,10.1
5350401.17,13.4,79718,26560,12.5,12.6,11.7,13.2
5350401.18,9.5,47653,37728,29.1,27.7,24,24.2
5350401.19,17.6,62656,24896,22.7,21.5,22.2,22.9
5350401.2,15.5,72243,28096,16.4,15.7,15.3,15.7
5350401.21,15,70272,24597,17.6,17,16.6,16.5
5350401.22,11.8,69702,25472,19.2,18.6,15.8,16.3
5350401.23,10.3,91648,32576,11.9,10.7,11.6,12.3
5350402.01,9.9,83822,47296,10.3,11,7.3,7.8
5350402.02,7.5,47840,25696,32.6,33.2,29.2,30.6
5350402.03,9.9,71526,41088,12.9,12.7,9.3,10.4
5350402.04,7.1,89728,48282,10.3,10.8,8.3,9.2
5350402.05,5,117568,65792,12.7,14.6,10.7,12.4
5350402.06,11.6,54352,29888,21.7,21.7,17.3,18.3
5350402.07,10.6,81562,45952,8.3,9,7.1,8.6
5350402.08,9.6,80448,37589,15.8,16.4,12,13.4
5350402.09,11.1,68445,41088,15.8,16.4,12.9,13.8
5350402.1,8.5,74212,42368,12.9,10.8,9.6,9.1
5350402.12,9.8,46048,37427,31.5,28.8,24.9,24.4
5350402.13,6.3,119552,40576,7.7,8,6.3,6.9
5350403.01,6.7,92416,23808,15.3,15,11.9,12
5350403.04,6.9,90778,33920,11.8,10.9,8.4,8.3
5350403.05,3.7,105792,53120,14.2,14.1,10.8,10.8
5350403.07,7.5,79300,30443,18.7,18.6,14.4,14.5
5350403.09,7.8,82688,28224,16,15.4,12.8,12.9
5350403.1,8,77970,39552,16.3,14.9,11.2,10.6
5350403.11,8.7,83275,34432,13.7,13.5,10.7,11
5350403.12,7.7,95440,42624,10.1,9.6,7,7.1
5350403.13,11.9,77824,47360,10,10.4,7.8,9
5350403.14,8.3,81847,39552,16.4,15.4,13.1,12.9
5350403.15,6.5,87703,40704,14.4,14.7,11.4,11.8
5350403.16,8.3,79770,38080,12.2,11.6,7.7,7.8
5350410.02,12,81042,30656,10.1,10.1,8.2,8.8
5350410.03,5.6,89446,36224,11.3,11.1,9.2,9.3
5350410.04,8.6,97664,30784,8.4,7.9,6.3,6.1
5350410.05,3.4,129152,49280,5.8,5.6,5.7,5.8
5350410.07,8.9,103936,46592,5.2,5.3,4.9,5.5
5350410.09,12.3,56384,32896,19.3,19.1,16.2,17.5
5350410.1,11,74795,42944,12.4,13.2,9.5,11.3
5350410.11,9.2,85299,21248,13.2,11.8,10.3,10.3
5350410.12,14.4,46688,35072,25.5,24,19.5,19.8
5350410.13,3.9,123776,40064,6,5.7,5.1,5.3
5350410.14,7.7,96484,33536,8.1,7.4,5.9,5.8
5350410.15,15,75674,28832,8.8,8.5,6.6,6.8
5350411.01,12,72235,37547,9.9,10,8.2,8.9
5350411.04,12,93389,26304,5.9,4.1,4,3
5350411.07,8.9,99755,31061,6,4.9,3.9,3.5
5350411.08,9.3,77005,44672,10.6,10.1,9.4,9.1
5350411.09,7.1,91936,42560,7,6.2,5.9,5.7
5350411.12,8.9,94037,39552,7.6,6.8,6,5.3
5350411.15,11.4,85504,38272,7.6,6.7,5.7,5.4
5350411.16,5.6,101973,40576,7,7.1,4.6,4.5
5350411.17,4.5,110165,36096,9.5,9.8,7.6,8.2
5350411.18,6.3,101047,43840,9,8.8,7,7
5350411.19,5.6,97280,28928,11.5,11.8,9.6,10.4
5350411.21,8.9,84608,45440,9,8.1,7,6.6
5350411.22,9,94720,39680,6.4,5.7,4.7,4.4
5350411.23,13,58084,34048,11.9,10.7,8.4,8.5
5350411.24,12.8,75593,32704,21.8,19.2,17.3,15.1
5350411.25,10.3,85589,40832,8.7,7.6,6.7,5.9
5350411.26,7.5,94444,39936,6.3,5.6,4.8,4.7
5350411.27,7.8,102869,41600,6.3,5.6,4.7,4.2
5350411.28,4.6,102170,48512,9,9.6,7.6,8.4
5350411.29,5.6,100992,27200,10.5,9.9,8.9,8.4
5350411.3,4.8,103744,49408,10,9.7,8.5,8.7
5350412.01,11.2,79488,32576,7.3,5.9,5.4,5
5350412.02,12.4,63680,36992,9.9,9.2,8,8.4
5350412.04,14.3,89216,30176,5.1,4.6,3.4,3.5
5350412.06,14.2,78482,31104,6.5,5.8,4.5,3.9
5350412.08,20.4,71885,24448,7.6,6.8,5.7,5.4
5350412.1,16.7,84565,27936,5.6,4.9,4.7,4.5
5350412.11,9.8,100915,39680,4.9,4,4.3,4.2
5350412.12,11.8,81280,28608,8.6,6.7,6.5,5.7
5350412.13,15.4,87744,30592,4.7,4.2,3.3,3.2
5350412.14,5.9,129195,39040,3.1,2.7,2.5,2.4
5350412.15,7.7,104533,44928,5.2,4.8,4.7,4.7
5350412.18,6.3,126635,48768,5.3,5.1,3.7,3.8
5350412.19,8.1,99684,40064,6.1,5.2,3.7,3.4
5350412.2,8.6,94784,43296,5.7,5.4,3.7,3.6
5350412.21,x,x,x,x,x,x,x
5350412.22,8.1,98005,46336,8.3,7.5,6.4,5.9
5350412.24,8,96654,50048,8.2,7.6,6.8,6.5
5350412.25,7.3,100096,41088,8,7.1,5.5,5
5350412.26,8.5,96628,48128,8.1,7.3,6.1,5.9
5350413.01,3.8,109966,51840,7.4,6.8,5.3,5.1
5350413.02,6.6,102336,49024,8.1,7.1,6.3,5.7
5350420.03,12.4,55859,30656,21.9,20.9,16.5,16.7
5350420.05,10,59251,34645,20.9,20.2,15.8,16.6
5350420.06,8.2,90982,43776,12.2,11.7,9.8,10.1
5350420.08,15.8,50224,36032,22.6,22.1,17.1,18.7
5350420.09,16.3,47716,27819,28.7,25.9,22.6,21.6
5350420.1,4.7,108800,17600,14.9,13.7,13,12.7
5350420.11,5.4,113451,30656,13.1,13.1,11.3,11.8
5350420.13,7.6,60736,39296,20.9,19.5,16.9,16.3
5350420.14,8.4,60896,42880,21.3,19.2,16.6,16.3
5350420.15,7,82389,35200,19.4,19.4,16.9,17.2
5350421.01,6.1,82784,38144,13.8,14.4,11.4,12.1
5350421.04,15.8,56544,34944,17.8,18,13.7,14.8
5350421.05,8.1,87040,45440,11.3,11.2,8.5,9.2
5350421.06,13.2,63552,36864,16.2,15.6,11.6,12.1
5350421.07,6.7,96358,39936,11.2,11.2,9.1,9.2
5350422.02,15.9,50645,25280,25.4,22.4,19.4,18.4
5350422.03,6.6,88875,38528,13,12.6,10,10.1
5350422.04,6.3,90661,34944,16.8,15.7,13.5,12.8
5350422.05,6.6,87450,28288,17.8,17.5,14.2,14.5
5350422.06,16.8,46413,20288,28.2,22.7,23.2,20.9
5350423.01,6.6,84275,36907,11.3,11.4,9.7,10.3
5350423.02,7,81152,32768,13.2,12.3,11.1,10.5
5350424.04,7.3,92992,34560,12.1,11.9,8.3,8
5350424.05,11.1,71452,28224,17.9,15.4,13.3,12.3
5350424.07,5.7,92774,45472,13.5,13,10.8,10.7
5350424.08,6.1,101461,34560,10.8,10.3,9.1,8.8
5350424.09,8.3,80786,36992,13.6,13.8,11.3,11.9
5350424.1,6.1,101339,46976,8.2,8.6,6.2,6.4
5350424.11,7.1,89670,37461,12.6,12.3,9.7,9.8
5350424.13,4.5,85675,30144,14.6,15,9.6,10
5350424.14,5.9,94397,48768,11.7,11.3,9,9.1
5350424.15,6.1,88371,46240,13.8,13.5,10.7,10.6
5350424.16,5.9,95963,44160,12.9,12.7,10.6,10.6
5350430.03,9,87133,40192,7.5,7.1,4.1,4.2
5350430.05,8,92896,43392,7.2,6.9,2.8,3
5350430.06,7.4,90816,50752,7.8,7.1,3.2,3.4
5350430.07,8.6,79898,38016,9,8.4,4.1,4.6
5350430.08,9.6,80256,34048,9.4,8.4,4.4,4.6
5350431.01,9.8,88096,47136,7,8.4,3.4,4.7
5350431.02,5.4,99755,36992,9.6,9.4,4.2,4.6
5350440,4.3,93617,47808,9.4,9.7,7.1,7.8
5350441.02,9.1,63923,35072,13.2,12.8,10.6,10.9
5350441.03,5.6,96768,40128,7,6.7,6.4,6.3
5350441.04,4.4,117760,41216,7.3,6.4,5.6,4.9
5350442.02,12.1,67072,32320,14.8,13.1,11.7,10.9
5350442.03,3.5,121344,45248,5.2,5.1,4.3,4.4
5350442.04,8.4,87808,38784,7.5,6.1,6.7,6.5
5350442.05,6.7,84154,48000,8.1,7.5,6.2,6
5350442.06,5.7,94149,51680,9.7,9.4,7.2,7.4
5350450.02,13.4,63744,27328,14.3,11.7,11.3,9.9
5350450.03,9.2,80213,41536,9.8,8.8,7.7,7.2
5350450.05,6.8,91989,44672,8.8,7.8,6.9,6.6
5350450.06,4.7,114074,34816,9.4,9.3,7.8,7.9
5350451.01,14.4,61312,21792,15.7,11,12.2,9.5
5350451.02,12.9,56384,33109,13.9,13.6,11.7,12.7
5350451.03,10.7,78771,35115,9.6,8.6,7.5,7.4
5350451.05,6.4,104858,26656,8.5,7.6,6.7,6
5350451.06,6.3,90734,51115,8.7,7.8,6.8,6.2
5350451.07,5.9,93147,57984,7.3,6.7,5.7,5.4
5350452.01,12.4,68238,37504,11,11.1,8.9,9.2
5350452.02,13.8,60864,32032,14.5,13.1,13.1,12.8
5350452.03,10.8,73472,28715,10.1,8.9,8.4,7.9
5350452.05,7.4,93133,48448,10.6,10,8.2,8
5350452.06,8,88533,48256,9.8,8.8,8.2,7.7
5350452.07,7.8,99669,45184,5.2,4.6,4.7,4.4
5350455,7.8,86601,38229,7.9,7.4,2.7,2.9
5350456.01,7.7,98261,43072,5.3,5.1,3.1,3.4
5350456.02,8.8,87276,37024,7.4,6.7,6.1,5.5
5350456.03,9.3,87757,38144,6.4,6,4.3,4.1
5350460.01,5.6,106432,39616,7.1,6.3,3.3,3.4
5350460.02,4.2,84480,36608,11.1,11.1,5.2,6.2
5350461.01,5.7,112992,36448,6.4,5.5,2.8,2.7
5350461.02,6.6,89746,40960,7.2,6.8,3.4,3.3
5350470,11.4,74650,32512,8.5,7.9,2.3,2.9
5350471,12.7,70528,33664,12.2,11.7,4.5,5.6
5350472,10.4,74272,41838,9.8,8.7,4.3,4.7
5350473.01,10.4,81997,23328,8.6,7.4,3.8,4.4
5350473.02,11.9,70802,33792,13.7,11.7,5.6,5.7
5350473.03,13.2,68023,31104,10.8,10,5,6
5350474,10.7,73440,37056,9.7,9.3,3.8,4.3
5350475,16.2,60301,28736,14.5,13.1,6,7.3
5350476.01,18.3,41088,18048,...,...,...,...
5350476.02,14.1,62336,34432,14.9,14.4,4.2,5.3
5350480.01,15.8,57941,31083,11.9,9.6,5.7,5.9
5350480.02,9.6,85811,31616,9.2,7.7,3,2.8
5350481.01,8.9,87753,45312,7.8,6.3,2.8,2.6
5350481.02,12.6,69291,34688,9.3,8.4,4.3,4.9
5350482,8.7,89600,38592,7.6,6.8,2.6,2.6
5350483.01,9.8,74673,38784,7.7,6.9,3.1,3.1
5350483.02,12.9,75543,38784,8.5,8.2,3,3.4
5350484.02,8.7,83136,38613,6.9,5.8,2.8,2.9
5350484.03,19.9,71258,43904,5.7,7.4,1.9,3
5350484.04,8.8,86272,38272,9.1,8.7,4.5,5.2
5350485.01,10,77166,41941,8.8,7.5,4,4.3
5350485.02,12.4,64784,32384,9.7,7.9,4,4.7
5350500.01,12.5,48597,33312,20.5,18.5,15.6,15.1
5350500.02,14.2,54357,31920,18.8,18.1,15.6,15.8
5350501.01,8.9,70656,45491,9.4,8.7,7.2,7.2
5350501.02,5.2,97443,41856,7.8,7.3,7,6.9
5350502.01,10.8,71454,39253,10.7,9.3,8.9,7.7
5350502.02,13.3,68181,26816,10.2,6.2,7.1,5.2
5350503,12.4,64358,37717,14.3,13.5,11.9,12.2
5350504,8.3,89344,48832,8.7,7.6,7.5,7.1
5350505.01,3.5,140753,60288,4.5,4.7,3.7,4
5350505.02,2.7,151744,58496,6.7,6.7,5.9,6
5350506,2.3,167936,45952,4.4,4.4,3.3,3.5
5350507,5.8,97650,42176,7.2,7.5,6.6,7.2
5350508,10.1,82688,32320,8,7,6.1,6
5350509.01,9.9,76089,41600,7.1,6.4,6.2,6
5350509.02,9.5,85248,44672,5.1,5.3,4.3,5.1
5350510,9.4,91477,35488,6,5.8,5.1,5.2
5350511.01,16.9,46592,32512,29.2,26.2,23.3,21.7
5350511.02,14,63730,34112,14.2,13.8,12.2,12.6
5350512,15.7,52144,27797,24.2,22.5,19.7,18.9
5350513.01,8.5,83552,39782,9.6,10.3,7.8,8.8
5350513.02,18.7,48491,22912,25.4,22.9,19.5,18.7
5350513.03,10.4,53650,29645,22,20.4,17.4,17.2
5350513.04,10.8,86477,35712,7.9,8,7.1,7.3
5350514.01,3.6,135168,70912,7.3,8.5,5.6,6.4
5350514.02,10.5,58176,24992,29.5,26.6,22.1,20.8
5350515.01,9.7,87467,43904,6.7,6.6,5.7,6.1
5350515.02,10.1,74189,33408,11,10.6,9.2,9.3
5350516.01,8.3,91827,35968,6.9,5.4,5.1,4.5
5350516.02,8.5,87808,46560,6.7,6.1,5.4,5.2
5350516.03,10.6,68659,42112,10.1,8.5,7.4,6.6
5350516.04,12.5,55424,36779,18.8,16.4,14.3,13.4
5350516.05,10.4,73779,43712,11.9,10.2,9.4,8.6
5350516.06,12.6,69433,31578,11.6,9.6,9.1,7.7
5350516.08,14.3,60526,26496,18.3,14.3,13.5,11.2
5350516.09,11.6,73519,43328,12.4,12.3,9.5,9.7
5350516.11,5.7,109440,50219,7.3,7.4,5.7,6.3
5350516.16,9.7,76345,49280,14.7,18.1,13.1,17.4
5350516.17,9.8,71520,44928,16.4,15.2,13.3,12.7
5350516.18,9.1,91776,44160,8,7.7,6.2,6
5350516.2,6.8,102074,45952,5.8,5,4.5,4.1
5350516.21,6.6,105088,48768,6.3,5.8,4.1,4.3
5350516.22,5.9,101536,47232,7,5.7,4.9,4
5350516.23,6.8,105911,50176,6.3,5.3,4.5,3.6
5350516.24,7,109312,54656,5.6,5.4,4.4,4.3
5350516.25,9.1,83968,20992,13.7,12.8,10.9,10.4
5350516.26,10.1,86613,33664,14.4,12.6,10.4,9.4
5350516.28,6,94336,56256,10.9,9.8,8.3,7.8
5350516.29,8.6,79701,24320,19.1,16.3,15.2,13.4
5350516.3,4.4,110820,51584,9.9,9.4,7.4,7.2
5350516.31,9.7,98240,45696,6.1,6.5,5,6.2
5350516.32,5.3,100565,51328,6.9,5.6,5.7,4.7
5350516.37,11.1,63264,39040,16.6,14.5,13.7,12.5
5350516.38,7.8,81692,48043,15.5,13.2,12.7,11.4
5350516.39,7.7,95659,47744,8.3,7.9,6.6,6.3
5350516.4,6.2,98176,51840,7.3,6.4,5.4,4.9
5350516.41,7.5,80185,48213,16.3,13.7,13.2,11.2
5350516.42,7.6,88576,46656,13,11.7,9.9,9.1
5350516.43,7.6,76339,43904,14.8,12.8,11.2,10
5350516.44,6.5,85824,48512,17,14.6,14.1,12.3
5350516.46,6.1,103680,43904,12.3,11.4,9.6,9
5350516.47,6.6,97536,46976,13.7,12.7,10.4,10.1
5350516.48,8.2,84261,44672,16.9,15.1,13.3,12
5350516.49,7.3,77312,48192,18.5,16.7,14.6,13.4
5350517,8.6,84864,48000,11.9,11.8,9.8,9.9
5350518,17.5,49810,22432,25.7,23.6,20.6,20.2
5350519,13,70656,33728,12.7,11.5,10.8,10.9
5350520.01,16.3,67214,29120,16.1,15.2,12.5,13
5350520.02,12.1,67182,33984,19.5,17.9,16.1,15.6
5350520.05,14.9,61330,32192,16.6,15.6,12.5,12.7
5350520.07,16.1,47653,27157,32.6,28.5,25.5,23.4
5350520.08,10.7,68070,23130,16.6,13.5,13.3,11.8
5350520.09,9.6,53539,44743,27.9,24.9,22.2,20.7
5350520.1,9.9,54480,48299,30.4,28.3,26.4,25.4
5350521.01,15.2,52817,38869,24,21.3,19.6,18
5350521.02,13.5,75605,35712,8,7,6.7,6.5
5350521.03,14.3,69348,35456,14.5,12.9,11.7,10.7
5350521.04,13.6,63680,38240,15.9,14.1,11.6,10.5
5350521.05,15.3,50375,31147,19.5,17.6,14.9,14.6
5350521.06,17.6,46062,24960,29.4,22.4,23.7,19.2
5350522,14.7,66731,31936,13.6,13.4,10,10.2
5350523,15.6,54290,32992,19.3,18,15.5,15.3
5350524.01,13.2,66133,29376,16.5,12.3,12.5,10
5350524.02,16.2,53867,33248,17.7,17.7,13.7,14.7
5350525.01,17,56576,31552,23.3,21,18.7,16.4
5350525.02,18.8,47424,25216,26.2,22.4,18.8,17.7
5350526.01,16.3,55150,30272,22.2,19.8,17.1,15.8
5350526.02,11.7,53504,32128,27.3,24.6,19.5,18
5350527.01,9.4,52332,37856,27.8,28,25.2,25.9
5350527.02,13.7,73877,35968,12.3,11,9.4,9.1
5350527.03,10.5,58656,42222,21.7,21.3,18,18.5
5350527.04,8.9,84070,41024,8.9,8.5,7.1,6.9
5350527.05,12.5,75904,39322,9.3,8.6,7.1,6.8
5350527.06,12.3,79104,28160,11.1,9.7,8.5,8.3
5350527.07,14.7,67129,33621,14.7,12.3,10.4,9.4
5350527.08,11.4,84096,25728,10,8.8,9.2,8.8
5350527.09,10.7,83712,39723,11.7,10.7,9.2,9.2
5350528.01,9.3,85408,23539,12.8,9,8.9,7.4
5350528.02,10.5,84966,22144,13.7,11.2,10.3,9.1
5350528.1,10.8,85555,36480,12.5,11.1,10.6,10.1
5350528.11,13.7,53394,42880,24.8,24,18.6,19.3
5350528.12,10,96768,33664,9.8,8.8,7.9,7.6
5350528.13,7.4,107648,48224,7.2,6.7,5.8,5.6
5350528.15,8.6,89344,33472,14.9,13.2,11.7,10.7
5350528.16,9.2,83797,30784,14.5,12.3,11.4,10.2
5350528.18,8.9,89941,41344,10.5,9.3,8.2,7.7
5350528.19,10.9,81600,39616,11.4,10.2,10,9.8
5350528.2,14.1,76937,38720,11.8,10.9,9.1,9.5
5350528.21,18.2,52275,22848,21.4,17.9,17.6,17
5350528.22,15.3,66411,34560,17,16.9,15,16.7
5350528.24,11,85065,29792,10.4,10.2,7.8,8.1
5350528.25,9.9,71893,36096,15,13,12.5,11.4
5350528.26,13.3,53414,29952,25.4,20.9,20.2,17.6
5350528.31,19.6,56141,27435,17.4,17.4,15.8,18.5
5350528.32,7.5,101339,51584,8.9,7.5,7.5,6.8
5350528.33,7.2,100143,45696,8.4,7.9,7,6.7
5350528.34,6.8,82976,44416,8.1,7.4,6.4,6
5350528.35,8,92672,44160,8.5,7.5,7.2,6.6
5350528.36,14.9,68422,22944,18.3,18.5,15.2,16.9
5350528.37,7.3,96000,52800,7,6.3,5.7,5.6
5350528.39,5.3,99182,55424,6.2,5.2,4.6,4.1
5350528.4,5.7,105856,44160,7.6,6.6,5.8,5.3
5350528.41,9.4,84169,29120,12.1,10.8,10.1,9.5
5350528.42,9.9,87360,44288,13.3,11.6,11.4,10.2
5350528.43,9.2,82091,38272,11.9,10.3,9.1,8.5
5350528.44,8.8,93824,41088,6.7,5.8,5.8,4.8
5350528.45,12.3,67755,20032,20.3,16.6,15.3,12.9
5350528.46,9.2,85547,46336,13.2,11,11.2,9.7
5350528.47,9.3,85931,28224,13.6,10.5,10.7,8.9
5350528.48,9.6,90405,45056,11.3,9.7,9.4,8.5
5350528.49,5.4,106935,48640,6.8,6.4,6.8,6.6
5350529.01,18.2,56000,27563,22.4,20.1,19,18.5
5350529.02,20.6,53077,21717,24.9,21.4,19.3,17.9
5350530.01,20.9,54554,29856,25.9,23.8,20.8,20.5
5350530.02,21.5,49963,23776,24,20.1,17.5,16
5350531.01,20,52480,29120,23.4,21,19.2,18.4
5350531.02,18.9,65621,31136,15.8,14.8,13,13.3
5350532.01,19.1,61824,31168,18.4,17.3,15.3,15.7
5350532.02,19.1,60774,24256,21.2,19.8,18.4,18.3
5350540.01,11,49329,35776,19.6,17.1,16,15
5350540.02,6.7,60240,39296,14.7,15,12.6,13.5
5350550.01,8.9,80935,45504,8.3,7.8,6,6
5350550.02,10.2,73356,36773,10.8,9.7,8.4,8.2
5350560,14.1,67200,34816,11.1,9.7,8.6,8.2
5350561,13.5,61980,38400,13.2,11.4,10.3,9.4
5350562.02,11.4,85559,37824,6.4,5.7,5.6,5.7
5350562.03,13.7,69888,39680,12.1,10.3,9.1,8.3
5350562.04,13.4,76877,41856,10.3,9.1,8.3,8
5350562.05,15.4,59150,40768,13.5,12.1,10.4,10
5350562.06,11.3,86080,43712,7.7,7.6,6.4,6.8
5350562.07,13.5,74854,36352,11.2,9.8,9.6,9
5350562.08,12.9,72229,40576,8.5,7.4,7.2,6.9
5350562.09,14,74752,40064,9.2,7.6,6.6,5.8
5350562.11,10.5,78912,44288,8.8,7.6,7.1,6.6
5350562.12,18.2,50496,35639,25.4,22.3,18.8,17
5350562.13,12.9,71680,34688,10.8,9.2,7.8,7.8
5350562.14,10.7,92979,39616,6.8,6.3,5.4,5.3
5350562.15,12.3,81664,40320,11.9,10,9.4,7.9
5350563.01,24.4,42391,23872,33.6,28.5,23.9,20.8
5350563.02,14.3,70059,38144,10.8,9.4,8.7,8.3
5350564.01,13.8,78016,36992,9.9,8.4,8.2,8.7
5350564.02,15.5,66304,39040,16,13,13.5,11.9
5350570.01,17.5,48160,34389,23.6,20.1,18.8,16.9
5350570.02,9.8,91867,42880,3.7,3.2,3,3.2
5350571.01,17.8,52907,35584,22.6,20.2,17.5,16.3
5350571.02,12.5,71424,39296,8.6,7.8,7.3,7.8
5350572.01,13.3,64051,32747,15.5,13.5,12.6,11.9
5350572.04,13.4,69171,34432,10.4,9.9,10.9,11.7
5350572.05,15.5,51072,32555,23.5,20.8,20.4,19.5
5350572.07,12.6,75366,40320,13.6,12.7,12.1,12.4
5350572.08,12.9,73830,30432,16.8,17.4,15.5,17.7
5350572.09,9.8,81351,45952,10.1,8.1,7.3,6.1
5350572.1,11.6,82347,32512,10.6,8.8,8.2,7.3
5350573.03,13.1,72683,27456,12.4,9.8,10,8.9
5350573.05,13.6,75205,33152,8.3,7.3,7.5,7.6
5350573.06,10.7,77312,50496,6.2,5,4.8,4.4
5350573.07,14.6,58816,34304,15.6,13.2,12.8,11.8
5350573.09,12.4,79317,35456,12,9.7,9.5,8.4
5350573.1,10.2,88013,51541,7.7,7.1,6.1,6
5350573.11,10.9,83029,37589,10.2,8.6,6.8,5.9
5350574,13.6,49465,32768,17.3,14.2,14.3,13.3
5350575.01,18.6,60544,27808,16.1,12.9,12.6,11.7
5350575.02,16.8,49203,29664,22.6,20,17.7,16.5
5350575.03,15.5,65792,33664,16.1,14.2,14.1,12.9
5350575.04,14,68372,37163,10.7,9.5,10,9.3
5350575.05,11.9,72768,40853,10.7,9,8.2,7.8
5350575.07,9.1,87296,61184,7.4,6.1,5.6,5.3
5350575.08,11.6,76497,39488,13.8,11.3,10.4,8.9
5350576.04,7.7,98759,43520,4.9,4.4,4.6,4.5
5350576.05,12.4,77682,40832,12.5,11.1,10.6,9.8
5350576.06,9.7,83729,46720,9.1,7.8,7.3,6.3
5350576.07,10.6,82688,38016,10.5,9.7,8,7.7
5350576.09,8.1,91552,46208,4.9,4.2,4.4,4
5350576.1,13.7,74445,39552,11.5,10.3,9,8.4
5350576.16,12.1,85760,37760,10.6,9.5,8.1,7.8
5350576.17,12.3,82404,45056,9.8,8.6,6.9,6.4
5350576.2,12.9,78706,36224,12.9,11.4,9.7,9.1
5350576.22,12.2,84096,32768,10.1,8.7,7.6,7.4
5350576.24,9.1,107191,41216,7,6.4,5.7,5.7
5350576.29,10.7,80538,54400,10.6,9,7.3,6.7
5350576.31,7.9,103808,28800,5.5,3.5,4.4,3.5
5350576.32,8.4,94720,46848,5.7,5.1,4.8,4.5
5350576.33,9.3,92245,39424,6.2,5.4,5.2,4.8
5350576.34,10.5,81357,49280,9,7.6,7.1,6.5
5350576.4,11.6,85295,38784,10.8,9.4,7.9,7.4
5350576.41,9.8,87987,49088,9,8,7.7,7.2
5350576.42,9.3,85413,49280,8.7,7.6,7.1,6.8
5350576.43,10.5,83861,44864,10,8.5,7.4,6.7
5350576.44,9.8,90112,45696,6.7,5.8,5.2,5
5350576.45,11.7,83776,26688,10.4,9.7,8,7.7
5350576.46,12.6,77970,37504,11.3,10.1,8.2,7.9
5350576.47,9.3,111552,49152,7.4,6.8,5.8,5.5
5350576.49,11.6,83549,48896,12.4,11,9.8,9.1
5350576.5,10.2,86432,45995,8.5,7.6,6.1,5.8
5350576.52,10.3,84736,46720,7.9,6.6,7.3,6.6
5350576.53,9.1,85146,50368,10,8.3,7.1,6.4
5350576.54,10.3,88149,53312,7.6,6.9,5.7,5.4
5350576.55,11.5,88905,46976,10.6,9.4,7.8,7.4
5350576.56,11.6,93798,40320,8.9,8.2,6.8,6.6
5350576.57,13.6,70997,40768,9.3,9,7.3,7.8
5350576.58,11.3,78021,45696,12.6,10.8,8.6,7.8
5350576.59,11.8,84539,41216,9.1,8,6.4,6
5350576.6,11.6,84000,50048,10.6,9.2,8.1,7.4
5350576.61,12.1,83474,44416,10.6,8.7,7.8,6.7
5350576.62,13.5,85952,34048,9.3,8,7.1,6.6
5350576.63,10.6,96179,47680,8.3,7.2,7.3,7
5350576.64,10.9,95291,44416,8.3,7.7,6.8,6.6
5350576.65,12.4,77141,61056,14,11.6,8.9,7.3
5350576.66,13.2,86400,41344,9.9,8.4,7.9,7.3
5350576.67,11.8,87782,43392,9.1,7.9,6.6,5.9
5350576.68,10.1,96717,27200,7.6,6.6,5.6,4.7
5350576.69,11.1,89856,35968,9.2,8.4,7.2,6.9
5350576.7,9.2,83956,53120,10.6,9.1,7.2,6.4
5350576.71,8.5,96123,45568,8.5,7.6,6.2,5.7
5350576.72,8,89805,27968,10,8.5,7.5,6.7
5350585.02,9.5,89376,40064,5.9,5.7,2.3,2.3
5350585.03,9.9,81306,35680,6.7,5.6,3,3.2
5350585.05,6.8,100523,49331,4.8,4.2,1.9,1.8
5350585.07,7.4,100582,39520,5.4,5.1,2.3,2.8
5350585.08,5.1,120064,43584,5,4.7,2.6,2.9
5350585.09,8,95258,38528,4.7,4,2.4,2.5
5350585.1,9.5,86930,40320,5.2,4.5,1.9,2.2
5350586.01,7.7,98176,49344,5.9,4.9,3.4,3
5350586.02,7.5,87552,41088,8.7,7.8,2.4,2.7
5350587.01,6.5,104448,41088,5.4,5.2,2.3,2.7
5350587.02,6.3,96610,41600,6.6,6.4,3.5,4.1
5350590,15.8,56107,27840,14.7,13.2,8.1,9.6
5350591.01,7.9,86345,49152,4.5,3.9,3.1,3.1
5350591.02,9.9,76231,42496,6,4.8,3.1,3
5350592.01,13,59253,29163,12.7,11.9,6.8,7.7
5350592.02,8,94560,44928,4.8,4.2,2,2.4
5350593,7.3,98327,41771,6.6,6.6,2.7,3.1
5350600.01,3.1,141653,52864,6.7,6.8,5.7,5.8
5350600.02,6.5,108544,50560,7.9,6.6,6.1,5.3
5350601,1.7,160085,53376,6.1,6.2,5.1,5.1
5350602,1.9,121190,50816,6.4,6.4,5.9,6
5350603,12.8,46976,28160,20.8,16.2,17.2,14.8
5350604,4.5,70315,40064,11.8,13.5,10.2,12.2
5350605,3.3,97792,46848,9.2,9.6,8.4,9.3
5350606,12.3,57779,30272,15.7,15.7,12.1,12.8
5350607,7.5,86601,42496,6.2,6.1,5.6,6.1
5350608,9.1,79701,38784,8.3,8,8.7,9.3
5350609,4.2,116480,41728,8.1,8.5,6.6,7.2
5350610.02,4.1,116139,52672,7.2,7,5.7,5.7
5350610.03,11.2,62534,40747,11.2,13.6,9,11.9
5350610.04,11.7,70656,33707,10.4,8.4,7.7,7.1
5350611,8.2,95437,43136,6.4,6.9,5.2,6.1
5350612.01,x,0,x,x,x,x,x
5350612.03,5.2,103936,40704,12.1,10.6,9.5,8.6
5350612.05,5.3,101120,41728,11.8,10.4,9,8.5
5350612.08,7.1,95907,39296,11.6,10.1,9.9,9.2
5350612.1,x,x,x,x,x,x,x
5350612.11,3.5,122163,57472,6.4,5.8,5.1,4.7
5350612.12,4.5,116309,43904,5.6,4.8,4.8,4.4
5350612.13,5.7,92388,46976,7,6.6,5.8,5.8
5350612.14,5.1,95296,45184,9.5,8.6,7.9,7.2
5350612.15,4,114213,62080,10.5,10.1,9,8.9
5350612.18,4,107200,62592,7.1,6.1,6.3,5.2
5350612.19,4.9,99328,50048,9.8,8.5,7,6
5350612.2,4.1,114036,62080,7.5,6.8,6.4,5.9
5350612.21,4.2,104832,56128,10.2,9.2,8.4,7.7
5350612.22,4.3,109824,64448,9.6,9.2,7.3,7
5350612.23,4.3,109531,62080,7.1,6,6,5.3
5350612.24,3,126413,44928,10.2,10.2,8.1,8.1
5350612.25,4.1,125376,47168,7.7,7.3,6.6,6.3
5350612.26,5.8,63936,47659,16.6,14.1,14.1,12.6
5350612.27,5.4,100000,46592,7.8,7.3,5.8,5.3
5350613.01,9,81006,38485,9.4,8.3,8.3,8.7
5350613.03,11.4,63232,32416,14.3,14,12.2,13
5350613.04,12.1,55753,32736,22.5,26.9,22.6,29
5350614.01,6.2,97938,52309,5.4,5.7,4.3,4.5
5350614.02,8.3,91136,40384,6.1,5.9,4.8,5.3
5350615,4.7,98926,56576,12.7,11.9,10.3,9.9
5350620.01,6.9,84429,49152,8,6.9,3.3,3
5350620.05,4.9,114976,60288,4.7,4.6,2.6,2.9
5350620.06,7.5,83651,58752,10.4,9.2,4.9,4.5
5350620.07,5.2,109056,55936,7.3,6.6,4.1,4.1
5350620.08,6.8,88485,51712,9.7,8.2,4.2,3.8
5350620.09,6.2,92501,59008,7.5,6,4,3.4
5350620.1,6.5,99448,58816,9.1,8.3,5,4.7
5350620.11,6.4,88328,57472,9.9,8.6,5.1,4.8
5350620.12,6.9,90296,54059,10.7,9.2,5.8,5.3
5350620.13,9,80896,40832,8.3,8.3,3.4,4.2
5350621,9.5,89242,37696,4.4,3,2.3,2.2
5350622,9.9,77056,40363,8.9,7.9,5.1,5
5350623,14.4,56064,31168,11.5,9.4,6.3,7.4
5350624,9.9,78962,39232,6.6,6.4,3.5,4
5350625,9.5,69888,39552,9.8,9.8,6.1,5.9
5350626,5.9,103168,42400,6.2,6.7,3.4,3.9
5350630,8.9,87450,41856,9,8.6,2.8,3
5350631.02,4.7,114048,55680,3,2.8,1.6,1.6
5350631.03,3.3,129894,47232,3.1,2.7,1.8,1.6
5350631.04,4.9,117333,53056,2.7,2.2,1.3,1.2
5350632,10.9,79296,36480,5.9,4.9,2.4,2.6
5350633,9.4,69120,42624,6.7,6.1,3.1,3.9
5350634.01,5,108192,51072,2.8,2.7,1.8,2
5350634.02,10.7,78677,35520,5.2,4.3,2.9,3.2
5350635,9.8,73011,31504,7.8,6.1,3.6,4.2
5350636,7.4,86016,40405,5.6,6.3,3.6,4.4
5350637,5.7,101845,39595,5,4.8,2.3,2.3
5350638,11.8,71005,35328,7.2,6.2,3,3.5
5350639,8.1,87881,38059,5.3,4.5,2.5,3
5350800.01,10,67328,41856,10.6,9.3,8.4,7.8
5350800.02,13.3,67072,33344,10.1,9.3,8.3,8.1
5350801.01,11.9,73830,37845,7.8,7.4,6.8,7
5350801.02,7.4,98267,45696,5.1,5.2,4,4.4
5350802.01,8.5,92800,46400,7.8,7,5.7,5
5350802.02,7.1,104960,51584,4.5,4.4,3.7,3.9
