S_CTUID,1871,1872,1930,1931,1932,1933,1937,1938,1939,1940,1941,1942
5350001,73.5,6.2,330,140,10,110,330,45,95,95,55,45
5350002,61.7,9.8,275,65,10,85,275,40,20,85,45,85
5350003,73.8,7.5,280,125,15,115,280,0,110,85,45,45
5350004,61.9,9.8,3270,670,95,1795,3270,295,870,1045,520,540
5350005,66,7.4,3405,845,60,1685,3405,370,995,1200,420,425
5350006,x,x,x,x,x,x,x,x,x,x,x,x
5350007.01,69.7,7,1830,435,35,945,1830,210,480,570,260,305
5350007.02,62.2,9.8,2395,535,20,1245,2395,255,660,755,350,375
5350008.01,90.1,3.2,5850,2250,215,1870,5845,630,1685,2130,885,520
5350008.02,80.1,5.3,6785,2115,195,2520,6785,580,2495,2370,745,600
5350009,51.9,18.8,120,20,0,65,115,10,35,45,20,10
5350010.01,83,4,3495,1205,105,1175,3495,435,1250,1140,425,240
5350010.02,79.4,5,4875,1230,125,1335,4875,815,1930,1345,455,325
5350011,84.7,4.2,12975,2305,165,2695,12970,3560,5595,2210,905,700
5350012.01,78,6.6,7785,1775,200,2320,7785,860,3115,2360,755,700
5350012.03,81.9,4.4,6170,1230,70,1415,6170,1250,2545,1525,430,420
5350012.04,78.5,5.7,3230,705,50,985,3235,430,1520,840,205,240
5350013.01,77.8,4.3,4300,700,70,1095,4300,1360,1645,790,285,225
5350013.02,71.7,4.8,4750,1230,70,1075,4750,965,2085,1005,355,335
5350014,74.4,3.5,675,120,10,120,680,305,215,90,35,30
5350015,71.1,6.6,2220,290,35,600,2220,740,845,385,120,125
5350016,80.4,4.2,6605,1535,110,1930,6600,1315,2930,1430,510,415
5350017,67.1,6.8,4300,1090,125,1245,4300,765,1725,1140,340,335
5350018,72.6,9.9,1325,490,55,465,1325,215,490,390,145,95
5350019,62.9,7.5,1535,520,90,625,1530,210,430,505,195,180
5350020,63.8,3.8,1055,630,60,270,1060,85,430,290,170,85
5350021,68.1,7,2565,1205,115,805,2565,380,695,675,465,340
5350022,68.1,5.5,1815,940,145,445,1815,275,575,500,305,155
5350023,65.4,6.9,1410,770,90,395,1415,180,380,400,310,140
5350024,70.7,4.9,3375,1620,180,1080,3370,380,980,1135,555,325
5350025,67.5,8,1615,750,45,640,1620,200,405,570,255,180
5350026,66.1,6.6,3145,1115,140,1320,3145,375,920,960,485,410
5350027,63,6.9,2080,720,100,835,2080,235,650,680,265,250
5350028.01,83,4,825,310,35,310,820,115,320,205,105,75
5350028.02,72,5.2,3205,1340,130,1165,3205,355,935,1215,415,290
5350029,63.2,5.7,3280,1060,165,1310,3280,385,1160,935,430,375
5350030,64.2,8.7,2225,590,60,965,2230,255,865,665,185,260
5350031,51,10.5,2505,540,55,1280,2510,295,790,750,315,355
5350032,56.8,8.5,2065,300,25,755,2065,345,765,550,160,250
5350033,48.3,14.1,1750,360,30,610,1755,285,735,460,105,170
5350034.01,66.4,9.9,2340,365,35,860,2340,465,1065,435,175,190
5350034.02,66.5,8.2,2755,465,65,765,2755,555,1110,610,215,250
5350035,58.9,8.5,4845,665,40,1115,4845,1550,1955,745,270,330
5350036,63.7,5.7,2935,395,40,700,2935,800,1230,460,190,255
5350037,57.3,11,2080,175,40,560,2085,600,820,380,145,140
5350038,58.8,7,1725,260,45,445,1720,355,625,445,150,150
5350039,48,10,1665,270,40,540,1665,320,490,525,125,195
5350040,60,6.8,2120,540,65,650,2120,255,740,655,220,250
5350041,67.9,6.5,1905,470,70,590,1900,280,775,490,205,150
5350042,67.1,5.3,2310,540,85,785,2310,330,770,745,250,215
5350043,66.4,5.9,1920,525,95,580,1920,305,760,530,180,150
5350044,79.3,5.5,5540,1600,160,2120,5540,600,1930,1770,715,530
5350045,68,7.3,1775,465,60,685,1775,280,575,515,215,190
5350046,61.5,8.5,1650,490,55,645,1655,180,470,525,240,240
5350047.02,55.3,10.1,1635,455,50,690,1640,175,425,465,265,305
5350047.03,75.6,4.6,395,175,0,110,400,45,135,120,50,45
5350047.04,72.5,4.2,1460,510,55,500,1460,170,450,485,200,155
5350048,70,5.3,1770,535,30,715,1770,205,505,575,330,160
5350049,75.1,4.4,1725,655,50,605,1730,175,510,630,260,150
5350050.01,66.5,6.6,4420,2330,180,1625,4420,320,1040,1620,975,470
5350050.03,75.7,6,605,325,15,235,605,25,140,250,135,65
5350050.04,64.1,6.3,2285,950,50,1040,2285,260,510,915,420,185
5350051,72.2,5.6,2900,1050,50,1220,2900,285,825,1030,485,275
5350052,69.8,7.3,2050,665,60,830,2055,245,615,735,250,200
5350053,67.8,7,3195,950,90,1530,3195,280,870,1135,520,385
5350054,66.4,8,3100,705,95,1480,3105,350,965,1005,395,390
5350055,73.4,5.8,1505,315,25,595,1500,205,590,365,180,155
5350056,67.2,8.1,2675,675,90,980,2670,325,895,860,290,300
5350057,69.8,8.2,1295,305,15,520,1295,205,460,400,110,120
5350058,68.4,5,2235,460,45,680,2235,325,865,630,205,200
5350059,67.2,8.1,1705,310,35,445,1700,330,665,430,145,125
5350060,68,9.2,1510,240,40,665,1510,255,540,475,145,100
5350061,48.6,4.3,290,35,15,150,290,85,85,50,30,35
5350062.01,53.6,12.9,2290,310,55,930,2290,480,985,470,150,205
5350062.02,52.5,11.8,4005,685,60,1375,4000,840,1745,895,235,290
5350063.03,73.1,8.6,3205,555,45,1410,3200,550,1165,925,345,215
5350063.04,66.6,9,1830,215,10,785,1830,310,735,410,145,225
5350063.05,70.2,8.2,2795,435,25,1330,2795,530,1150,625,230,260
5350063.06,66.6,9.2,2990,380,30,1250,2990,590,1240,670,215,275
5350064,73.7,7.2,2695,460,45,1160,2690,350,1020,790,275,255
5350065.01,71.8,9.1,1515,100,30,980,1515,170,510,440,205,195
5350065.02,52.6,12.5,5010,730,65,3090,5015,485,1460,1590,635,850
5350066,64.5,8.7,3940,625,55,1510,3940,525,1670,1060,360,330
5350067,67.2,7.4,860,280,50,220,860,145,320,275,55,60
5350068,68,6.4,1255,390,15,280,1255,230,480,365,95,85
5350069,69.2,5.2,2450,940,75,850,2450,285,935,765,270,200
5350070,69.9,6.2,1785,460,60,890,1785,215,620,620,205,130
5350071,69.8,4.4,1640,540,40,595,1640,270,585,535,155,100
5350072.01,56.2,9.7,1880,570,60,910,1875,205,550,640,270,210
5350072.02,64.3,6.9,1500,505,55,695,1500,140,415,565,245,125
5350073,60,7.8,1185,420,70,495,1180,125,335,375,165,185
5350074,62.1,8.2,1830,575,30,855,1830,180,440,585,305,325
5350075,63.3,7.2,1900,705,105,875,1895,145,495,785,310,165
5350076,64,7.3,2190,805,50,1055,2190,170,510,800,420,290
5350077,68.1,7.8,2160,925,70,845,2155,160,535,775,420,265
5350078,64.1,8.6,2820,1255,105,1120,2815,305,740,850,525,395
5350079,68.9,5.7,3505,1725,145,1235,3500,410,830,1165,700,400
5350080.01,67.6,5.7,1665,630,65,830,1665,150,390,580,355,195
5350080.02,55.6,13.8,2060,535,50,1225,2060,205,380,730,445,300
5350081,69.3,4.5,1460,485,65,735,1455,155,350,530,265,160
5350082,66.1,6.7,1315,480,55,615,1315,120,340,555,205,95
5350083,59.6,7.3,1840,580,35,940,1840,160,595,780,185,125
5350084,66.7,7.3,1705,485,35,865,1700,210,555,625,185,130
5350085,68.3,5.7,2155,625,70,1115,2155,175,765,775,250,180
5350086,63.4,8.2,1000,585,20,275,1000,165,440,280,75,35
5350087,54.8,5.7,2030,895,85,625,2035,375,985,425,145,95
5350088,59.8,5.8,1555,320,25,720,1560,280,595,385,135,155
5350089,59.6,4.8,1735,570,70,570,1735,390,775,340,175,60
5350090,62.6,5.4,1960,520,35,740,1960,395,815,475,175,105
5350091.01,62.2,7.6,2615,530,25,1095,2615,520,1125,590,215,160
5350091.02,66.7,8,1870,365,50,830,1870,235,765,570,155,140
5350092,72.4,7.7,4030,720,60,1920,4030,460,1735,1145,430,260
5350093,67.2,5.8,2700,585,50,1045,2695,330,1045,880,260,180
5350094,65.4,6.8,2525,790,90,1010,2530,265,795,855,355,255
5350095,67.7,4.9,1785,455,55,815,1785,145,560,615,235,225
5350096.01,57,7.6,780,225,15,350,775,75,250,245,110,95
5350096.02,62.4,7.7,1670,390,55,820,1670,145,460,605,250,210
5350097.01,65.6,7.8,2055,480,95,1035,2055,225,640,725,245,220
5350097.03,47.9,12.6,490,115,20,295,490,15,115,150,125,85
5350097.04,68.5,7.4,3105,1040,165,1490,3105,245,760,1115,535,450
5350098,64.4,6.5,3600,1145,145,1725,3600,205,985,1305,605,495
5350099,69.3,7.6,3520,1110,75,1890,3520,265,975,1340,590,360
5350100,71.8,6.1,1515,515,35,725,1515,105,310,650,305,140
5350101,74,5.3,1815,725,50,740,1815,200,450,600,330,240
5350102.02,64.6,7.6,2280,590,40,1450,2285,145,410,980,490,255
5350102.03,70.1,7.7,2110,660,50,1200,2110,95,405,850,490,265
5350102.04,68.6,5.3,305,110,10,155,305,20,105,85,60,30
5350102.05,68.1,5.2,390,135,10,190,390,50,55,155,95,35
5350103,64.3,6,2745,1060,50,1375,2745,195,560,1150,590,240
5350104,68.9,4.9,2595,1120,65,1135,2590,215,515,995,595,265
5350105,68.1,5.4,2275,795,55,1025,2270,285,395,725,635,235
5350106,66.9,5.9,1975,825,145,845,1980,175,355,625,430,395
5350107,59.9,6.8,2485,1030,215,1040,2485,160,505,795,485,540
5350108,56.3,9.9,2700,1040,200,1160,2700,275,520,965,465,470
5350109,69.3,7.8,3080,1185,180,1410,3080,230,770,1050,595,440
5350110,65.7,6.3,1930,860,105,755,1930,215,410,660,420,225
5350111,56.9,8.3,1165,535,140,420,1170,50,225,360,205,325
5350112,61.8,7.1,2695,1095,180,1140,2695,160,490,1035,515,485
5350113,68.2,7.8,1465,490,75,705,1465,105,420,555,200,180
5350114,61.7,4.7,2335,780,75,1080,2335,215,655,725,425,305
5350115,64,6.4,2035,715,75,830,2035,175,565,835,230,235
5350116,72.1,4.7,2225,695,45,1095,2220,195,800,795,260,180
5350117,66.6,6.9,1050,365,40,390,1050,105,480,275,150,35
5350118,61,6.1,1885,740,35,770,1885,260,710,680,170,70
5350119,62.6,6.8,2155,935,55,810,2155,285,785,715,260,115
5350120,67.4,3.8,630,215,20,245,635,75,335,135,35,50
5350121,62.1,6.6,1170,410,45,575,1165,170,550,295,70,80
5350122,63.3,4.5,3090,1070,75,1450,3095,450,1010,1110,295,220
5350123,72.6,9.4,1455,355,15,900,1455,85,370,655,230,110
5350124,60.5,6.8,2505,610,60,1385,2505,385,1045,650,205,220
5350125,64.5,4.3,1920,1020,110,525,1915,345,850,475,140,105
5350126,66.3,7.1,1840,940,95,610,1845,225,665,620,235,95
5350127,68.5,5.7,2505,1180,95,885,2505,325,730,920,320,205
5350128.02,70.2,6.1,4775,1385,95,2685,4775,525,1405,1805,620,425
5350128.04,68.1,6.1,2590,840,60,1365,2590,195,900,965,330,205
5350128.05,74.1,3.3,390,110,10,190,385,65,110,150,50,15
5350128.06,71.1,8,2530,515,20,1725,2530,150,740,1010,335,290
5350129,69.3,5.7,2875,975,85,1420,2875,320,930,1030,350,250
5350130,63.3,4.5,1440,885,40,365,1440,275,545,405,125,100
5350131,62.1,6.2,2400,1225,40,875,2400,305,1040,665,205,185
5350132,68.3,6.8,2660,1380,85,985,2660,390,855,935,315,165
5350133,63.7,8,3630,1530,100,1735,3630,350,900,1320,595,460
5350134,69.3,7.9,1405,745,95,430,1405,145,400,630,150,80
5350135,67.1,8,3060,995,70,1515,3060,375,835,1185,445,220
5350136.01,70.5,7.5,3640,1060,95,1965,3635,440,815,1310,615,450
5350136.02,66.3,6.6,2820,835,90,1505,2820,350,685,1140,345,295
5350137,63.4,7.7,3420,1470,120,1395,3415,345,960,1230,545,340
5350138,55.5,7.7,1205,630,50,375,1200,130,365,435,180,95
5350139.01,65.5,8.3,1945,840,70,845,1945,190,540,770,315,140
5350139.02,62.5,6.4,1120,655,50,290,1120,140,325,435,135,80
5350140,62,6.2,940,610,40,220,945,150,300,340,120,35
5350141.01,67.9,4.6,2035,885,55,960,2040,215,635,820,280,90
5350141.02,64.4,8.9,1980,1065,75,690,1980,215,625,700,375,70
5350142,65.6,5.7,2450,1115,65,1045,2450,265,690,1080,280,135
5350150,67.3,6.3,2000,945,55,820,2000,165,425,770,465,175
5350151,55.1,9.4,1465,665,80,580,1465,120,345,445,280,280
5350152,69.2,5.2,2195,1075,30,825,2195,190,405,810,550,240
5350153,59.3,9.2,2165,1070,130,780,2165,275,475,630,430,355
5350154,54.6,7.2,2815,1590,160,935,2815,235,760,685,535,595
5350155,50.3,12.9,1155,590,105,390,1160,100,290,380,185,210
5350156.01,49.6,10.7,2230,945,160,1025,2230,160,465,650,465,480
5350156.02,59.1,7.5,1340,665,135,500,1340,130,275,400,250,285
5350157,61,8.8,1300,570,80,600,1300,90,235,380,240,360
5350158,47.9,8.9,1180,535,70,510,1180,95,275,325,185,290
5350159.01,56.2,11,1580,800,150,545,1580,155,380,490,260,300
5350159.02,58,6.7,2220,1075,245,780,2225,145,420,775,370,510
5350160,61.9,5.5,1485,680,190,530,1490,120,335,480,205,350
5350161,60.8,7.9,3465,1390,280,1600,3470,225,695,1035,840,680
5350162,61,5.8,2375,975,140,1100,2375,155,480,860,495,385
5350163,62.7,5.5,2180,835,75,1025,2180,180,525,760,430,290
5350164,63,7.5,2950,1130,100,1355,2955,210,690,1185,505,365
5350165,69.4,6.4,2225,755,65,1060,2225,190,595,950,285,200
5350166,65.5,7.9,1910,950,85,705,1905,260,555,690,255,150
5350167.01,60.2,5.7,965,245,20,590,965,75,375,325,110,85
5350167.02,69.8,7.1,3315,880,125,1960,3315,215,860,1265,520,450
5350168,58.2,7.9,2605,885,95,1450,2610,210,620,925,460,395
5350169.01,62.2,8.6,1745,665,50,900,1745,165,340,610,290,340
5350169.02,63.6,9.2,3840,1415,115,2075,3840,265,805,1455,710,605
5350170,57.4,7.4,1635,790,140,620,1635,175,385,525,235,315
5350171,50.1,10.3,1500,730,95,600,1500,130,280,495,270,325
5350172,56.5,12.7,1155,505,80,505,1155,125,265,290,190,290
5350173,52.2,12.6,1545,580,90,825,1540,90,320,365,295,475
5350174,57.2,10.7,3080,1575,160,1240,3075,240,640,890,465,845
5350175.01,53,11.6,2530,1250,120,1035,2525,230,660,760,295,585
5350175.02,52.8,11.8,3165,1440,185,1380,3165,280,755,815,520,800
5350176,64,7.6,2110,1325,125,560,2110,205,600,650,290,360
5350180,60.8,8.9,3015,940,75,1850,3020,205,530,1040,700,540
5350181.01,67.4,6.8,2285,950,50,1115,2285,195,475,865,525,225
5350181.02,63.2,6.4,1815,735,70,825,1810,175,425,555,390,270
5350182,65.1,6.2,2595,1090,155,1045,2595,245,700,900,475,280
5350183.01,61,5.6,1290,655,55,430,1290,140,445,405,175,115
5350183.02,65.2,7.4,1925,785,45,810,1925,230,510,710,305,170
5350184.01,58.1,8,2225,850,100,1085,2225,230,685,780,310,220
5350184.02,59.8,6.2,1775,790,80,785,1775,185,485,560,330,210
5350185.01,60.7,9.3,3355,1145,80,1670,3355,325,905,1185,560,390
5350185.02,61.6,6.5,2230,865,85,1040,2235,265,615,810,350,200
5350186,60.5,7.1,985,650,60,205,985,155,405,200,135,95
5350187,65.4,3.8,1785,1000,100,525,1785,215,570,590,230,170
5350188,64.4,4.9,965,580,55,250,965,130,295,275,145,125
5350189,53.6,11.7,2260,1060,105,990,2255,185,550,610,420,490
5350190.01,52.6,13.5,3650,1000,60,2395,3650,215,515,1265,915,745
5350190.02,53.7,10.4,1980,845,90,965,1980,185,445,535,395,425
5350191,61.9,7.9,2110,1130,110,750,2115,260,520,605,385,350
5350192,51,11.4,365,145,0,180,370,55,80,75,60,90
5350193,56.8,10.1,1360,860,70,355,1355,145,425,370,230,195
5350194.01,42.5,17.7,1535,645,80,620,1540,255,310,475,210,290
5350194.02,45.9,14.9,1805,760,50,780,1805,270,435,500,315,290
5350194.03,50.2,8.1,1085,255,30,700,1080,160,150,275,240,270
5350194.04,54.8,9.5,2600,1175,130,1090,2600,325,670,685,480,440
5350195.01,66.8,7.7,2060,1210,90,535,2060,335,665,595,305,170
5350195.02,65.3,7.3,1065,650,30,280,1065,210,325,300,165,65
5350196.01,60.5,5.5,820,485,40,195,820,135,295,245,95,45
5350196.02,63.1,6.6,2480,1480,130,580,2480,375,985,685,260,175
5350200.01,57.2,8.7,2555,1290,75,950,2555,305,460,775,430,580
5350200.02,71.1,7.4,645,355,20,220,650,70,165,175,80,160
5350201,63.1,6.2,2785,1655,135,800,2785,235,680,815,605,445
5350202,69.8,7,845,535,30,230,845,115,165,260,165,140
5350203,66.7,6.6,1595,960,85,425,1595,200,450,460,210,270
5350204,65.8,6,2275,1345,75,625,2275,270,585,635,390,405
5350205,x,x,x,x,x,x,x,x,x,x,x,x
5350206.01,65.5,5.4,2175,1280,70,720,2175,290,645,605,250,380
5350206.02,65.7,8.3,3115,1865,160,865,3120,480,775,845,420,590
5350207,63.4,7.8,1425,755,65,485,1425,185,350,435,205,255
5350208,54,12.7,1820,895,100,705,1820,210,335,435,290,555
5350209,57.5,6.4,1235,675,40,420,1240,245,300,365,180,145
5350210.01,68.3,5.9,1405,835,75,440,1410,170,340,425,260,215
5350210.02,73.3,4.9,6910,4790,300,1555,6910,440,1770,2345,1255,1095
5350211,60.6,6.2,3160,2135,175,655,3160,650,930,815,335,425
5350212,64.5,6,2885,1955,180,630,2885,560,885,680,295,470
5350213.01,60,6.5,1265,770,65,365,1265,215,310,360,240,140
5350213.02,72.7,5.8,3625,1990,130,1355,3625,455,985,1025,655,500
5350214,69.9,5.7,2900,1620,130,1005,2900,365,650,915,625,345
5350215,65.7,4.1,3425,2145,100,1000,3425,500,950,950,635,400
5350216,65.2,5.3,2535,1645,105,640,2535,295,735,820,485,200
5350217,60.5,11.9,2720,1505,120,900,2725,305,595,810,505,510
5350218,63.3,4.7,1175,650,55,395,1180,170,230,455,270,55
5350219,58.9,6.5,1895,1145,60,570,1895,205,530,560,350,245
5350220,62.8,5.7,2065,1360,115,455,2065,340,595,540,280,315
5350221.01,51.9,6.5,2600,1665,160,630,2600,525,755,460,385,480
5350221.02,65.9,7,2515,1400,165,805,2520,455,690,555,315,505
5350222.01,63,8.9,3250,1970,155,990,3250,470,975,725,540,540
5350222.02,57.3,7.7,2075,1290,125,535,2080,335,630,490,280,345
5350223.01,61.8,6.5,685,460,40,155,680,105,195,175,115,90
5350223.02,62,7.3,985,640,45,255,985,155,290,210,195,130
5350224,62.3,3.3,755,590,40,110,755,110,215,205,145,75
5350225.01,56,6.2,2240,1115,105,910,2245,290,595,610,425,330
5350225.02,63.5,8.8,5030,1920,180,2635,5030,305,1305,1285,1190,940
5350226,57.5,8,1250,740,25,435,1250,145,295,400,300,100
5350227,65.6,6.6,845,485,35,250,840,120,180,320,135,80
5350228,53.7,6.8,1185,670,50,390,1185,110,290,455,210,120
5350229,64.2,9.4,455,315,10,110,455,40,95,215,85,20
5350230.01,60,4.3,1045,685,55,260,1045,90,325,305,225,100
5350230.02,60.1,6.8,3115,1880,175,950,3115,265,880,930,460,590
5350231,61.1,5.9,2935,1925,115,800,2935,455,795,835,510,340
5350232,56.5,6.3,1480,1155,70,215,1485,200,510,350,265,160
5350233,60.6,6.7,2565,1770,120,625,2565,275,835,660,465,330
5350234,59,7.7,1975,1400,90,445,1975,295,685,490,205,295
5350235.01,62,6,1410,1065,95,215,1410,300,510,260,115,225
5350235.02,57.8,7.5,2545,1670,155,640,2545,400,790,575,300,470
5350236.01,56.6,8.6,3035,1785,150,945,3035,475,870,615,410,665
5350236.02,58.2,7.8,2735,1845,125,645,2735,410,840,540,390,550
5350237.01,51.1,10.9,2625,1615,180,805,2625,295,890,620,355,465
5350237.02,55.4,10.1,1295,905,55,295,1295,165,460,345,145,175
5350237.03,51,8.3,2385,1490,115,660,2385,325,845,520,245,450
5350238.01,58.3,6.5,1560,1130,95,305,1565,210,450,410,245,240
5350238.02,58,8.2,2405,1430,105,750,2400,335,700,650,245,475
5350239,54.9,10.7,2720,1650,130,825,2715,295,890,700,360,480
5350240.01,55.7,5.1,1495,1080,70,315,1495,160,520,425,180,215
5350240.02,52.4,7.8,2375,1490,80,720,2375,190,690,735,360,400
5350241,61.3,5.2,1365,990,65,275,1365,125,555,355,135,205
5350242,52.3,10.7,605,320,60,205,610,45,160,170,100,135
5350243.01,40.5,13.7,1930,1185,85,565,1930,355,605,440,185,345
5350243.02,57.9,6.6,1780,1070,130,525,1780,240,620,365,180,375
5350244.01,57,8.5,2605,1560,165,810,2600,255,830,600,380,540
5350244.02,50.9,12.7,1440,790,85,520,1440,110,495,365,160,305
5350245,56.6,10.8,3120,1860,135,955,3120,415,965,750,340,655
5350246,54.7,11.3,1610,1070,100,390,1615,265,535,365,220,220
5350247.01,60.4,10.1,4225,2785,325,990,4225,850,1320,880,395,780
5350247.02,58.3,8.8,3390,2145,260,900,3390,465,1090,890,365,575
5350248.02,43,14.8,1790,940,130,635,1790,230,465,440,190,465
5350248.03,60.9,8.7,1255,650,95,480,1250,125,365,325,175,260
5350248.04,57.9,10.8,2305,1210,120,745,2300,345,635,600,225,495
5350248.05,52,11,1805,1020,170,545,1805,215,445,575,210,355
5350249.01,52.9,9.2,1945,1250,115,535,1945,220,700,495,185,355
5350249.03,56.9,7.9,2595,1635,170,720,2600,325,795,685,245,545
5350249.04,53.5,8.3,1490,895,140,385,1490,155,555,365,135,275
5350249.05,50,12.4,2075,995,190,725,2075,295,575,535,245,425
5350250.01,51.6,11.6,2140,1355,185,540,2135,300,685,580,220,360
5350250.02,56.7,9.2,2205,1505,135,490,2210,355,630,635,265,325
5350250.04,56.5,12.2,2515,1325,115,970,2510,250,645,660,340,610
5350250.05,48.3,13.9,2785,1560,240,860,2785,275,885,770,250,600
5350260.01,53.9,9.2,2880,1260,130,1355,2885,335,640,745,560,605
5350260.04,48,11.9,1465,590,10,690,1465,210,380,320,195,365
5350260.05,37.7,19.6,980,395,10,475,980,160,170,225,185,240
5350260.06,59.6,8.1,1505,585,55,780,1505,190,260,375,330,355
5350260.07,51.2,7.6,1550,875,55,560,1550,175,430,335,345,260
5350261,45.4,11.8,1935,840,95,915,1930,225,355,355,445,555
5350262.01,59.5,8.3,2760,1335,105,1170,2765,315,665,640,585,560
5350262.02,54.1,10.7,2635,1475,120,940,2640,350,805,655,375,455
5350263.02,54,6.8,1475,955,70,350,1480,220,400,445,190,210
5350263.03,64.4,6.8,2185,1220,90,665,2185,295,680,580,265,365
5350263.04,53.3,9.2,2830,1700,120,810,2825,425,845,665,415,470
5350264,51.8,4.1,435,370,15,20,435,75,185,125,35,20
5350265,54.2,9,1625,1040,95,325,1630,215,480,655,195,85
5350266,53.6,8,1160,830,30,235,1160,125,410,425,110,85
5350267,58.1,4.7,2485,1750,95,500,2485,340,825,745,350,230
5350268,50.4,8.3,2420,1525,125,620,2420,415,725,675,320,290
5350269.01,54.3,10.6,2215,990,75,1065,2215,185,540,535,345,605
5350269.02,61.6,7.6,1130,805,55,220,1130,180,345,310,155,140
5350270.01,59.6,9.2,2265,1380,80,755,2265,290,550,595,360,470
5350270.02,60.2,8.3,1805,1175,80,495,1805,210,480,550,290,275
5350271.01,60.6,5.5,1200,730,115,295,1200,150,345,390,130,190
5350271.02,52.8,12.4,1885,1090,95,575,1885,230,615,480,230,320
5350272.01,56.3,9.8,2615,1165,205,1145,2615,250,635,710,400,620
5350272.02,57.2,8.3,2155,1245,115,725,2155,260,625,535,225,510
5350273.01,56.9,6.5,1520,1070,55,330,1520,155,550,445,185,185
5350273.02,53.6,10.3,1570,1005,55,355,1570,200,465,485,240,170
5350274.01,61.4,8.4,2155,1340,65,680,2155,210,585,715,325,320
5350274.02,53.4,8,1910,1140,70,610,1915,170,605,705,250,180
5350275,56.1,6.3,2395,1360,95,725,2390,355,785,805,270,180
5350276.01,60.8,5.3,2615,1670,105,655,2610,455,800,750,370,240
5350276.02,62.7,4.8,2905,1880,90,685,2910,410,920,960,400,215
5350277,61.8,5.8,1605,1030,65,350,1605,340,555,480,160,90
5350278,56.9,7.8,2800,1540,90,980,2805,590,805,865,290,255
5350279.01,56.1,8.2,1855,930,55,730,1855,265,580,660,185,170
5350279.02,54.6,8.5,2650,1350,200,925,2650,290,730,870,375,390
5350280,58.7,8.7,3435,1620,145,1515,3435,385,855,885,625,680
5350281.01,57.5,10.1,2950,1420,155,1260,2950,240,665,870,440,740
5350281.02,53.4,12.9,1540,785,95,605,1540,135,310,455,240,400
5350282,63,5.2,2290,1590,110,530,2290,295,770,590,255,375
5350283.01,50.9,9.4,2045,1010,95,855,2045,170,570,595,300,410
5350283.02,44.4,8.9,1545,895,105,515,1550,170,440,480,185,270
5350284,58.1,7.7,3155,1645,130,1210,3160,370,940,760,420,665
5350285,53.4,8.8,1425,850,95,410,1425,200,400,425,180,230
5350286,55.5,7.2,1915,925,100,745,1915,295,460,640,285,245
5350287.02,60.5,9.3,2815,980,85,1400,2815,390,595,810,555,465
5350287.03,46,15.3,1150,400,20,625,1155,115,295,400,210,130
5350287.04,62.1,6.2,2155,970,70,940,2155,370,370,635,495,290
5350288,67.5,5.1,5185,2490,175,2280,5185,720,1425,1600,765,675
5350289,56.7,7.1,2100,1110,130,755,2095,250,565,645,305,330
5350290.01,61,7.8,1865,800,125,870,1865,190,485,440,340,415
5350290.02,69.4,8.7,965,510,40,370,965,70,240,235,190,220
5350291.02,50.6,6.8,1965,1090,115,710,1965,165,505,560,260,480
5350291.03,50,8.6,960,490,65,350,960,125,235,250,135,220
5350291.04,54.3,9,720,360,50,275,715,75,190,175,135,140
5350292,58.5,9,3115,1640,190,1150,3115,330,765,820,430,770
5350293,60.4,6.7,3010,1870,220,845,3010,315,885,825,405,580
5350294.01,55.5,8.9,1955,1150,130,630,1955,195,475,545,310,435
5350294.02,52.5,8.9,1925,1155,145,555,1930,170,520,540,295,400
5350295,58.5,6.3,2480,1235,205,965,2485,205,660,675,455,480
5350296,57.1,0,40,20,10,10,40,0,15,20,0,10
5350297.01,60,8.1,3445,1625,120,1555,3445,345,785,1015,725,575
5350297.02,58.2,7.7,2890,1705,105,950,2890,375,830,810,455,415
5350298,65.7,5.9,2180,1265,65,705,2180,350,610,600,360,265
5350299.01,63.4,7.4,2825,1530,70,1030,2825,265,755,900,535,365
5350299.02,59.1,8.1,2580,910,60,1280,2575,385,470,910,515,300
5350300,65.2,8.1,7140,3315,185,3115,7145,525,1930,2575,1310,805
5350301.01,60,6.4,1330,730,100,455,1330,170,395,380,170,215
5350301.03,56.9,12.2,3010,1100,85,1635,3010,225,700,770,580,730
5350301.04,59.4,10.1,2920,1275,140,1335,2920,335,700,765,490,635
5350302.01,53.6,9.8,2745,1680,160,785,2745,325,875,680,320,550
5350302.02,52.8,10.3,2610,1400,205,925,2610,270,665,690,365,615
5350302.03,53,9.7,1435,900,55,445,1440,135,390,430,140,345
5350303,55.6,11,2310,1105,115,945,2305,275,590,535,330,580
5350304.01,58.5,11.4,2045,985,90,905,2045,195,425,625,290,510
5350304.02,55.8,6.4,1965,1195,100,590,1960,170,530,505,380,375
5350304.03,57.4,10.1,1265,645,70,525,1265,115,260,355,250,280
5350304.04,59.8,9.2,1715,615,90,895,1715,115,465,425,260,455
5350304.05,43,10.7,960,560,55,300,960,100,275,225,170,195
5350304.06,55.1,9.2,2485,1385,60,970,2490,190,650,685,315,640
5350305.01,51.5,6.3,1610,1055,75,410,1605,150,480,525,290,160
5350305.03,56.5,8.8,2170,1095,95,820,2170,210,595,680,385,300
5350305.04,63.4,6.9,4780,2475,145,1940,4780,385,1225,1505,940,740
5350306.01,52.2,6.7,1750,1055,115,520,1750,180,560,510,220,275
5350306.02,56.4,7,1805,1130,65,490,1800,210,540,490,320,235
5350307.03,44.1,13.1,1755,620,35,905,1760,180,370,655,355,195
5350307.04,53.9,9.8,3015,980,65,1570,3020,395,605,980,645,385
5350307.05,59.6,8.2,1810,685,45,940,1805,105,430,580,410,280
5350307.06,52.8,5.8,2160,1010,90,845,2160,225,460,715,440,320
5350307.07,49.8,9.6,2350,1095,95,1005,2355,230,535,785,475,335
5350308.02,56.8,9.6,1810,1100,100,500,1805,200,515,505,295,300
5350308.03,57.3,8.6,480,255,15,185,480,40,150,135,100,50
5350308.04,50.1,10,4610,1905,160,2160,4605,440,1015,1560,895,700
5350309,60,9.2,3050,1130,150,1655,3045,260,605,945,560,680
5350310.01,61.1,5.9,1545,1040,50,400,1540,230,395,450,280,195
5350310.02,60.3,6.8,2370,1245,95,915,2370,275,570,655,460,410
5350311.02,51.9,7.3,2500,1275,175,885,2500,320,660,615,325,575
5350311.03,55.5,9.7,1265,750,80,385,1265,120,350,445,125,225
5350311.04,56.2,7.5,3025,1485,135,1265,3025,305,820,805,410,680
5350311.05,57.3,12.8,3085,1185,130,1570,3085,285,760,800,355,885
5350311.06,59.7,14.5,2915,1250,145,1300,2915,335,690,765,390,730
5350312.02,52.5,12.4,1330,655,150,435,1330,175,340,385,125,305
5350312.03,51.9,11.9,2585,1490,190,840,2590,300,800,590,325,575
5350312.04,45.8,10.7,1955,990,195,675,1950,275,575,500,185,420
5350312.05,45.8,18.8,1325,585,115,585,1325,100,350,340,220,315
5350312.06,47,9.7,1280,645,115,480,1280,150,340,370,180,235
5350312.07,43.2,8.1,1155,685,65,395,1150,80,360,315,175,225
5350313,58.9,7.5,2645,1535,145,875,2645,305,710,660,345,625
5350314.01,51.4,12.8,1920,1085,155,635,1920,200,565,580,185,385
5350314.02,52.7,11,2140,1305,205,560,2140,205,710,600,255,370
5350315.01,50.3,6.2,1385,940,95,320,1385,200,390,275,160,350
5350315.02,48.1,11.9,1345,840,130,335,1340,190,450,360,90,245
5350315.03,52.7,10.4,2320,1445,140,650,2320,285,680,625,245,490
5350316.01,49.5,8.5,1570,1035,170,300,1570,225,515,435,125,270
5350316.03,47.7,13.3,2175,990,230,810,2175,245,700,540,250,440
5350316.04,43.5,13.8,1355,735,100,465,1355,195,380,320,175,290
5350316.05,49.3,14.8,1500,700,145,570,1500,175,415,410,185,320
5350316.06,49.6,12.8,1310,580,90,575,1305,115,285,340,140,425
5350317.02,50.6,9.7,3110,1505,155,1295,3110,245,740,995,420,710
5350317.03,56.6,10.1,1615,925,90,545,1615,125,450,395,275,375
5350317.04,59,8.1,3075,1460,115,1340,3075,205,675,890,575,730
5350317.05,56.2,9.2,1055,565,40,440,1055,80,255,290,200,230
5350318,54.6,8.9,3820,1575,240,1785,3820,370,825,1160,745,710
5350319,51.7,8.2,1665,970,45,540,1665,170,460,415,260,360
5350320.01,53.8,8.6,2180,1035,165,845,2180,320,540,590,325,405
5350320.02,57.5,7.9,2900,1180,175,1365,2900,260,620,835,525,660
5350321.01,54.1,9.1,1560,860,105,550,1560,190,310,490,255,315
5350321.02,52.3,8,1680,910,80,600,1680,150,410,525,295,300
5350322.01,55.8,9.4,2245,820,55,1215,2250,175,510,695,480,390
5350322.02,47.2,8.2,1115,655,55,340,1120,140,270,310,210,190
5350323.01,52.2,8.6,1770,1065,95,520,1770,220,570,385,235,355
5350323.02,50.9,5.3,1760,1130,80,490,1760,165,465,525,315,290
5350324.01,50.8,10.5,1435,725,65,600,1435,95,350,410,220,355
5350324.02,50.2,8.1,2375,1405,70,830,2380,150,600,655,365,600
5350324.03,40.3,9.5,1270,760,100,360,1265,135,420,290,175,245
5350324.05,48.4,7.9,1280,725,95,415,1280,105,375,320,190,295
5350324.06,59.3,8,1505,805,55,565,1505,165,385,350,185,425
5350330,57.7,6.1,1880,1205,60,520,1880,225,385,520,325,430
5350331.01,52.5,9.4,2285,1285,115,800,2285,190,480,575,350,685
5350331.03,45.4,17.4,1960,935,105,825,1955,235,440,445,285,555
5350331.04,57.4,7.5,1440,770,70,560,1435,100,325,340,240,430
5350332,50.6,12.5,2850,1360,175,1185,2855,275,650,645,500,790
5350333,56.6,9.6,2030,1260,75,635,2030,245,545,525,315,410
5350334,61.2,7.6,1575,1020,70,410,1575,195,465,435,220,255
5350335,53.1,10.8,3190,1690,115,1275,3190,320,790,765,585,730
5350336,59.9,8.4,3235,1755,205,1130,3240,420,755,790,620,655
5350337.01,61,13.3,335,185,0,125,340,55,50,95,45,100
5350337.02,53.7,10.7,775,425,50,230,775,90,185,200,135,165
5350338,59.9,10.3,2685,1585,150,790,2680,330,655,780,440,480
5350339,60.7,6.8,3070,1745,75,935,3065,375,775,905,510,490
5350340,57.2,10.1,3025,1370,135,1380,3020,315,690,940,575,510
5350341.02,54.2,11.5,1810,700,65,955,1810,170,350,575,365,355
5350341.03,41.8,16.1,1005,275,10,630,1005,120,175,290,230,185
5350341.04,48.6,16.5,2165,820,55,1140,2165,240,425,650,385,465
5350342,61,8.1,3490,1575,160,1635,3495,310,690,985,845,670
5350343,54.8,10.1,1860,895,70,805,1855,265,350,450,420,375
5350344.01,55.5,7.5,2415,1080,70,1145,2415,315,440,640,470,550
5350344.02,46.4,10.8,1230,570,55,565,1225,125,240,280,280,295
5350345,57.3,7.7,1810,895,95,785,1810,145,355,535,375,405
5350346.01,54.8,11.2,1980,790,105,1010,1980,195,330,555,470,425
5350346.02,60.5,7.5,2585,885,70,1410,2585,400,460,645,490,590
5350347,66.3,9.1,1420,650,50,670,1420,115,295,405,355,255
5350348,61.3,6.8,2595,1370,145,945,2590,350,555,730,460,495
5350349,56.6,11.1,2650,1145,105,1210,2650,305,605,610,510,620
5350350,54.8,8.2,2290,1410,110,675,2290,315,640,590,330,410
5350351.01,52.8,10.3,2360,1070,120,1090,2355,240,525,620,455,520
5350351.02,52.6,8.5,1140,485,65,525,1140,160,250,275,225,235
5350352,56.3,9.3,2375,1260,90,915,2375,300,470,700,470,435
5350353.02,54.3,7.2,2270,1215,115,850,2270,305,510,605,380,465
5350353.03,57.7,9.1,1430,605,75,715,1430,135,295,370,325,310
5350353.04,48.8,10.3,1645,710,100,780,1640,230,300,405,290,415
5350354,57.7,7.9,2475,1160,120,1065,2475,245,495,560,475,695
5350355.02,52.4,9.7,2245,1045,95,1040,2250,230,535,555,395,530
5350355.04,56.5,11.2,2220,935,95,1105,2225,205,410,520,420,670
5350355.05,53,10.8,1210,445,60,665,1215,115,215,310,240,335
5350355.06,42.5,19.7,515,200,20,290,515,25,85,140,90,175
5350356,56.6,7.7,2125,1260,160,600,2120,300,535,505,300,480
5350357.01,44,12.5,2260,1215,130,740,2260,300,625,550,265,525
5350357.02,44.3,16.8,1630,770,50,705,1635,210,335,435,215,440
5350358.01,52.8,8,1390,830,95,425,1390,115,360,320,255,345
5350358.02,50.2,12.9,1910,925,140,765,1910,190,445,435,240,605
5350358.03,50.2,12.7,2235,1120,100,935,2235,175,425,530,320,775
5350359,49,13.7,2835,1395,175,1125,2835,320,650,625,460,790
5350360,57,9.2,2680,1710,130,740,2680,215,575,665,465,760
5350361.01,56.6,7.7,2570,1710,135,675,2570,310,690,520,380,675
5350361.02,61.4,7.5,3600,2245,215,1000,3600,360,775,890,545,1030
5350362.01,56.7,10.2,2825,1780,205,790,2825,310,665,645,470,730
5350362.02,57.6,7.1,2615,1745,145,695,2615,275,675,670,315,680
5350362.03,54.3,9.6,3110,2060,180,785,3105,350,785,780,360,830
5350362.04,54.1,8.6,2185,1435,140,565,2180,200,510,585,350,540
5350363.02,54.3,11.5,1450,880,115,420,1450,150,355,360,230,350
5350363.04,60.3,7.2,1780,1050,145,555,1785,190,490,435,210,465
5350363.05,50.5,16.9,1735,820,105,745,1730,145,315,410,320,545
5350363.06,58.5,8.8,3470,1945,185,1105,3475,380,985,810,445,855
5350363.07,44.1,15,1790,765,140,860,1790,155,395,500,250,495
5350364.01,53.6,10.1,2485,1490,140,765,2485,280,590,635,340,650
5350364.02,57.3,8.9,1385,800,85,470,1390,160,300,355,180,395
5350365,53.5,10.9,2750,1580,200,905,2750,290,660,720,365,710
5350366,53.7,8.5,2655,1340,175,975,2650,410,645,580,420,595
5350367.01,53.9,9.5,1925,905,195,755,1920,270,520,450,250,430
5350367.02,53.4,8.6,1605,925,85,520,1605,265,360,375,205,395
5350368.01,53,8.8,3160,1480,115,1335,3160,380,700,745,475,860
5350368.02,50.1,9.5,1560,915,65,505,1555,220,385,415,175,375
5350369,49.9,10.3,2965,1695,205,925,2965,420,755,785,395,605
5350370.01,55.5,10.8,4195,2080,260,1565,4195,585,1080,960,530,1025
5350370.02,62,8,2635,1265,130,1110,2635,325,625,625,490,570
5350370.03,55.6,9.9,1810,975,120,665,1810,195,495,470,275,380
5350371,55.2,8.4,3245,2025,165,940,3240,365,840,915,580,535
5350372,57.2,7.8,2070,1295,105,595,2070,325,625,485,270,370
5350373,56.4,9.1,2105,1150,110,750,2110,280,565,550,325,385
5350374.01,56,9.8,2115,1195,145,695,2120,210,620,560,270,460
5350374.02,52,8,1330,775,70,455,1325,95,415,385,125,305
5350374.03,50.5,7.9,1830,880,130,740,1825,190,525,465,225,430
5350375.01,43.9,11.9,2240,1155,120,825,2240,235,590,550,365,500
5350375.02,56,8.6,865,560,60,220,865,115,245,280,85,140
5350375.03,52,10.3,2165,1115,105,860,2170,250,660,530,255,470
5350375.04,53.7,10.5,2350,1325,190,775,2350,210,630,590,330,595
5350375.05,54.8,9.1,3060,1850,160,960,3060,315,870,885,310,670
5350376.01,49.7,10.1,1975,1115,150,665,1975,235,535,545,225,435
5350376.02,51.4,12.3,2095,1185,170,650,2095,225,630,555,310,375
5350376.04,47.6,8.9,1935,1260,115,495,1940,285,625,465,205,360
5350376.05,45.3,10.6,2540,1580,385,470,2540,360,705,705,320,455
5350376.06,8,0,30,20,10,10,30,0,0,0,0,15
5350376.08,50.1,9.7,2550,1440,230,795,2550,255,645,665,335,645
5350376.09,49.3,9.2,1985,1225,230,455,1985,290,615,520,180,380
5350376.11,50.1,13.9,1335,615,95,595,1340,100,355,325,185,370
5350376.12,49.7,11.3,2110,1320,105,630,2110,275,560,545,265,465
5350376.13,44.7,9.9,1405,845,110,390,1400,230,385,355,140,295
5350376.14,50.7,8.2,1505,950,135,385,1500,140,520,355,155,325
5350376.15,43.4,7.8,1290,805,105,340,1285,175,415,315,145,240
5350376.16,45.7,10.3,1325,620,90,510,1325,175,420,330,135,265
5350377.01,55.5,9.1,4055,2585,270,1050,4055,585,1170,1035,445,820
5350377.02,49.3,10.4,1775,1175,115,415,1775,255,485,495,215,330
5350377.03,49.5,10.4,1130,725,55,300,1130,180,250,265,175,255
5350377.04,51.1,9.3,2500,1515,225,660,2500,295,690,700,280,525
5350377.06,48,10.7,1425,875,210,310,1420,175,430,385,125,305
5350377.07,50.1,9.7,1940,1160,160,535,1935,205,525,540,200,460
5350378.02,50.4,12.1,1350,710,70,535,1350,150,365,290,180,360
5350378.03,58.6,9.6,3530,2030,240,1110,3530,515,845,880,435,855
5350378.04,53.5,10.8,2460,1415,190,765,2460,410,590,490,240,725
5350378.05,57.3,9.3,1745,1030,100,585,1745,185,395,435,315,415
5350378.06,55.4,11.7,2635,1455,160,905,2635,325,690,610,310,705
5350378.07,54.1,9.4,2980,1665,210,985,2975,465,715,695,390,720
5350378.08,53,9.4,2780,1690,220,785,2780,395,700,680,335,665
5350378.11,56.3,11,2610,1420,195,910,2610,345,565,615,335,740
5350378.12,49.9,11.4,2045,1045,215,730,2045,225,505,430,250,630
5350378.14,50.8,12.3,1545,910,110,485,1545,215,485,310,175,365
5350378.16,55.9,9.7,2740,1615,190,865,2740,335,590,725,340,750
5350378.17,56.7,10.8,1460,775,110,555,1460,180,305,370,135,480
5350378.18,43.7,13.1,920,595,110,200,915,130,320,210,100,150
5350378.19,53.7,9,2285,1500,205,525,2280,285,640,580,245,540
5350378.2,51.5,6,885,555,120,190,885,95,320,185,95,195
5350378.21,50.9,10.9,1600,990,170,405,1595,180,475,415,130,395
5350378.22,49.3,7.1,1395,845,160,335,1395,140,390,370,215,285
5350378.23,47.2,7.6,1570,965,110,450,1570,215,440,420,160,330
5350378.24,47.4,10.3,2295,1350,210,670,2295,310,610,565,285,530
5350378.25,61.3,7.1,3745,2340,290,1070,3740,495,955,865,445,980
5350378.26,61.9,9.3,2320,1670,180,450,2325,210,670,600,355,485
5350378.27,61.3,9.3,2760,1700,175,850,2765,310,600,615,430,810
5350378.28,55.6,9.2,3210,1940,245,965,3210,305,770,730,465,935
5350400.02,63.8,5.5,2825,2135,180,425,2825,450,700,750,360,570
5350400.03,60.9,6.3,1410,1075,75,220,1410,230,285,390,205,305
5350400.04,58.1,8.3,845,620,45,130,845,170,215,225,85,140
5350400.06,62.7,6.7,1415,1035,115,190,1415,220,405,365,175,255
5350400.07,61.7,5.4,1470,1115,85,185,1475,315,360,395,120,280
5350400.08,54.1,5.8,1140,850,60,140,1140,235,385,235,100,190
5350400.11,57.5,8.1,2880,2025,305,495,2880,390,865,700,335,595
5350400.12,56.9,7.7,3150,2385,190,455,3150,445,825,840,345,695
5350400.13,56.8,9.4,2910,2140,235,460,2915,375,850,720,360,605
5350400.14,53.4,9.6,2680,1820,305,490,2675,280,725,785,290,590
5350400.15,61.8,5,2060,1620,155,170,2055,335,650,525,235,305
5350400.16,60,8.6,2430,1910,150,315,2430,275,750,600,350,460
5350400.17,57.2,12.2,2150,1415,220,450,2145,285,680,555,285,345
5350400.18,54,8.7,1060,650,90,280,1060,110,260,285,120,285
5350400.19,69.4,5.1,4660,3435,300,745,4660,410,1100,1410,645,1090
5350400.2,64.3,10.7,1945,1480,125,315,1940,105,525,500,265,550
5350400.21,63.8,8.9,905,730,60,100,910,70,225,270,155,185
5350400.22,63,6.6,4310,3295,330,595,4305,390,1115,1190,605,1000
5350400.23,60.9,8.2,3930,2715,405,705,3925,445,1175,1010,555,745
5350401.04,56.1,7.8,1475,1030,160,235,1475,255,435,350,175,260
5350401.05,54.2,9.1,1035,715,65,185,1030,185,375,250,75,150
5350401.06,55.4,6.1,1955,1415,150,300,1960,320,560,535,205,340
5350401.07,57.7,5.9,1565,1200,115,200,1565,300,505,335,185,245
5350401.08,57.5,7.2,1245,1015,50,125,1245,205,350,320,140,230
5350401.09,53.3,8.4,3355,2545,210,490,3355,585,970,840,275,695
5350401.1,58.1,5.8,2125,1605,150,295,2125,420,660,415,260,355
5350401.11,55.9,10,3060,2185,315,490,3060,365,905,755,515,525
5350401.13,53,9.5,2745,1695,395,590,2750,335,875,770,300,470
5350401.14,57.6,6.8,3515,2620,305,505,3515,455,1015,885,485,670
5350401.15,49.2,7,1065,775,85,135,1060,205,285,275,90,200
5350401.17,52.8,5.8,1520,1105,180,170,1520,235,510,365,175,235
5350401.18,59.5,9.8,3000,2270,170,430,3000,525,1125,615,325,420
5350401.19,48.9,12.3,2805,1865,305,545,2800,455,785,765,295,510
5350401.2,52.9,9.3,1890,1275,200,360,1890,205,550,570,165,405
5350401.21,55.7,7.2,1335,915,150,260,1335,190,435,375,120,215
5350401.22,54.3,8.4,3460,2505,295,525,3465,490,1080,835,460,605
5350401.23,54.7,7.7,815,645,50,95,815,105,280,210,65,160
5350402.01,61.6,7.9,1155,855,65,210,1155,175,350,270,130,235
5350402.02,57.5,6.9,2455,1525,120,705,2455,290,785,660,320,400
5350402.03,54.7,4.1,1240,815,60,285,1240,185,365,285,120,290
5350402.04,58.5,7.4,2225,1500,140,475,2225,345,545,615,295,435
5350402.05,54.5,4.4,725,585,15,105,725,80,330,135,100,85
5350402.06,55.5,6.6,2655,1705,150,660,2655,405,830,655,370,400
5350402.07,58.2,4.8,875,625,45,165,875,120,240,260,65,175
5350402.08,52.6,7.9,2400,1785,120,440,2400,270,720,655,345,410
5350402.09,59.3,5.2,1650,1125,70,330,1650,220,505,390,235,305
5350402.1,67.6,7.6,1910,1360,130,340,1910,285,560,525,220,320
5350402.12,59.4,6.2,2945,2175,175,440,2945,445,1140,660,250,450
5350402.13,59.3,6.2,2250,1675,185,325,2250,305,710,475,335,420
5350403.01,57.3,5.8,3200,2450,220,445,3195,385,1090,745,425,555
5350403.04,59.7,8.5,1925,1445,90,320,1925,225,495,465,255,490
5350403.05,60.2,5.1,1660,1310,90,230,1660,170,470,385,225,415
5350403.07,60.7,7.1,4995,3785,325,795,4995,335,1605,1275,625,1160
5350403.09,56.9,8.7,2175,1645,100,380,2175,200,645,620,210,505
5350403.1,61.4,6.8,2485,1755,225,440,2485,155,660,710,300,660
5350403.11,61.2,6.7,4610,3490,300,755,4615,340,1130,1415,600,1125
5350403.12,68.1,6.1,4535,3365,290,745,4535,460,940,1315,660,1160
5350403.13,55.5,4.9,2685,1950,195,435,2685,325,550,805,335,675
5350403.14,61.4,7.3,4460,3270,325,795,4460,360,1255,1260,535,1050
5350403.15,64,4.6,5270,4190,305,665,5270,435,1550,1405,680,1205
5350403.16,66.9,5.5,1935,1515,130,245,1940,245,435,515,235,510
5350410.02,60.1,5.7,2110,1220,105,675,2115,290,500,525,280,510
5350410.03,60.5,6.5,3190,2300,155,590,3190,440,1090,725,395,535
5350410.04,64.2,6.5,1755,1315,50,285,1750,275,480,450,250,300
5350410.05,64.6,6.9,2950,2310,120,420,2955,500,1105,655,315,380
5350410.07,64.6,2.1,1855,1270,100,410,1850,210,530,495,230,380
5350410.09,53,10.8,2175,1335,110,645,2180,205,625,605,350,395
5350410.1,52.1,7.1,1635,1100,50,415,1635,155,490,380,230,375
5350410.11,57.9,6.1,1490,1045,100,240,1485,265,435,380,195,210
5350410.12,52.8,6.1,2710,1940,135,455,2710,425,900,640,270,480
5350410.13,65.7,7.4,3420,2675,190,430,3425,580,1210,705,375,560
5350410.14,62.3,6.1,2860,1980,140,640,2860,330,770,800,335,620
5350410.15,60.2,6.7,970,635,35,250,965,135,225,300,110,195
5350411.01,60,7,2620,1760,175,560,2620,330,815,710,330,435
5350411.04,62.6,4.5,2935,2365,150,360,2935,535,875,755,345,420
5350411.07,63,6.5,2210,1745,180,220,2215,390,740,540,250,295
5350411.08,66.9,5.6,1275,955,80,175,1275,220,370,350,165,165
5350411.09,69.9,5.5,3310,2440,220,565,3310,380,925,1020,505,475
5350411.12,67.4,6.9,3010,2275,265,370,3010,570,805,850,355,435
5350411.15,66.4,5.8,2255,1780,105,280,2260,395,650,635,310,270
5350411.16,67.9,5.6,3015,2440,170,335,3015,305,910,850,430,515
5350411.17,70.5,6.5,3345,2545,120,585,3345,315,655,980,565,830
5350411.18,72.3,5,5455,3845,360,1075,5455,560,1325,1580,860,1125
5350411.19,72.3,4.2,3795,3045,140,480,3795,510,1010,1140,490,645
5350411.21,69.1,6.4,1360,1050,85,130,1360,280,375,395,155,160
5350411.22,68.1,5.7,2920,2320,150,370,2920,655,865,685,300,415
5350411.23,58.9,7.5,2150,1755,85,240,2155,385,575,600,280,310
5350411.24,57.6,9,3090,2340,280,390,3090,445,865,855,455,465
5350411.25,67.7,6.2,1725,1305,105,250,1730,230,470,475,190,365
5350411.26,72.1,5.5,2865,2190,250,360,2870,340,880,735,490,425
5350411.27,68.7,5.2,2235,1710,155,315,2235,335,630,555,330,380
5350411.28,74.3,6.2,2450,1830,105,435,2450,255,690,700,320,490
5350411.29,66.5,5,2195,1680,115,305,2195,310,690,530,210,460
5350411.3,71.1,6.8,3345,2565,185,485,3340,365,955,990,410,625
5350412.01,55.6,4.9,2840,2390,190,185,2845,660,915,660,295,320
5350412.02,58.8,6.2,4140,3530,230,290,4140,795,1465,1040,435,405
5350412.04,59.7,5.1,2265,1885,170,170,2260,510,750,480,220,305
5350412.06,59.9,4.7,1695,1415,130,130,1700,375,480,425,200,220
5350412.08,50,5.3,1115,965,65,60,1115,180,415,315,100,95
5350412.1,55.2,7.7,2705,2245,115,275,2705,430,975,710,295,295
5350412.11,68.1,4.9,2480,2125,190,135,2480,350,915,630,255,320
5350412.12,62.9,5.9,1945,1510,125,215,1945,420,540,485,195,305
5350412.13,57.5,3.7,2030,1695,135,145,2035,510,560,490,225,245
5350412.14,65.9,3.7,1785,1525,130,95,1785,290,715,390,180,215
5350412.15,63,3,2700,2305,165,185,2695,475,940,705,250,325
5350412.18,63.2,4.8,3855,3280,285,250,3860,870,1195,1000,330,470
5350412.19,69.1,5.3,4840,4080,350,315,4840,625,1705,1280,485,745
5350412.2,68.9,5.1,2910,2445,160,230,2905,400,970,775,345,415
5350412.21,x,x,x,x,x,x,x,x,x,x,x,x
5350412.22,69.2,3.9,4200,3440,260,385,4200,570,1360,1100,530,640
5350412.24,68.7,6.2,4210,3260,340,465,4210,645,1220,1095,555,695
5350412.25,65.4,7.2,2685,2100,220,300,2685,520,895,555,305,415
5350412.26,67.5,7,2990,2365,230,330,2990,330,875,830,460,490
5350413.01,69.3,4.9,4540,4070,190,205,4540,445,1565,1320,530,680
5350413.02,71.5,4.8,6030,4980,355,590,6030,840,1780,1660,850,905
5350420.03,55.4,9.3,2820,1970,150,550,2820,445,785,685,300,610
5350420.05,56.1,6.9,3435,2500,220,555,3435,590,1070,895,315,560
5350420.06,54,8.2,2140,1640,120,335,2145,265,630,630,265,355
5350420.08,53.5,6.2,1870,1345,105,350,1865,195,555,495,295,330
5350420.09,56,6.7,2125,1380,115,460,2130,260,615,515,215,515
5350420.1,55.2,6.8,1320,1060,80,170,1320,180,420,325,155,245
5350420.11,52.9,7.4,2310,1775,110,335,2315,365,605,600,340,410
5350420.13,63.6,6,2595,1850,125,540,2595,350,725,725,370,425
5350420.14,62.1,7.4,3400,2320,140,755,3400,395,955,860,410,780
5350420.15,56.4,10.3,910,655,50,140,910,140,270,235,120,150
5350421.01,57.1,6.8,2860,2185,135,385,2860,420,975,680,320,470
5350421.04,53.7,5.4,1665,1090,100,320,1665,240,430,440,200,350
5350421.05,66,7.6,1730,1300,80,255,1725,190,475,495,240,325
5350421.06,54.7,7.4,1520,1155,85,220,1520,190,395,405,235,290
5350421.07,63.5,6,2030,1580,175,220,2025,285,595,575,225,350
5350422.02,56.4,10.7,2485,1850,130,380,2485,345,705,660,320,445
5350422.03,62.8,6.9,3230,2405,190,580,3225,400,895,740,355,830
5350422.04,59.4,5,1715,1205,115,335,1710,160,545,405,190,410
5350422.05,56.1,6.5,2840,2005,220,540,2840,310,670,790,385,685
5350422.06,52.1,8.2,2170,1555,135,345,2165,380,615,550,285,335
5350423.01,59.7,6.1,1540,1155,65,225,1540,275,415,310,240,300
5350423.02,63.7,6.5,3625,2720,205,535,3625,535,920,980,570,625
5350424.04,62.8,6.6,1130,835,85,190,1130,95,235,290,185,320
5350424.05,53.6,9.6,3745,2735,235,610,3745,425,795,1035,595,895
5350424.07,66.4,5.8,3930,3000,205,600,3930,420,810,1170,565,960
5350424.08,63.3,6.7,3485,2675,215,465,3485,475,910,845,520,735
5350424.09,69.3,6.2,1685,1360,105,170,1690,180,380,460,335,330
5350424.1,66.5,6.5,3075,2555,205,260,3075,430,630,840,465,710
5350424.11,62.2,7,3535,2930,245,275,3535,460,855,1020,500,700
5350424.13,70.4,3.7,1060,880,80,80,1060,95,275,275,170,245
5350424.14,70.6,6.6,6265,4945,330,825,6265,520,1365,1650,1080,1650
5350424.15,65.5,5.5,4475,3570,235,570,4475,380,970,1300,700,1130
5350424.16,66.6,6.6,3890,3060,165,620,3895,300,690,1165,670,1070
5350430.03,67.7,5.4,2645,2290,105,145,2645,530,495,770,400,450
5350430.05,67.5,4.6,3410,2825,250,260,3410,565,715,990,500,645
5350430.06,73,6.2,3225,2720,160,255,3225,390,610,985,545,700
5350430.07,68.2,5.5,3735,3090,200,300,3735,680,845,1005,480,725
5350430.08,65.4,4.5,2720,2100,175,290,2715,430,515,815,385,570
5350431.01,51.6,4.9,2450,2120,170,85,2450,385,640,695,285,440
5350431.02,60.9,5.4,2695,2350,185,65,2695,485,755,640,380,440
5350440,64.4,6.8,3280,2565,210,325,3280,785,710,665,500,610
5350441.02,60.7,6.6,2050,1565,150,210,2050,500,585,395,245,325
5350441.03,66,5,3620,2780,265,390,3615,735,765,760,565,790
5350441.04,69.8,6.4,2915,2345,250,275,2910,550,675,680,390,620
5350442.02,58.4,7.7,1845,1430,115,210,1845,440,440,445,220,310
5350442.03,66,7.3,2635,2090,170,295,2635,515,640,570,390,525
5350442.04,66.4,5.8,1815,1455,60,195,1810,400,385,370,260,395
5350442.05,71.7,4.8,3830,2960,245,410,3830,990,730,710,545,855
5350442.06,71.8,5,4980,3840,300,675,4985,870,805,1220,770,1305
5350450.02,59.3,5.4,1265,970,120,70,1265,450,255,230,115,225
5350450.03,64.4,7.7,3960,3200,290,225,3955,1330,865,700,465,595
5350450.05,65.7,7,2955,2320,210,270,2955,935,585,490,340,610
5350450.06,66.1,6.2,3385,2805,235,290,3385,705,625,680,600,775
5350451.01,62.3,4.6,1055,820,110,85,1055,385,250,180,130,115
5350451.02,59.9,7.9,2310,1710,125,270,2315,730,505,330,345,405
5350451.03,65,6.3,3515,2730,295,340,3510,1005,790,700,405,620
5350451.05,66.4,7.3,2255,1865,110,185,2255,550,450,500,305,460
5350451.06,72.9,6.4,3485,2695,300,325,3490,895,840,555,485,705
5350451.07,75.6,6.5,2650,2100,115,320,2650,615,620,465,370,575
5350452.01,66.5,5.4,1625,1235,75,185,1625,405,390,325,215,300
5350452.02,63.2,8.7,2500,1765,180,285,2495,705,730,385,285,400
5350452.03,61.8,6,2620,2030,170,210,2620,720,635,440,300,520
5350452.05,73.4,5.6,2290,1790,115,285,2295,395,455,535,285,620
5350452.06,68.7,3.8,2235,1710,160,230,2230,415,570,415,330,500
5350452.07,66.4,7.3,2740,2220,200,155,2735,660,755,420,410,495
5350455,69.4,4.9,3940,3450,245,140,3945,500,1170,855,625,795
5350456.01,62.6,5.4,1965,1700,110,105,1960,350,570,385,235,425
5350456.02,69.9,6.1,3700,3150,240,210,3700,635,1150,780,465,670
5350456.03,63.4,7,2045,1800,110,95,2040,265,760,375,290,355
5350460.01,64.7,4.3,3325,2820,145,285,3325,415,905,915,560,535
5350460.02,62.5,4.5,1600,1380,85,80,1605,330,425,395,225,220
5350461.01,71,4.5,2775,2470,105,95,2775,400,595,820,460,500
5350461.02,66.6,4.1,3790,3300,135,145,3795,585,800,960,750,705
5350470,63.7,6.3,1400,1250,65,40,1400,135,235,260,280,495
5350471,65.8,5.3,1600,1430,70,35,1595,365,315,325,210,375
5350472,70.5,4.8,3905,3415,275,150,3905,530,1125,865,490,890
5350473.01,68.7,6.4,3390,2960,230,90,3390,700,780,645,480,780
5350473.02,65.5,7.9,3575,3035,270,115,3575,635,1055,725,430,725
5350473.03,62.1,7.7,1835,1610,115,60,1840,385,405,420,220,410
5350474,62,5.8,2615,2260,175,100,2615,475,470,575,360,740
5350475,57.2,6.5,3010,2565,240,65,3010,605,465,675,465,800
5350476.01,58.1,0,125,100,0,0,125,80,20,10,0,10
5350476.02,58.4,7,1020,950,40,20,1020,175,165,235,160,285
5350480.01,61.2,5.7,2065,1660,205,65,2065,460,480,460,295,365
5350480.02,68.1,6.3,5295,4540,365,215,5295,875,990,1295,910,1220
5350481.01,72,6.1,4365,3635,305,240,4365,740,940,1010,605,1065
5350481.02,65.6,6.1,2185,1755,205,105,2190,550,525,430,285,400
5350482,68,4.9,3675,3245,240,120,3675,635,765,865,570,840
5350483.01,69.6,7,2625,2275,170,35,2620,515,620,530,425,540
5350483.02,61.5,4.2,1510,1350,75,20,1510,250,240,315,365,340
5350484.02,68.5,6.2,3055,2680,240,25,3060,590,700,615,500,660
5350484.03,32.6,7.4,1055,965,60,0,1055,195,135,175,225,320
5350484.04,63.6,5.9,370,330,30,0,370,75,105,85,35,70
5350485.01,69.5,7,4075,3500,265,25,4070,1390,625,520,570,965
5350485.02,66.5,6.1,3530,2900,280,20,3530,1495,680,395,335,625
5350500.01,60.5,9.9,1690,1170,85,325,1685,245,505,420,250,275
5350500.02,59,10.2,2295,1610,90,485,2300,355,790,585,220,345
5350501.01,61.3,6.9,2845,1935,110,625,2850,465,790,765,390,430
5350501.02,64.4,6.9,3280,2245,130,750,3280,440,845,900,475,620
5350502.01,66.7,7.4,2930,1950,235,660,2930,565,740,845,350,435
5350502.02,63.3,7.4,1170,740,115,270,1170,255,285,310,155,170
5350503,61.9,6.6,2485,1795,125,430,2485,485,755,635,210,405
5350504,60.5,10.3,1550,1095,65,300,1550,265,510,400,200,180
5350505.01,60.7,7.2,1915,1420,125,330,1920,350,550,495,305,215
5350505.02,62.2,5.8,2350,1855,115,315,2350,380,725,625,335,285
5350506,62.3,8.5,1165,780,40,295,1170,175,365,270,215,140
5350507,64.1,7.3,1780,1280,75,310,1780,275,565,525,225,190
5350508,62.3,6.3,1510,1165,85,205,1515,270,510,305,225,195
5350509.01,63.2,6.2,2575,1970,130,370,2570,380,840,750,275,335
5350509.02,59.1,4.9,1430,1140,85,175,1435,205,485,380,170,195
5350510,62.9,5,2740,2135,175,340,2745,585,940,645,235,330
5350511.01,58,11.7,2715,1660,155,725,2715,365,980,655,260,460
5350511.02,58.4,9.7,2300,1750,145,365,2305,345,945,475,215,325
5350512,56.9,7.3,2465,1565,120,630,2465,355,865,620,250,375
5350513.01,59.9,7.4,3155,2370,145,490,3160,435,1105,750,370,490
5350513.02,53.7,8.1,2715,1830,180,545,2715,390,940,675,240,465
5350513.03,58.9,10.6,1360,770,70,405,1360,215,440,365,145,195
5350513.04,57.5,6.3,1735,1325,95,235,1735,215,600,485,215,225
5350514.01,62.9,6,1060,860,95,85,1060,165,400,230,130,135
5350514.02,53.2,11,2150,1455,90,410,2150,355,665,495,280,350
5350515.01,62.5,8.2,2225,1630,190,300,2225,455,610,575,255,315
5350515.02,58.5,9,1540,1125,95,240,1545,300,545,400,120,170
5350516.01,64.3,7.5,2740,2230,125,300,2740,385,840,700,370,445
5350516.02,68.6,7.3,2540,1970,105,360,2540,450,615,720,325,430
5350516.03,65.7,7.5,2965,2235,185,430,2965,505,920,825,280,430
5350516.04,64.3,8.3,3160,2085,220,630,3160,580,955,740,305,585
5350516.05,66.2,8.8,3145,2305,180,525,3140,475,1020,780,395,475
5350516.06,60.9,7.6,2245,1655,160,340,2245,335,660,610,270,370
5350516.08,60.3,7.9,2820,1810,245,570,2820,450,965,615,305,490
5350516.09,62.6,8.5,3475,2470,175,645,3475,575,1150,895,330,530
5350516.11,62.6,7.7,2215,1765,95,285,2220,390,810,520,200,295
5350516.16,46.2,8.5,1795,1340,120,230,1795,290,625,410,225,245
5350516.17,56.9,8.2,1570,1185,75,245,1570,250,530,370,165,255
5350516.18,66.8,7.1,1860,1430,120,260,1860,345,620,395,155,345
5350516.2,69.1,6.6,3370,2645,180,470,3370,525,920,840,500,580
5350516.21,66.9,5.8,1565,1200,120,205,1565,300,390,425,175,275
5350516.22,69.3,6.6,3660,2895,240,430,3660,465,1195,855,480,665
5350516.23,66.6,7,2900,2170,205,435,2905,370,965,755,305,510
5350516.24,67.8,6.7,2140,1595,150,300,2140,360,750,440,255,335
5350516.25,57.8,8.7,1705,1300,95,235,1705,340,555,400,190,215
5350516.26,60.2,9.7,3175,2335,165,480,3175,630,960,700,355,530
5350516.28,63.5,9.1,2410,1805,130,420,2410,325,825,515,300,450
5350516.29,58.4,9.7,2090,1570,100,370,2090,295,620,620,185,370
5350516.3,61.1,7,2665,2050,155,420,2665,355,870,640,275,530
5350516.31,57.5,5.5,1220,970,50,130,1215,235,410,250,130,185
5350516.32,70.7,7.2,2645,2040,150,395,2650,340,800,690,305,520
5350516.37,57.7,9,2675,1975,155,380,2675,380,995,620,270,405
5350516.38,64.8,8.7,3055,2295,155,540,3055,360,1050,705,280,670
5350516.39,67,7.5,2550,1900,185,390,2555,285,745,665,305,555
5350516.4,68.4,5.9,3290,2505,175,515,3290,390,905,915,435,650
5350516.41,62.6,9.5,2625,1995,165,435,2630,300,855,635,315,530
5350516.42,63.7,7.7,4000,3015,240,610,3995,405,1340,1020,480,755
5350516.43,59,10.1,1985,1410,120,350,1985,315,645,460,220,345
5350516.44,62.5,8.1,2350,1710,140,435,2350,225,740,605,320,460
5350516.46,61.3,8.8,3235,2450,220,490,3240,360,1065,875,330,615
5350516.47,61.5,9.6,2205,1675,145,350,2205,180,810,540,255,425
5350516.48,59.2,8.6,2570,1915,180,405,2565,280,980,640,235,440
5350516.49,62.6,9.4,3950,2880,235,710,3950,465,1380,940,420,740
5350517,56.7,10.1,700,525,35,135,705,90,235,165,50,165
5350518,54.1,10.1,1780,1095,135,500,1780,310,515,485,195,275
5350519,60.7,8.8,1845,1355,110,330,1840,185,670,450,225,315
5350520.01,57.7,9.7,2580,1705,210,525,2580,390,935,640,225,390
5350520.02,56.6,10.2,3190,2260,240,570,3190,500,1040,810,375,460
5350520.05,59.9,9.5,1775,1125,155,425,1770,220,615,430,200,305
5350520.07,53.3,11.5,2000,1070,110,730,1995,195,620,540,285,355
5350520.08,63.3,5.8,3290,2170,220,815,3295,415,995,825,345,715
5350520.09,59.1,10,3280,2130,150,860,3280,380,1110,785,440,575
5350520.1,57.9,11.9,4195,2915,225,830,4195,525,1480,1025,395,770
5350521.01,54.1,9.9,2470,1510,120,700,2470,295,880,570,315,410
5350521.02,60.3,6.9,1700,1245,110,290,1700,235,580,390,195,300
5350521.03,62,8.4,2430,1465,185,680,2430,290,805,645,280,415
5350521.04,61.3,8.5,3120,2255,200,565,3125,460,1075,765,405,415
5350521.05,59.6,6.4,2135,1350,130,555,2135,230,705,520,300,375
5350521.06,51.8,10.5,2270,1395,110,625,2270,315,855,505,245,365
5350522,54,6.4,2605,1885,125,475,2610,475,930,680,220,295
5350523,54.2,9.1,2655,1850,165,525,2655,485,975,600,270,325
5350524.01,60.1,9.6,2225,1450,185,500,2225,320,675,565,275,385
5350524.02,54,7.2,1605,970,135,400,1600,220,545,425,140,265
5350525.01,53,9.5,1345,855,85,295,1345,185,465,350,110,230
5350525.02,56.5,9.7,2075,1360,175,425,2080,335,740,475,245,290
5350526.01,58.5,11.4,2680,1625,235,685,2680,430,850,750,225,425
5350526.02,56.3,9.1,1460,950,70,385,1460,220,525,295,165,265
5350527.01,56.7,9.8,4825,3260,295,1015,4825,660,1685,1180,450,850
5350527.02,54.4,6.8,2170,1580,120,365,2170,360,770,505,235,305
5350527.03,62.2,8.7,4225,2850,215,875,4225,750,1535,920,405,615
5350527.04,64.8,6.2,3020,2250,145,490,3020,425,1155,635,350,455
5350527.05,58.2,5.4,2570,1880,175,430,2570,555,845,565,180,435
5350527.06,60.7,6.4,1895,1360,140,330,1895,330,720,340,180,320
5350527.07,59.3,7.8,2290,1580,150,485,2290,380,825,480,195,410
5350527.08,59.4,7,2010,1420,130,380,2010,290,685,450,235,350
5350527.09,58.7,6.9,1650,1150,105,305,1650,190,555,420,210,285
5350528.01,59.6,7.6,2660,1915,190,465,2660,380,1025,580,235,445
5350528.02,58.4,9.6,3570,2630,260,585,3570,480,1265,905,370,545
5350528.1,61.7,8.7,4240,3115,290,730,4240,595,1620,980,380,660
5350528.11,52.5,8.9,2295,1760,125,335,2295,340,930,455,245,320
5350528.12,59.9,8.7,2750,2085,210,385,2750,335,1070,620,285,445
5350528.13,62,8,1535,1175,120,215,1535,240,625,310,165,195
5350528.15,59.4,8.2,2220,1765,175,250,2215,320,895,465,170,360
5350528.16,60.1,12.2,2445,1800,185,365,2445,340,910,560,270,365
5350528.18,64.1,8.7,3445,2610,210,530,3445,500,1285,805,330,535
5350528.19,61,7.6,2655,1930,195,485,2655,385,970,600,265,435
5350528.2,55.9,8.7,2610,2045,180,315,2610,430,1075,565,210,330
5350528.21,55.2,10,1825,1135,135,445,1825,250,680,440,170,285
5350528.22,58.2,9.6,2980,2170,275,450,2980,470,1205,745,210,350
5350528.24,58.7,8,2530,1860,205,405,2530,450,875,565,255,385
5350528.25,62.5,8.4,3750,2630,315,705,3750,730,1350,805,340,520
5350528.26,59.6,8.9,2560,1760,140,560,2565,430,950,520,270,390
5350528.31,55,9.7,2715,1805,295,500,2715,265,960,735,260,490
5350528.32,63.2,7.5,2070,1660,155,215,2070,395,750,500,130,300
5350528.33,63.8,8,3110,2345,220,430,3115,695,1040,615,290,475
5350528.34,67.7,8.7,3205,2315,235,565,3200,600,1275,635,265,435
5350528.35,67.9,5.8,1545,1160,145,220,1540,310,500,340,150,250
5350528.36,58.7,9.5,3700,2590,365,640,3700,510,1515,855,340,485
5350528.37,67.3,8.9,4195,3350,275,485,4195,510,1605,1030,415,640
5350528.39,69,7.1,3385,2675,205,430,3385,540,1140,770,300,640
5350528.4,66.5,8.2,3030,2465,180,320,3025,520,1190,685,225,415
5350528.41,62.2,7.8,3650,2645,300,635,3645,665,1375,825,320,460
5350528.42,61.2,9.6,2425,1765,180,395,2425,340,930,545,220,385
5350528.43,61,8.1,2245,1585,155,450,2240,330,815,510,180,410
5350528.44,66.8,8.8,1200,860,100,215,1195,215,440,320,100,125
5350528.45,61.8,7.7,2690,1850,195,490,2690,410,1000,585,285,405
5350528.46,62.7,10.4,3295,2395,250,555,3300,585,1270,690,350,410
5350528.47,62.6,9.9,2535,1905,175,405,2535,340,910,625,235,430
5350528.48,64.7,7.9,3735,2835,275,560,3740,535,1365,945,360,535
5350528.49,71.4,3.7,2420,1935,145,295,2420,325,835,650,215,390
5350529.01,57.9,8.7,1825,1165,145,435,1825,305,615,450,200,250
5350529.02,52.1,11.7,1835,1145,210,435,1835,325,625,430,155,310
5350530.01,56.3,10,2245,1355,155,660,2245,315,730,590,225,390
5350530.02,54.6,9.8,1345,825,105,315,1345,275,520,310,95,140
5350531.01,55.3,9.9,1790,1065,170,485,1795,240,645,410,230,265
5350531.02,53.3,11.7,2835,1890,305,545,2835,440,1120,605,305,370
5350532.01,52.4,10.1,1750,1295,125,300,1750,240,770,465,100,180
5350532.02,58.4,12.1,2155,1340,165,575,2150,415,760,515,205,260
5350540.01,65.3,6.2,2630,1765,95,540,2630,310,830,700,370,420
5350540.02,63.3,7,2750,1815,115,660,2755,395,920,660,395,385
5350550.01,68.2,6,2490,1875,180,355,2490,485,815,585,250,350
5350550.02,60.8,9.3,3480,2620,195,440,3480,630,1265,825,310,450
5350560,60.8,6.3,3020,2240,185,460,3020,645,980,725,275,400
5350561,63.6,8.8,3205,2200,275,595,3205,690,1025,790,330,365
5350562.02,64.2,4.5,3385,2565,280,430,3390,670,1130,845,270,480
5350562.03,64,8.9,2475,1815,165,420,2475,350,735,570,340,480
5350562.04,58.2,8.3,2065,1615,155,235,2065,340,705,495,235,295
5350562.05,54.7,7.7,2470,1745,205,415,2470,445,815,660,235,315
5350562.06,62.6,7,1540,1165,120,210,1545,280,490,400,150,215
5350562.07,61.7,9.3,2110,1570,200,245,2105,370,680,510,215,335
5350562.08,63.9,8.8,2040,1545,140,275,2040,370,750,455,215,255
5350562.09,59.3,8.7,1960,1430,180,280,1960,345,635,485,260,240
5350562.11,64.3,7.2,1550,1190,140,185,1550,265,475,435,185,185
5350562.12,55.2,11,2895,1755,160,640,2895,520,940,790,265,375
5350562.13,70,6.6,595,380,70,100,595,125,195,150,55,75
5350562.14,61.1,9.4,1865,1345,175,290,1865,380,590,390,195,315
5350562.15,60.3,9.1,1770,1405,170,140,1770,295,570,510,195,210
5350563.01,52.4,10.4,2605,1625,160,690,2605,410,985,610,290,310
5350563.02,57,8,1400,1010,100,245,1400,255,530,305,120,200
5350564.01,59.7,9.7,1130,835,95,170,1135,235,405,265,100,125
5350564.02,61.6,7.5,2265,1550,180,455,2270,450,700,545,275,305
5350570.01,60.3,9.9,1525,960,95,410,1530,245,530,330,175,245
5350570.02,60.9,4.9,1710,1425,85,150,1710,335,645,355,170,205
5350571.01,58,10,1745,1130,155,355,1745,360,520,430,145,300
5350571.02,62.1,6.8,2035,1560,195,205,2035,400,755,465,180,240
5350572.01,57.8,9,3125,2300,200,505,3125,590,1125,675,280,450
5350572.04,59.5,10.6,1490,1110,115,220,1495,225,505,335,175,250
5350572.05,57.9,10.6,2745,1745,200,660,2745,320,1055,625,270,475
5350572.07,61.9,7.7,2200,1660,135,385,2205,280,800,550,255,325
5350572.08,58.4,12.3,2555,1750,210,530,2555,285,925,645,330,370
5350572.09,65.6,8,2300,1740,155,365,2305,205,725,635,320,420
5350572.1,65.9,9,1900,1435,180,230,1900,195,655,560,200,290
5350573.03,63.6,8.6,3125,2335,260,445,3125,380,1020,800,410,515
5350573.05,59.2,7.6,2660,2050,205,335,2660,400,925,690,250,400
5350573.06,67,7.5,2390,1885,125,325,2390,280,745,645,255,460
5350573.07,60.4,10.1,2790,1980,170,555,2790,390,880,670,385,460
5350573.09,62.6,10.5,2840,2180,195,430,2840,220,930,810,335,545
5350573.1,64.7,10,1660,1310,115,205,1660,155,515,535,195,255
5350573.11,62.8,7.6,2320,1765,135,370,2320,255,785,645,290,360
5350574,57.3,5.7,3080,2225,145,515,3080,665,890,680,345,500
5350575.01,56.1,8.6,2625,1855,180,515,2625,355,755,685,310,520
5350575.02,58.2,7.8,2180,1440,175,440,2185,330,730,545,225,350
5350575.03,61.7,7.7,3205,2310,280,530,3210,520,1045,800,350,495
5350575.04,63.3,9,3045,2150,245,465,3045,550,1030,670,335,460
5350575.05,65.4,8.9,3505,2570,245,555,3510,415,1030,990,470,605
5350575.07,61.3,10.2,1825,1480,135,180,1825,320,630,480,175,215
5350575.08,65.5,8,2765,2190,185,330,2765,415,905,745,335,365
5350576.04,66.4,6.9,2285,1890,135,180,2285,280,775,555,260,405
5350576.05,60.9,9.9,3270,2465,245,460,3275,390,995,900,395,600
5350576.06,66.4,7.4,3775,2965,275,445,3775,470,1190,980,465,660
5350576.07,66.3,7.8,2435,1800,210,345,2435,285,680,710,270,490
5350576.09,65.5,6.9,1890,1515,145,145,1895,230,680,515,245,230
5350576.1,57.2,8.8,5230,4050,425,645,5225,645,1815,1430,650,685
5350576.16,63.3,8.5,3235,2440,305,435,3240,440,1090,855,345,510
5350576.17,61.6,9.5,3135,2455,245,370,3135,415,1065,860,340,455
5350576.2,62.5,8.8,3120,2265,280,485,3120,415,1005,780,485,435
5350576.22,60.1,9.5,3450,2645,280,425,3450,385,1110,995,420,540
5350576.24,61.3,5.8,4690,3940,385,290,4685,515,1630,1415,505,620
5350576.29,67.3,8.7,1985,1465,145,330,1985,190,525,650,250,370
5350576.31,68.1,5.2,2060,1770,90,155,2065,280,630,595,240,320
5350576.32,68.4,6.7,4805,3890,280,530,4805,535,1330,1440,680,820
5350576.33,67.5,4.9,1395,1200,60,125,1395,185,325,440,185,260
5350576.34,66,9.6,2965,2280,195,385,2965,345,710,885,450,575
5350576.4,63,8.5,3740,2880,280,470,3745,480,1245,1050,510,455
5350576.41,65.3,7,3855,2920,305,555,3860,275,870,1245,610,860
5350576.42,67.6,8.7,6230,4610,370,1085,6235,520,1665,1695,875,1470
5350576.43,64.8,8.6,3020,2385,200,375,3020,210,975,790,430,615
5350576.44,64.3,4.5,1305,1055,80,135,1300,140,380,395,150,235
5350576.45,62.7,8.2,1370,1070,70,215,1370,145,385,420,175,245
5350576.46,61.8,7.7,2475,1910,215,300,2480,285,745,800,325,325
5350576.47,62.3,6,1920,1585,165,145,1920,260,625,565,210,255
5350576.49,63.8,10,2755,2120,200,395,2755,220,690,855,420,570
5350576.5,65.1,8.5,3145,2360,235,505,3150,245,695,1005,410,790
5350576.52,66.9,9.8,2810,2180,230,350,2805,260,745,845,405,560
5350576.53,67.9,9.3,2095,1635,115,300,2100,195,480,580,300,530
5350576.54,62.9,10.6,2025,1655,90,255,2025,210,675,585,250,310
5350576.55,59.7,7.4,2915,2335,160,360,2915,260,1055,865,330,400
5350576.56,61,8.1,3590,2920,250,360,3585,330,1365,980,415,500
5350576.57,59.4,8.2,1575,1285,100,175,1580,215,570,335,200,260
5350576.58,64.1,6.6,3995,3135,250,545,3995,420,1420,1130,345,685
5350576.59,61.3,10.5,3040,2320,230,445,3045,265,1060,935,375,405
5350576.6,63.3,7.5,3720,2835,320,500,3720,395,1275,1075,425,550
5350576.61,63.7,7.6,4965,3840,435,550,4965,530,1530,1570,620,715
5350576.62,61.4,7.9,3350,2500,365,385,3350,455,1160,980,355,405
5350576.63,60.9,7.1,2820,2260,255,260,2825,285,1095,760,345,340
5350576.64,61.9,8.5,4010,3220,280,425,4010,420,1440,1250,365,535
5350576.65,62.1,10.9,1075,825,110,135,1075,100,365,340,100,170
5350576.66,61.2,8,2960,2310,255,355,2955,355,1085,845,275,400
5350576.67,60.6,8.2,3580,2855,275,410,3580,340,1375,910,425,530
5350576.68,59.5,7.8,2300,1835,175,240,2300,335,795,585,245,345
5350576.69,64.5,7.1,2755,2175,250,285,2755,300,915,860,295,380
5350576.7,68.6,8.2,9000,7040,575,1295,8995,630,2375,2630,1315,2040
5350576.71,63.5,8.3,10515,8440,645,1220,10515,945,3505,3050,1225,1795
5350576.72,66.1,6.1,4475,3495,275,595,4470,575,1575,1130,470,725
5350585.02,69.3,6.5,3080,2840,170,35,3080,465,585,945,615,470
5350585.03,66,6.5,2755,2435,185,50,2755,840,435,745,300,435
5350585.05,72.9,6.5,3985,3535,265,85,3985,925,575,1085,705,700
5350585.07,65.7,4.7,3470,3025,185,105,3470,355,780,905,750,675
5350585.08,69.7,4.4,1800,1595,120,40,1800,180,415,435,415,350
5350585.09,69.5,5.8,3035,2665,160,80,3035,775,395,855,555,455
5350585.1,68.7,6,2240,1945,185,60,2240,470,380,710,405,270
5350586.01,67.8,5.4,6290,5545,340,285,6290,600,2140,1965,790,805
5350586.02,66.9,4.6,1255,1085,80,45,1260,160,380,355,155,215
5350587.01,65.9,4.2,2960,2610,175,60,2960,410,650,750,615,535
5350587.02,67.3,5.3,2765,2410,130,85,2760,430,615,660,525,530
5350590,61.5,7.1,2340,1850,185,45,2340,975,380,385,250,355
5350591.01,75.9,4.3,2935,2580,195,35,2935,955,365,450,575,585
5350591.02,72.7,5.3,2800,2375,180,70,2800,970,355,405,485,585
5350592.01,62.8,7,3300,2630,235,75,3300,1285,425,540,530,520
5350592.02,72.5,6.6,3540,3105,170,40,3545,1275,435,505,605,720
5350593,66.8,4.6,4015,3650,255,30,4015,910,655,620,760,1075
5350600.01,57.2,8.5,2410,1595,115,605,2415,510,495,605,430,380
5350600.02,65.2,7.4,3385,2450,210,610,3385,665,895,855,455,515
5350601,60.1,5.4,1635,1125,75,330,1635,415,365,335,255,260
5350602,58.7,6.9,1860,1250,105,415,1855,465,440,365,280,305
5350603,60.8,6.9,2535,1460,165,545,2530,635,855,455,270,315
5350604,48.7,4.2,725,465,25,155,730,195,170,160,95,110
5350605,55.8,4.9,980,730,40,135,980,260,250,220,135,120
5350606,54.5,6.9,2175,1570,130,280,2175,625,590,455,205,290
5350607,60.5,5.4,1310,995,80,185,1310,265,360,240,210,240
5350608,65.5,5.8,1260,900,95,170,1260,325,400,230,170,135
5350609,59,5.1,1115,835,75,135,1120,355,205,225,170,170
5350610.02,66.5,7.2,4085,3130,165,600,4080,660,1190,740,585,905
5350610.03,48.1,7.8,1775,1290,85,230,1770,350,565,305,215,340
5350610.04,46.2,3.9,1045,705,40,225,1050,230,285,135,140,260
5350611,60.5,7.4,2300,1770,105,295,2300,645,625,330,260,440
5350612.01,x,x,x,x,x,x,x,x,x,x,x,x
5350612.03,63.3,7.1,2825,2060,140,495,2825,555,810,455,420,575
5350612.05,60.1,9.1,2605,1845,160,470,2605,660,635,505,375,430
5350612.08,62.8,7.3,2580,1860,155,440,2580,490,720,635,305,425
5350612.1,x,x,x,x,x,x,x,x,x,x,x,x
5350612.11,69.2,5.8,2905,2155,175,465,2905,535,805,530,335,685
5350612.12,71.9,5.6,3540,2665,215,515,3540,660,1090,790,365,640
5350612.13,59.5,6.7,1745,1265,95,310,1750,390,450,380,200,325
5350612.14,63.9,7.8,2015,1440,120,345,2010,435,525,360,275,410
5350612.15,69.5,5,3095,2300,160,585,3095,415,915,670,445,650
5350612.18,70.4,6.4,2125,1545,160,335,2125,405,500,450,335,440
5350612.19,70.7,7.3,2000,1485,140,325,2000,335,595,430,310,320
5350612.2,66.4,7.8,2050,1515,125,335,2045,410,485,400,300,450
5350612.21,71.3,7.1,3055,2240,145,525,3055,540,885,610,330,695
5350612.22,70.2,6.7,3160,2360,185,535,3155,425,900,625,480,725
5350612.23,69.7,7.2,2150,1640,110,335,2145,415,595,400,300,435
5350612.24,65.1,6.5,3295,2590,170,435,3290,555,990,760,385,610
5350612.25,64,6.9,2425,1830,120,370,2425,525,655,520,270,455
5350612.26,71.5,4.8,2065,1560,60,345,2060,320,700,450,220,375
5350612.27,67.3,7.1,2570,1845,160,465,2570,550,715,530,320,450
5350613.01,64.5,7.7,2070,1460,120,380,2070,505,570,410,275,310
5350613.03,59.8,7.9,1860,1350,95,290,1855,435,580,350,190,305
5350613.04,54.3,13.4,1905,1195,120,400,1905,455,590,355,235,270
5350614.01,66.4,5.7,1640,1205,105,245,1640,345,535,345,170,250
5350614.02,63.4,5.3,1960,1475,125,285,1960,475,555,370,230,340
5350615,69.5,7.2,2875,2165,120,460,2875,350,735,795,415,575
5350620.01,72.9,6,4630,3720,250,455,4630,985,965,1215,610,855
5350620.05,71.8,5.2,2230,1845,130,210,2235,320,570,600,345,395
5350620.06,72.5,7.1,3265,2680,155,330,3265,480,705,985,405,690
5350620.07,74.1,5,2390,1960,100,265,2390,325,545,705,305,515
5350620.08,73.9,6.6,3805,3145,185,380,3810,590,810,1125,490,800
5350620.09,72.2,5.8,2575,2115,155,255,2575,465,545,735,355,475
5350620.1,69.8,5.4,5430,4455,250,570,5435,805,875,1570,975,1210
5350620.11,73.9,5.6,5420,4580,270,450,5420,750,1115,1490,840,1220
5350620.12,70.1,6.7,7875,6565,375,770,7875,1050,1645,2160,1295,1715
5350620.13,61.5,3.4,1030,865,50,55,1025,245,380,170,105,125
5350621,66.9,3.7,2725,2285,175,130,2730,800,610,655,330,330
5350622,69.3,4.2,3200,2730,165,100,3200,1165,575,765,325,365
5350623,58.4,4.6,1630,1285,120,90,1635,630,290,380,125,210
5350624,68.9,4.2,2860,2290,215,135,2860,985,620,640,285,330
5350625,59.4,5.1,170,135,0,0,170,65,30,45,10,25
5350626,64.8,4.9,2660,2385,145,55,2665,335,730,680,545,370
5350630,61.5,5.8,1535,1330,115,50,1535,235,425,435,225,205
5350631.02,77.4,3.1,2710,2325,205,95,2710,530,695,700,440,350
5350631.03,76.4,5.5,2615,2225,165,135,2615,650,550,635,390,380
5350631.04,74.8,6.6,2770,2400,165,130,2770,655,540,795,405,380
5350632,63.6,4.9,2025,1715,140,70,2025,590,530,460,230,225
5350633,69.8,4.3,1825,1505,115,40,1825,475,395,465,275,215
5350634.01,72.4,6.4,2270,1985,120,75,2275,575,480,590,370,265
5350634.02,65.7,6.2,2000,1715,95,50,2000,645,390,485,235,245
5350635,65.4,5.4,3080,2535,245,125,3080,895,540,765,415,465
5350636,67.6,5.9,1535,1330,70,80,1535,465,280,315,240,235
5350637,66.8,5.3,3225,2770,225,135,3225,705,705,770,565,470
5350638,67.8,5.1,3050,2615,165,75,3050,595,960,510,505,480
5350639,73.4,3.8,2510,2100,190,60,2510,485,635,465,505,415
5350800.01,63.2,6.7,1590,1115,70,310,1595,295,325,365,310,305
5350800.02,59.2,9.4,2190,1595,155,325,2185,510,495,445,300,440
5350801.01,59.8,9.2,1625,1200,120,265,1620,285,400,380,215,340
5350801.02,64,8.9,2780,2095,180,420,2780,445,720,655,395,565
5350802.01,64.5,4.8,1840,1075,140,560,1840,205,360,445,375,450
5350802.02,61.9,6.1,2615,1725,135,685,2615,320,590,660,445,600
